Time (s),PT1w_cal (deg.C),PT1s_cal (deg.C)
0,22.241,22.271
5,22.274,22.271
10,22.308,22.338
15,22.274,22.305
20,22.274,22.305
26,22.308,22.271
31,22.274,22.305
36,22.308,22.305
41,22.308,22.305
46,22.308,22.305
51,22.274,22.305
56,22.308,22.305
61,22.308,22.305
66,22.308,22.305
71,22.308,22.305
76,22.308,22.305
81,22.274,22.305
86,22.308,22.305
91,22.308,22.305
96,22.308,22.305
101,22.342,22.305
106,22.308,22.305
111,22.308,22.271
116,22.308,22.305
121,22.274,22.338
127,22.308,22.271
132,22.308,22.305
137,22.308,22.305
142,22.308,22.305
147,22.342,22.305
152,22.342,22.305
157,22.342,22.271
162,22.342,22.271
167,22.342,22.305
172,22.342,22.305
177,22.376,22.271
182,22.376,22.271
187,22.409,22.305
192,22.376,22.305
197,22.443,22.305
202,22.443,22.305
207,22.477,22.305
212,22.443,22.305
217,22.477,22.305
222,22.477,22.338
228,22.511,22.271
233,22.544,22.305
238,22.578,22.305
243,22.578,22.338
248,22.578,22.305
253,22.578,22.271
258,22.612,22.338
263,22.612,22.305
268,22.612,22.305
273,22.645,22.271
278,22.679,22.305
283,22.679,22.305
288,22.713,22.305
293,22.747,22.305
298,22.747,22.305
303,22.78,22.305
308,22.814,22.305
313,22.814,22.305
318,22.848,22.305
323,22.848,22.305
329,22.848,22.305
334,22.882,22.305
339,22.915,22.305
344,22.949,22.305
349,22.949,22.305
354,22.983,22.305
359,23.017,22.338
364,23.017,22.305
369,23.05,22.338
374,23.084,22.305
379,23.118,22.305
384,23.118,22.305
389,23.152,22.338
394,23.152,22.305
399,23.185,22.338
404,23.219,22.338
409,23.219,22.338
414,23.253,22.305
419,23.253,22.338
425,23.287,22.338
430,23.354,22.338
435,23.354,22.338
440,23.354,22.305
445,23.388,22.305
450,23.388,22.305
455,23.422,22.338
460,23.422,22.338
465,23.455,22.338
470,23.489,22.372
475,23.523,22.372
480,23.557,22.338
485,23.557,22.338
490,23.59,22.372
495,23.59,22.372
500,23.624,22.372
505,23.658,22.372
510,23.692,22.372
515,23.692,22.372
520,23.759,22.372
526,23.759,22.372
531,23.759,22.406
536,23.793,22.372
541,23.827,22.372
546,23.86,22.372
551,23.86,22.406
556,23.894,22.372
561,23.894,22.406
566,23.962,22.406
571,23.962,22.406
576,23.962,22.372
581,23.996,22.372
586,24.029,22.406
591,24.029,22.406
596,24.097,22.406
601,24.097,22.44
606,24.097,22.44
611,24.131,22.44
616,24.164,22.44
622,24.164,22.44
627,24.198,22.473
632,24.232,22.473
637,24.266,22.473
642,24.266,22.473
647,24.299,22.473
652,24.299,22.473
657,24.299,22.473
662,24.333,22.507
667,24.401,22.507
672,24.401,22.507
677,24.401,22.507
682,24.434,22.507
687,24.468,22.507
692,24.468,22.507
697,24.502,22.507
702,24.502,22.541
707,24.502,22.541
712,24.502,22.541
718,24.536,22.541
723,24.536,22.541
728,24.536,22.541
733,24.502,22.574
738,24.502,22.541
743,24.536,22.574
748,24.536,22.574
753,24.536,22.608
758,24.536,22.608
763,24.536,22.608
768,24.536,22.574
773,24.502,22.608
778,24.536,22.642
783,24.536,22.608
788,24.536,22.642
793,24.536,22.642
798,24.536,22.642
803,24.502,22.642
809,24.536,22.642
814,24.502,22.642
819,24.536,22.675
824,24.502,22.675
829,24.468,22.675
834,24.468,22.709
839,24.502,22.709
844,24.502,22.709
849,24.536,22.709
854,24.502,22.709
859,24.502,22.709
864,24.502,22.743
869,24.502,22.743
874,24.468,22.743
879,24.468,22.777
884,24.468,22.777
889,24.468,22.777
894,24.468,22.777
899,24.468,22.777
905,24.468,22.81
910,24.434,22.81
915,24.434,22.777
920,24.434,22.81
925,24.434,22.81
930,24.468,22.81
935,24.468,22.81
940,24.434,22.844
945,24.434,22.844
950,24.434,22.844
955,24.434,22.844
960,24.434,22.844
965,24.434,22.844
970,24.401,22.844
975,24.401,22.911
980,24.434,22.878
985,24.401,22.911
990,24.401,22.911
995,24.401,22.911
1000,24.401,22.911
1006,24.401,22.911
1011,24.434,22.945
1016,24.401,22.945
1021,24.401,22.945
1026,24.401,22.945
1031,24.401,22.945
1036,24.401,22.945
1041,24.401,22.979
1046,24.401,22.945
1051,24.401,22.979
1056,24.367,22.945
1061,24.367,22.979
1066,24.401,22.979
1071,24.367,23.013
1076,24.333,23.013
1081,24.367,23.013
1086,24.367,23.013
1091,24.367,23.046
1096,24.367,23.013
1102,24.367,23.046
1107,24.333,23.046
1112,24.367,23.046
1117,24.333,23.08
1122,24.333,23.013
1127,24.367,23.046
1132,24.367,23.08
1137,24.333,23.08
1142,24.333,23.08
1147,24.333,23.08
1152,24.333,23.08
1157,24.333,23.08
1162,24.333,23.114
1167,24.299,23.114
1172,24.299,23.114
1177,24.333,23.114
1182,24.333,23.114
1187,24.299,23.114
1192,24.333,23.114
1198,24.299,23.114
1203,24.333,23.147
1208,24.299,23.147
1213,24.299,23.114
1218,24.299,23.147
1223,24.299,23.181
1228,24.299,23.147
1233,24.299,23.181
1238,24.299,23.147
1243,24.299,23.181
1248,24.266,23.181
1253,24.299,23.147
1258,24.266,23.181
1263,24.266,23.181
1268,24.266,23.215
1273,24.266,23.215
1278,24.266,23.181
1283,24.266,23.215
1288,24.266,23.215
1294,24.266,23.215
1299,24.266,23.215
1304,24.266,23.215
1309,24.266,23.249
1314,24.266,23.249
1319,24.232,23.249
1324,24.232,23.249
1329,24.266,23.249
1334,24.232,23.249
1339,24.232,23.249
1344,24.266,23.282
1349,24.232,23.249
1354,24.232,23.282
1359,24.232,23.282
1364,24.232,23.249
1369,24.232,23.282
1374,24.232,23.282
1379,24.232,23.316
1384,24.232,23.282
1390,24.232,23.282
1395,24.232,23.316
1400,24.232,23.316
1405,24.232,23.316
1410,24.232,23.316
1415,24.198,23.316
1420,24.198,23.316
1425,24.198,23.316
1430,24.232,23.35
1435,24.198,23.316
1440,24.198,23.35
1445,24.198,23.35
1450,24.198,23.35
1455,24.198,23.316
1460,24.198,23.316
1465,24.198,23.35
1470,24.164,23.35
1475,24.232,23.383
1480,24.232,23.35
1486,24.198,23.35
1491,24.198,23.383
1496,24.198,23.35
1501,24.198,23.383
1506,24.164,23.35
1511,24.198,23.35
1516,24.164,23.383
1521,24.164,23.383
1526,24.164,23.417
1531,24.164,23.383
1536,24.198,23.383
1541,24.164,23.383
1546,24.164,23.417
1551,24.164,23.417
1556,24.164,23.417
1561,24.164,23.417
1566,24.164,23.417
1571,24.164,23.417
1576,24.164,23.417
1582,24.164,23.417
1587,24.164,23.417
1592,24.164,23.451
1597,24.164,23.417
1602,24.164,23.451
1607,24.164,23.451
1612,24.164,23.451
1617,24.164,23.451
1622,24.164,23.417
1627,24.164,23.485
1632,24.164,23.451
1637,24.131,23.451
1642,24.164,23.451
1647,24.131,23.451
1652,24.164,23.451
1657,24.164,23.451
1662,24.164,23.485
1667,24.164,23.485
1672,24.131,23.485
1677,24.131,23.451
1683,24.164,23.485
1688,24.131,23.485
1693,24.131,23.485
1698,24.164,23.485
1703,24.131,23.485
1708,24.131,23.485
1713,24.131,23.485
1718,24.131,23.485
1723,24.131,23.518
1728,24.164,23.485
1733,24.164,23.518
1738,24.097,23.485
1743,24.131,23.485
1748,24.131,23.518
1753,24.131,23.518
1758,24.097,23.518
1763,24.131,23.518
1768,24.131,23.518
1773,24.131,23.518
1779,24.097,23.518
1784,24.097,23.518
1789,24.097,23.518
1794,24.097,23.552
1799,24.097,23.552
1804,24.097,23.518
1809,24.131,23.518
1814,24.097,23.518
1819,24.131,23.518
1824,24.097,23.518
1829,24.097,23.552
1834,24.063,23.518
1839,24.097,23.552
1844,24.097,23.552
1849,24.097,23.552
1854,24.097,23.552
1859,24.131,23.552
1864,24.063,23.552
1869,24.063,23.552
1875,24.097,23.552
1880,24.097,23.552
1885,24.097,23.586
1890,24.097,23.552
1895,24.097,23.586
1900,24.097,23.552
1905,24.063,23.586
1910,24.097,23.552
1915,24.063,23.552
1920,24.097,23.586
1925,24.097,23.586
1930,24.097,23.586
1935,24.063,23.619
1940,24.097,23.619
1945,24.097,23.586
1950,24.063,23.619
1955,24.097,23.552
1960,24.063,23.586
1966,24.097,23.619
1971,24.097,23.586
1976,24.097,23.619
1981,24.063,23.586
1986,24.097,23.619
1991,24.029,23.586
1996,24.097,23.619
2001,24.063,23.619
2006,24.063,23.619
2011,24.097,23.619
2016,24.063,23.619
2021,24.063,23.619
2026,24.063,23.619
2031,24.063,23.619
2036,24.063,23.619
2041,24.063,23.619
2046,24.063,23.619
2051,24.063,23.619
2056,24.029,23.619
2062,24.063,23.653
2067,24.063,23.619
2072,24.063,23.619
2077,24.063,23.619
2082,24.063,23.619
2087,24.029,23.619
2092,24.063,23.619
2097,24.063,23.653
2102,24.063,23.653
2107,24.063,23.619
2112,24.063,23.653
2117,24.063,23.653
2122,24.029,23.653
2127,24.063,23.653
2132,24.029,23.619
2137,24.063,23.653
2142,24.029,23.653
2147,24.063,23.653
2152,24.029,23.653
2158,24.029,23.653
2163,24.029,23.653
2168,24.029,23.653
2173,24.029,23.653
2178,24.029,23.653
2183,24.029,23.653
2188,24.029,23.653
2193,23.996,23.687
2198,24.063,23.653
2203,24.029,23.653
2208,24.063,23.653
2213,24.029,23.653
2218,24.029,23.653
2223,24.063,23.653
2228,24.029,23.687
2233,24.029,23.687
2238,24.029,23.687
2243,24.029,23.721
2248,24.029,23.687
2254,24.029,23.687
2259,24.029,23.687
2264,24.029,23.653
2269,24.029,23.653
2274,24.029,23.687
2279,24.063,23.687
2284,24.029,23.687
2289,24.029,23.721
2294,24.029,23.721
2299,24.029,23.687
2304,24.029,23.687
2309,24.029,23.687
2314,24.029,23.687
2319,24.029,23.687
2324,24.029,23.687
2329,24.029,23.687
2334,23.996,23.721
2339,23.996,23.687
2344,24.029,23.721
2349,23.996,23.721
2355,24.029,23.687
2360,23.996,23.687
2365,24.029,23.721
2370,23.996,23.687
2375,24.029,23.721
2380,24.029,23.687
2385,23.996,23.687
2390,23.996,23.721
2395,23.996,23.687
2400,23.996,23.721
2405,23.996,23.721
2410,24.029,23.721
2415,23.996,23.721
2420,23.996,23.721
2425,23.996,23.687
2430,23.996,23.721
2435,24.029,23.721
2440,23.996,23.721
2445,23.996,23.721
2451,24.029,23.721
2456,23.996,23.721
2461,24.029,23.754
2466,23.996,23.721
2471,23.996,23.754
2476,23.996,23.754
2481,24.029,23.721
2486,23.996,23.721
2491,23.996,23.721
2496,23.996,23.721
2501,23.996,23.721
2506,23.996,23.721
2511,23.996,23.721
2516,24.029,23.754
2521,23.996,23.721
2526,23.996,23.754
2531,23.996,23.754
2536,24.029,23.721
2541,23.996,23.754
2547,23.996,23.721
2552,23.996,23.754
2557,24.029,23.754
2562,24.029,23.754
2567,23.996,23.754
2572,23.996,23.754
2577,23.996,23.754
2582,23.996,23.754
2587,24.029,23.754
2592,23.996,23.754
2597,23.996,23.754
2602,23.996,23.721
2607,23.996,23.754
2612,23.996,23.754
2617,23.996,23.754
2622,23.996,23.754
2627,23.996,23.754
2632,23.962,23.754
2637,23.996,23.754
2643,23.996,23.788
2648,23.996,23.754
2653,23.996,23.754
2658,23.996,23.788
2663,23.996,23.754
2668,23.996,23.788
2673,23.996,23.754
2678,23.996,23.754
2683,23.996,23.754
2688,23.996,23.754
2693,23.996,23.788
2698,23.996,23.788
2703,23.962,23.788
2708,23.996,23.788
2713,23.996,23.754
2718,23.962,23.754
2723,23.996,23.788
2728,23.996,23.754
2733,23.996,23.754
2739,23.996,23.788
2744,23.996,23.754
2749,23.996,23.754
2754,23.996,23.788
2759,23.996,23.754
2764,23.996,23.754
2769,23.996,23.788
2774,23.996,23.788
2779,23.996,23.788
2784,23.962,23.788
2789,23.996,23.788
2794,23.962,23.788
2799,23.962,23.788
2804,23.962,23.788
2809,23.996,23.788
2814,23.962,23.822
2819,23.962,23.788
2824,23.996,23.788
2829,23.962,23.788
2835,23.996,23.754
2840,23.996,23.788
2845,23.996,23.788
2850,23.962,23.788
2855,23.962,23.788
2860,23.996,23.788
2865,23.962,23.754
2870,23.962,23.788
2875,23.962,23.822
2880,23.996,23.788
2885,23.996,23.788
2890,23.962,23.788
2895,23.996,23.788
2900,23.996,23.788
2905,23.996,23.754
2910,23.962,23.788
2915,23.996,23.788
2920,23.962,23.822
2925,23.962,23.822
2931,23.962,23.822
2936,23.962,23.788
2941,23.962,23.822
2946,23.962,23.788
2951,23.962,23.822
2956,23.996,23.788
2961,23.996,23.822
2966,23.962,23.788
2971,23.962,23.788
2976,23.962,23.788
2981,23.962,23.822
2986,23.962,23.788
2991,23.928,23.822
2996,23.962,23.822
3001,23.962,23.822
3006,23.962,23.822
3011,23.962,23.822
3016,23.962,23.822
3021,23.962,23.788
3027,23.962,23.822
3032,23.962,23.788
3037,23.962,23.822
3042,23.962,23.822
3047,23.962,23.822
3052,23.962,23.788
3057,23.962,23.788
3062,23.962,23.788
3067,23.962,23.822
3072,23.962,23.822
3077,23.962,23.822
3082,23.962,23.822
3087,23.962,23.788
3092,23.962,23.822
3097,23.996,23.822
3102,23.962,23.822
3107,23.962,23.822
3112,23.962,23.788
3117,23.962,23.822
3123,23.962,23.822
3128,23.996,23.822
3133,23.962,23.822
3138,23.962,23.822
3143,23.962,23.822
3148,23.962,23.822
3153,23.962,23.822
3158,23.928,23.788
3163,23.962,23.822
3168,23.962,23.822
3173,23.962,23.822
3178,23.962,23.822
3183,23.962,23.822
3188,23.962,23.822
3193,23.962,23.822
3198,23.962,23.855
3203,23.928,23.822
3208,23.962,23.788
3213,23.962,23.822
3219,23.996,23.822
3224,23.962,23.822
3229,23.962,23.822
3234,23.928,23.822
3239,23.962,23.822
3244,23.928,23.822
3249,23.962,23.822
3254,23.962,23.822
3259,23.996,23.822
3264,23.962,23.822
3269,23.996,23.822
3274,23.962,23.855
3279,23.928,23.822
3284,23.962,23.822
3289,23.962,23.855
3294,23.996,23.822
3299,23.962,23.822
3304,23.962,23.822
3309,23.962,23.855
3315,23.962,23.822
3320,23.962,23.855
3325,23.962,23.822
3330,23.962,23.822
3335,23.962,23.822
3340,23.962,23.822
3345,23.962,23.822
3350,23.962,23.855
3355,23.962,23.855
3360,23.962,23.855
3365,23.962,23.855
3370,23.928,23.822
3375,23.962,23.822
3380,23.962,23.855
3385,23.962,23.855
3390,23.962,23.855
3395,23.962,23.822
3400,23.962,23.855
3405,23.962,23.855
3411,23.996,23.855
3416,23.928,23.822
3421,23.962,23.855
3426,23.962,23.855
3431,23.962,23.855
3436,23.962,23.822
3441,23.928,23.855
3446,23.962,23.822
3451,23.928,23.855
3456,23.962,23.822
3461,23.962,23.855
3466,23.962,23.822
3471,23.962,23.855
3476,23.962,23.855
3481,23.928,23.822
3486,23.962,23.822
3491,23.962,23.855
3496,23.962,23.822
3501,23.962,23.822
3507,23.928,23.822
3512,23.962,23.855
3517,23.962,23.855
3522,23.928,23.855
3527,23.962,23.855
3532,23.928,23.855
3537,23.928,23.855
3542,23.928,23.855
3547,23.928,23.855
3552,23.962,23.855
3557,23.928,23.855
3562,23.962,23.855
3567,23.962,23.855
3572,23.928,23.855
3577,23.996,23.855
3582,23.928,23.855
3587,23.962,23.855
3592,23.962,23.855
3597,23.962,23.822
3603,23.928,23.855
3608,23.962,23.855
3613,23.928,23.855
3618,23.962,23.855
3623,23.928,23.855
3628,23.928,23.855
3633,23.962,23.822
3638,23.928,23.855
3643,23.962,23.855
3648,23.928,23.855
3653,23.962,23.855
3658,23.928,23.855
3663,23.962,23.855
3668,23.962,23.855
3673,23.962,23.889
3678,23.962,23.855
3683,23.962,23.855
3688,23.962,23.889
3693,23.928,23.855
3699,23.928,23.889
3704,23.962,23.822
3709,23.962,23.855
3714,23.962,23.855
3719,23.928,23.855
3724,23.962,23.889
3729,23.962,23.855
3734,23.928,23.889
3739,23.962,23.855
3744,23.928,23.855
3749,23.962,23.889
3754,23.962,23.855
3759,23.928,23.889
3764,23.962,23.855
3769,23.962,23.855
3774,23.928,23.889
3779,23.962,23.855
3784,23.962,23.889
3789,23.962,23.855
3795,23.962,23.855
3800,23.928,23.855
3805,23.962,23.889
3810,23.928,23.855
3815,23.962,23.855
3820,23.928,23.855
3825,23.928,23.855
3830,23.928,23.855
3835,23.928,23.855
3840,23.928,23.855
3845,23.928,23.855
3850,23.928,23.889
3855,23.928,23.855
3860,23.928,23.855
3865,23.928,23.855
3870,23.962,23.855
3875,23.962,23.889
3880,23.928,23.855
3885,23.928,23.855
3891,23.928,23.855
3896,23.962,23.855
3901,23.928,23.855
3906,23.962,23.889
3911,23.962,23.889
3916,23.928,23.822
3921,23.962,23.855
3926,23.928,23.889
3931,23.962,23.855
3936,23.928,23.855
3941,23.928,23.855
3946,23.962,23.889
3951,23.962,23.889
3956,23.962,23.889
3961,23.962,23.889
3966,23.928,23.889
3971,23.928,23.889
3976,23.962,23.889
3981,23.928,23.855
3987,23.962,23.855
3992,23.962,23.855
3997,23.962,23.855
4002,23.962,23.855
4007,23.928,23.889
4012,23.962,23.889
4017,23.928,23.889
4022,23.928,23.855
4027,23.962,23.889
4032,23.962,23.855
4037,23.928,23.889
4042,23.962,23.855
4047,23.928,23.855
4052,23.962,23.889
4057,23.962,23.889
4062,23.928,23.889
4067,23.962,23.855
4072,23.962,23.855
4077,23.962,23.855
4082,23.962,23.889
4088,23.962,23.855
4093,23.962,23.889
4098,23.928,23.889
4103,23.962,23.855
4108,23.928,23.855
4113,23.962,23.855
4118,23.928,23.889
4123,23.962,23.889
4128,23.962,23.889
4133,23.962,23.855
4138,23.928,23.855
4143,23.928,23.889
4148,23.928,23.855
4153,23.962,23.855
4158,23.962,23.889
4163,23.962,23.889
4168,23.928,23.889
4173,23.962,23.889
4178,23.928,23.855
4184,23.928,23.855
4189,23.928,23.889
4194,23.962,23.855
4199,23.928,23.855
4204,23.962,23.889
4209,23.928,23.855
4214,23.962,23.923
4219,23.928,23.855
4224,23.962,23.855
4229,23.962,23.889
4234,23.928,23.889
4239,23.928,23.855
4244,23.962,23.889
4249,23.962,23.889
4254,23.928,23.855
4259,23.928,23.855
4264,23.928,23.889
4269,23.928,23.889
4274,23.962,23.855
4280,23.928,23.889
4285,23.962,23.889
4290,23.962,23.889
4295,23.928,23.855
4300,23.962,23.855
4305,23.962,23.889
4310,23.928,23.855
4315,23.962,23.855
4320,23.962,23.889
4325,23.962,23.855
4330,23.928,23.889
4335,23.996,23.889
4340,23.962,23.855
4345,23.928,23.855
4350,23.928,23.889
4355,23.962,23.889
4360,23.962,23.889
4365,23.962,23.889
4371,23.928,23.923
4376,23.928,23.855
4381,23.962,23.855
4386,23.962,23.889
4391,23.928,23.889
4396,23.928,23.889
4401,23.962,23.889
4406,23.928,23.855
4411,23.962,23.889
4416,23.962,23.889
4421,23.928,23.889
4426,23.962,23.889
4431,23.928,23.889
4436,23.962,23.889
4441,23.962,23.889
4446,23.962,23.889
4451,23.928,23.889
4456,23.962,23.889
4461,23.928,23.889
4467,23.928,23.889
4472,23.928,23.855
4477,23.928,23.889
4482,23.928,23.855
4487,23.962,23.889
4492,23.962,23.889
4497,23.962,23.855
4502,23.962,23.923
4507,23.962,23.889
4512,23.962,23.889
4517,23.928,23.889
4522,23.928,23.889
4527,23.962,23.889
4532,23.962,23.889
4537,23.962,23.855
4542,23.928,23.889
4547,23.962,23.855
4552,23.962,23.889
4557,23.996,23.889
4563,23.928,23.889
4568,23.962,23.889
4573,23.928,23.889
4578,23.928,23.889
4583,23.962,23.889
4588,23.928,23.889
4593,23.962,23.889
4598,23.928,23.855
4603,23.928,23.889
4608,23.962,23.889
4613,23.928,23.889
4618,23.962,23.923
4623,23.962,23.889
4628,23.962,23.889
4633,23.962,23.889
4638,23.928,23.855
4643,23.962,23.889
4648,23.928,23.889
4653,23.962,23.889
4659,23.962,23.889
4664,23.996,23.889
4669,23.962,23.923
4674,23.962,23.889
4679,23.928,23.889
4684,23.928,23.889
4689,23.962,23.889
4694,23.962,23.889
4699,23.962,23.889
4704,23.928,23.889
4709,23.962,23.889
4714,23.962,23.889
4719,23.962,23.889
4724,23.928,23.889
4729,23.928,23.889
4734,23.962,23.889
4739,23.928,23.923
4744,23.962,23.889
4749,23.962,23.889
4755,23.928,23.889
4760,23.962,23.889
4765,23.962,23.889
4770,23.962,23.889
4775,23.962,23.889
4780,23.928,23.855
4785,23.928,23.855
4790,23.928,23.889
4795,23.928,23.889
4800,23.928,23.889
4805,23.962,23.889
4810,23.962,23.889
4815,23.962,23.889
4820,23.928,23.889
4825,23.928,23.923
4830,23.962,23.889
4835,23.928,23.889
4840,23.962,23.855
4845,23.962,23.889
4851,23.962,23.889
4856,23.962,23.923
4861,23.962,23.923
4866,23.928,23.889
4871,23.962,23.889
4876,23.962,23.889
4881,23.962,23.889
4886,23.962,23.889
4891,23.962,23.889
4896,23.962,23.889
4901,23.962,23.889
4906,23.962,23.889
4911,23.928,23.889
4916,23.962,23.855
4921,23.962,23.889
4926,23.928,23.889
4931,23.962,23.889
4936,23.962,23.889
4941,23.962,23.889
4947,23.962,23.889
4952,23.928,23.889
4957,23.962,23.855
4962,23.962,23.889
4967,23.928,23.889
4972,23.962,23.889
4977,23.996,23.889
4982,23.962,23.855
4987,23.928,23.889
4992,23.962,23.889
4997,23.928,23.889
5002,23.928,23.889
5007,23.928,23.889
5012,23.962,23.889
5017,23.962,23.889
5022,23.962,23.889
5027,23.928,23.889
5032,23.928,23.923
5037,23.962,23.889
5043,23.962,23.889
5048,23.962,23.889
5053,23.962,23.923
5058,23.928,23.923
5063,23.928,23.889
5068,23.962,23.889
5073,23.962,23.889
5078,23.962,23.923
5083,23.928,23.889
5088,23.962,23.889
5093,23.928,23.923
5098,23.962,23.923
5103,23.962,23.889
5108,23.928,23.923
5113,23.962,23.923
5118,23.962,23.889
5123,23.928,23.923
5128,23.928,23.889
5133,23.928,23.889
5139,23.928,23.889
5144,23.962,23.923
5149,23.962,23.923
5154,23.962,23.923
5159,23.962,23.889
5164,23.962,23.923
5169,23.928,23.889
5174,23.962,23.889
5179,23.962,23.889
5184,23.928,23.923
5189,23.962,23.923
5194,23.962,23.889
5199,23.928,23.889
5204,23.962,23.889
5209,23.928,23.889
5214,23.928,23.923
5219,23.962,23.889
5224,23.962,23.923
5229,23.962,23.889
5235,23.928,23.889
5240,23.962,23.889
5245,23.962,23.923
5250,23.928,23.923
5255,23.962,23.923
5260,23.928,23.889
5265,23.928,23.923
5270,23.996,23.923
5275,23.962,23.923
5280,23.962,23.889
5285,23.962,23.923
5290,23.996,23.889
5295,23.962,23.923
5300,23.962,23.889
5305,23.962,23.923
5310,23.962,23.889
5315,23.962,23.889
5320,23.962,23.923
5325,23.928,23.889
5331,23.962,23.889
5336,23.962,23.889
5341,23.928,23.923
5346,23.962,23.923
5351,23.962,23.889
5356,23.962,23.889
5361,23.962,23.889
5366,23.962,23.889
5371,23.962,23.889
5376,23.962,23.889
5381,23.962,23.923
5386,23.962,23.923
5391,23.962,23.889
5396,23.928,23.889
5401,23.962,23.889
5406,23.996,23.889
5411,23.928,23.889
5416,23.962,23.889
5421,23.962,23.889
5427,23.962,23.889
5432,23.962,23.923
5437,23.962,23.889
5442,23.962,23.923
5447,23.928,23.889
5452,23.962,23.889
5457,23.962,23.923
5462,23.928,23.889
5467,23.962,23.889
5472,23.928,23.889
5477,23.928,23.923
5482,23.962,23.923
5487,23.928,23.889
5492,23.962,23.923
5497,23.962,23.923
5502,23.962,23.923
5507,23.962,23.923
5512,23.962,23.889
5517,23.962,23.889
5523,23.928,23.923
5528,23.962,23.889
5533,23.928,23.889
5538,23.962,23.923
5543,23.962,23.889
5548,23.928,23.923
5553,23.996,23.889
5558,23.928,23.923
5563,23.962,23.923
5568,23.928,23.923
5573,23.962,23.889
5578,23.962,23.889
5583,23.962,23.923
5588,23.962,23.889
5593,23.962,23.923
5598,23.928,23.923
5603,23.962,23.889
5608,23.962,23.889
5613,23.962,23.889
5619,23.928,23.957
5624,23.962,23.889
5629,23.928,23.889
5634,23.962,23.923
5639,23.928,23.923
5644,23.962,23.889
5649,23.962,23.923
5654,23.928,23.889
5659,23.962,23.889
5664,23.928,23.923
5669,23.962,23.889
5674,23.962,23.923
5679,23.962,23.923
5684,23.962,23.923
5689,23.928,23.923
5694,23.928,23.923
5699,23.962,23.889
5704,23.962,23.889
5709,23.962,23.923
5715,23.962,23.923
5720,23.962,23.923
5725,23.962,23.923
5730,23.928,23.923
5735,23.962,23.889
5740,23.962,23.889
5745,23.928,23.923
5750,23.962,23.889
5755,23.962,23.923
5760,23.962,23.923
5765,23.962,23.889
5770,23.962,23.889
5775,23.962,23.923
5780,23.962,23.889
5785,23.962,23.889
5790,23.996,23.923
5795,23.996,23.889
5800,23.962,23.923
5805,23.962,23.889
5811,23.928,23.889
5816,23.928,23.889
5821,23.928,23.923
5826,23.962,23.923
5831,23.996,23.923
5836,23.962,23.923
5841,23.962,23.923
5846,23.962,23.923
5851,23.962,23.923
5856,23.962,23.923
5861,23.962,23.923
5866,23.962,23.923
5871,23.962,23.923
5876,23.928,23.923
5881,23.962,23.889
5886,23.962,23.923
5891,23.962,23.889
5896,23.962,23.923
5901,23.962,23.923
5907,23.962,23.923
5912,23.962,23.923
5917,23.962,23.923
5922,23.962,23.923
5927,23.928,23.889
5932,23.962,23.889
5937,23.962,23.889
5942,23.996,23.923
5947,23.962,23.923
5952,23.962,23.889
5957,23.928,23.923
5962,23.962,23.923
5967,23.962,23.923
5972,23.962,23.889
5977,23.962,23.923
5982,23.962,23.923
5987,23.962,23.889
5992,23.928,23.923
5997,23.928,23.923
6003,23.962,23.923
6008,23.928,23.923
6013,23.996,23.923
6018,23.962,23.957
6023,23.962,23.889
6028,23.962,23.889
6033,23.962,23.889
6038,23.962,23.923
6043,23.962,23.889
6048,23.962,23.889
6053,23.928,23.889
6058,23.996,23.923
6063,23.928,23.923
6068,23.928,23.923
6073,23.962,23.923
6078,23.962,23.923
6083,23.962,23.923
6088,23.962,23.923
6093,23.996,23.923
6099,23.962,23.923
6104,23.962,23.889
6109,23.928,23.923
6114,23.962,23.889
6119,23.962,23.923
6124,23.962,23.923
6129,23.962,23.923
6134,23.962,23.923
6139,23.996,23.923
6144,23.996,23.923
6149,23.928,23.889
6154,23.962,23.923
6159,23.962,23.957
6164,23.928,23.889
6169,23.962,23.923
6174,23.962,23.923
6179,23.962,23.923
6184,23.962,23.923
6189,23.962,23.923
6195,23.962,23.923
6200,23.962,23.923
6205,23.996,23.923
6210,23.962,23.923
6215,23.962,23.923
6220,23.962,23.923
6225,23.962,23.889
6230,23.962,23.923
6235,23.928,23.923
6240,23.962,23.957
6245,23.962,23.923
6250,23.962,23.889
6255,23.962,23.923
6260,23.962,23.889
6265,23.962,23.923
6270,23.962,23.923
6275,23.962,23.923
6280,23.962,23.923
6285,23.962,23.923
6291,23.962,23.889
6296,23.962,23.923
6301,23.962,23.923
6306,23.962,23.923
6311,23.962,23.923
6316,23.962,23.923
6321,23.962,23.889
6326,23.962,23.923
6331,23.928,23.889
6336,23.962,23.923
6341,23.962,23.923
6346,23.962,23.923
6351,23.962,23.923
6356,23.962,23.889
6361,23.962,23.889
6366,23.962,23.923
6371,23.962,23.889
6376,23.928,23.923
6381,23.962,23.923
6387,23.962,23.923
6392,23.962,23.923
6397,23.962,23.923
6402,23.962,23.889
6407,23.962,23.923
6412,23.928,23.923
6417,23.928,23.923
6422,23.962,23.889
6427,23.962,23.957
6432,23.962,23.923
6437,23.996,23.923
6442,23.962,23.923
6447,23.962,23.923
6452,23.962,23.923
6457,23.996,23.923
6462,23.962,23.923
6467,23.962,23.923
6472,23.962,23.889
6477,23.928,23.889
6483,23.962,23.889
6488,23.996,23.889
6493,23.962,23.923
6498,23.962,23.923
6503,23.962,23.923
6508,23.996,23.957
6513,23.962,23.923
6518,23.962,23.889
6523,23.962,23.923
6528,23.962,23.923
6533,23.962,23.923
6538,23.962,23.923
6543,23.962,23.889
6548,23.962,23.923
6553,23.962,23.923
6558,23.962,23.923
6563,23.962,23.923
6568,23.996,23.889
6573,23.962,23.923
6579,23.962,23.923
6584,23.928,23.923
6589,23.962,23.923
6594,23.962,23.889
6599,23.928,23.923
6604,23.962,23.889
6609,23.962,23.923
6614,23.962,23.923
6619,23.928,23.923
6624,23.928,23.923
6629,23.928,23.923
6634,23.962,23.923
6639,23.962,23.923
6644,23.996,23.923
6649,23.962,23.889
6654,23.962,23.923
6659,23.962,23.923
6664,23.962,23.923
6669,23.996,23.923
6675,23.962,23.923
6680,23.962,23.923
6685,23.962,23.923
6690,23.962,23.923
6695,23.962,23.923
6700,23.962,23.923
6705,23.962,23.923
6710,23.996,23.923
6715,23.996,23.923
6720,23.962,23.923
6725,23.962,23.923
6730,23.928,23.957
6735,23.996,23.889
6740,23.962,23.923
6745,23.962,23.923
6750,23.962,23.923
6755,23.962,23.957
6760,23.962,23.923
6766,23.962,23.889
6771,23.928,23.889
6776,23.962,23.923
6781,23.962,23.923
6786,23.962,23.923
6791,23.962,23.923
6796,23.962,23.923
6801,23.996,23.889
6806,23.962,23.923
6811,23.962,23.923
6816,23.962,23.923
6821,23.962,23.889
6826,23.962,23.923
6831,23.962,23.923
6836,23.996,23.923
6841,23.928,23.923
6846,23.928,23.923
6851,23.962,23.889
6856,23.962,23.957
6862,23.962,23.957
6867,23.962,23.923
6872,23.996,23.923
6877,23.996,23.923
6882,23.962,23.923
6887,23.962,23.923
6892,23.962,23.889
6897,23.996,23.889
6902,23.962,23.923
6907,23.962,23.889
6912,23.996,23.957
6917,23.996,23.889
6922,23.996,23.923
6927,23.962,23.923
6932,23.962,23.923
6937,23.962,23.923
6942,23.962,23.923
6947,23.996,23.923
6952,23.962,23.923
6958,23.962,23.889
6963,23.962,23.923
6968,23.996,23.923
6973,23.996,23.923
6978,23.962,23.923
6983,23.962,23.923
6988,23.962,23.923
6993,23.962,23.923
6998,23.962,23.957
7003,23.962,23.923
7008,23.962,23.923
7013,23.928,23.923
7018,23.962,23.923
7023,23.996,23.923
7028,23.962,23.889
7033,23.962,23.923
7038,23.962,23.923
7043,23.962,23.923
7048,23.962,23.923
7054,23.962,23.923
7059,23.962,23.923
7064,23.962,23.957
7069,23.996,23.923
7074,23.962,23.923
7079,23.962,23.923
7084,23.962,23.923
7089,23.996,23.923
7094,23.962,23.923
7099,23.962,23.923
7104,23.962,23.889
7109,23.962,23.923
7114,23.996,23.957
7119,23.996,23.923
7124,23.962,23.923
7129,23.962,23.923
7134,23.962,23.889
7139,23.996,23.923
7144,23.962,23.923
7150,23.962,23.923
7155,23.962,23.923
7160,23.962,23.923
7165,23.996,23.957
7170,23.996,23.923
7175,23.962,23.923
7180,23.962,23.923
7185,23.962,23.923
7190,23.996,23.923
7195,23.962,23.923
7200,23.962,23.923
7205,23.962,23.923
7210,23.962,23.923
7215,23.962,23.923
7220,23.962,23.923
7225,23.996,23.923
7230,23.962,23.923
7235,23.962,23.923
7240,23.962,23.923
7246,23.996,23.923
7251,23.962,23.923
7256,23.962,23.923
7261,23.962,23.923
7266,23.962,23.923
7271,23.962,23.923
7276,23.962,23.923
7281,23.962,23.923
7286,23.962,23.923
7291,23.996,23.923
7296,23.996,23.923
7301,23.962,23.889
7306,23.962,23.923
7311,23.962,23.923
7316,23.962,23.923
7321,23.928,23.923
7326,23.962,23.957
7331,23.962,23.923
7336,23.962,23.923
7342,23.996,23.923
7347,23.962,23.923
7352,23.962,23.923
7357,23.962,23.957
7362,23.996,23.923
7367,23.962,23.923
7372,23.996,23.923
7377,23.996,23.923
7382,23.962,23.923
7387,23.996,23.923
7392,23.996,23.923
7397,23.962,23.923
7402,23.962,23.923
7407,23.996,23.923
7412,23.996,23.923
7417,23.962,23.923
7422,23.962,23.923
7427,23.996,23.923
7432,23.962,23.923
7438,23.962,23.923
7443,23.996,23.923
7448,23.962,23.923
7453,23.962,23.923
7458,23.962,23.923
7463,23.962,23.957
7468,23.962,23.923
7473,23.996,23.923
7478,23.962,23.957
7483,23.996,23.923
7488,23.962,23.923
7493,23.962,23.923
7498,23.962,23.923
7503,23.996,23.923
7508,23.996,23.923
7513,23.996,23.957
7518,23.962,23.923
7523,23.996,23.923
7528,23.962,23.923
7534,23.962,23.923
7539,23.996,23.957
7544,23.962,23.923
7549,23.962,23.923
7554,23.996,23.923
7559,23.962,23.889
7564,23.962,23.923
7569,23.962,23.923
7574,23.996,23.923
7579,23.928,23.923
7584,23.962,23.923
7589,23.996,23.923
7594,23.962,23.923
7599,23.996,23.923
7604,23.962,23.923
7609,23.996,23.923
7614,23.962,23.923
7619,23.962,23.957
7624,23.996,23.957
7630,23.996,23.923
7635,23.962,23.923
7640,23.962,23.923
7645,23.962,23.923
7650,23.996,23.923
7655,23.962,23.923
7660,23.962,23.923
7665,23.928,23.923
7670,23.962,23.923
7675,23.996,23.923
7680,23.962,23.923
7685,23.996,23.923
7690,23.962,23.957
7695,23.962,23.923
7700,23.962,23.923
7705,23.996,23.923
7710,23.996,23.923
7715,23.996,23.923
7720,23.996,23.923
7726,23.962,23.923
7731,23.996,23.957
7736,23.962,23.923
7741,23.996,23.923
7746,23.996,23.923
7751,23.962,23.923
7756,23.962,23.923
7761,23.962,23.923
7766,23.962,23.923
7771,23.962,23.923
7776,23.962,23.957
7781,23.962,23.923
7786,23.962,23.923
7791,23.962,23.923
7796,23.996,23.957
7801,23.962,23.923
7806,23.962,23.923
7811,23.996,23.923
7816,23.962,23.923
7822,23.996,23.957
7827,23.962,23.957
7832,23.962,23.923
7837,23.996,23.957
7842,23.962,23.923
7847,23.962,23.957
7852,23.962,23.923
7857,23.962,23.957
7862,23.996,23.923
7867,23.996,23.923
7872,23.996,23.923
7877,23.962,23.923
7882,23.996,23.923
7887,23.962,23.923
7892,23.962,23.923
7897,23.962,23.923
7902,23.996,23.923
7907,23.962,23.957
7913,23.962,23.923
7918,23.996,23.923
7923,23.996,23.957
7928,23.996,23.923
7933,23.962,23.923
7938,23.962,23.923
7943,23.996,23.923
7948,23.996,23.923
7953,23.962,23.923
7958,23.962,23.957
7963,23.996,23.957
7968,23.962,23.923
7973,23.996,23.923
7978,23.962,23.923
7983,23.996,23.923
7988,23.962,23.923
7993,23.962,23.923
7998,23.962,23.923
8003,23.996,23.923
8009,23.962,23.957
8014,23.962,23.889
8019,23.996,23.923
8024,23.996,23.889
8029,23.928,23.923
8034,23.962,23.923
8039,23.962,23.957
8044,23.962,23.923
8049,23.962,23.923
8054,23.962,23.923
8059,23.962,23.923
8064,23.962,23.923
8069,23.962,23.923
8074,23.962,23.923
8079,23.962,23.923
8084,23.962,23.923
8089,23.962,23.923
8094,23.962,23.957
8099,23.996,23.923
8105,23.962,23.957
8110,23.962,23.923
8115,23.962,23.923
8120,23.996,23.957
8125,23.962,23.923
8130,23.962,23.923
8135,23.962,23.923
8140,23.962,23.923
8145,23.996,23.923
8150,23.962,23.923
8155,23.962,23.957
8160,23.996,23.923
8165,23.962,23.957
8170,23.996,23.923
8175,23.962,23.99
8180,23.996,23.923
8185,23.962,23.923
8190,23.996,23.923
8195,23.996,23.923
8201,23.962,23.923
8206,23.962,23.923
8211,23.962,23.923
8216,23.996,23.923
8221,23.962,23.957
8226,23.962,23.923
8231,23.996,23.923
8236,23.996,23.923
8241,23.962,23.923
8246,23.962,23.923
8251,23.996,23.923
8256,23.962,23.957
8261,23.962,23.923
8266,23.996,23.923
8271,23.996,23.923
8276,23.962,23.923
8281,23.996,23.957
8286,23.996,23.923
8291,23.996,23.923
8297,23.996,23.923
8302,23.962,23.923
8307,23.962,23.923
8312,23.996,23.923
8317,23.996,23.923
8322,23.996,23.957
8327,23.996,23.957
8332,23.996,23.923
8337,23.962,23.923
8342,23.962,23.923
8347,23.962,23.923
8352,23.962,23.923
8357,23.962,23.923
8362,23.996,23.923
8367,23.996,23.957
8372,23.996,23.957
8377,23.962,23.923
8382,23.928,23.923
8387,23.996,23.923
8393,23.996,23.923
8398,23.962,23.957
8403,23.962,23.957
8408,23.996,23.923
8413,23.962,23.923
8418,23.962,23.923
8423,23.996,23.923
8428,23.962,23.923
8433,23.962,23.923
8438,23.996,23.923
8443,23.962,23.957
8448,23.928,23.923
8453,23.962,23.957
8458,23.962,23.923
8463,23.962,23.957
8468,23.996,23.923
8473,23.962,23.923
8478,23.962,23.923
8483,23.996,23.923
8489,23.996,23.923
8494,23.996,23.957
8499,23.996,23.923
8504,23.962,23.923
8509,23.996,23.923
8514,23.962,23.923
8519,23.962,23.923
8524,23.962,23.923
8529,23.962,23.957
8534,23.996,23.923
8539,23.962,23.957
8544,23.962,23.923
8549,23.996,23.923
8554,23.962,23.923
8559,23.996,23.923
8564,23.996,23.923
8569,23.962,23.923
8574,23.996,23.923
8579,23.962,23.957
8585,23.996,23.923
8590,23.962,23.923
8595,23.962,23.923
8600,23.962,23.923
8605,23.962,23.923
8610,23.996,23.923
8615,23.962,23.923
8620,23.996,23.889
8625,23.962,23.957
8630,23.962,23.923
8635,23.962,23.923
8640,23.962,23.957
8645,23.996,23.923
8650,23.962,23.923
8655,23.962,23.957
8660,23.962,23.923
8665,23.962,23.923
8670,23.996,23.923
8675,23.996,23.957
8681,23.962,23.957
8686,23.962,23.923
8691,23.962,23.923
8696,23.962,23.923
8701,23.996,23.957
8706,23.996,23.923
8711,23.996,23.923
8716,23.996,23.923
8721,23.996,23.957
8726,23.962,23.923
8731,23.996,23.923
8736,23.962,23.957
8741,23.996,23.923
8746,23.962,23.923
8751,23.962,23.923
8756,23.996,23.957
8761,23.962,23.923
8766,23.996,23.923
8771,23.996,23.923
8777,23.962,23.957
8782,23.996,23.957
8787,23.996,23.957
8792,23.962,23.957
8797,23.996,23.957
8802,23.962,23.923
8807,23.962,23.957
8812,23.962,23.923
8817,23.996,23.923
8822,23.996,23.923
8827,23.996,23.923
8832,23.962,23.923
8837,23.996,23.923
8842,23.962,23.923
8847,23.996,23.923
8852,23.962,23.923
8857,23.962,23.957
8862,23.962,23.923
8867,23.962,23.957
8873,23.996,23.923
8878,23.996,23.957
8883,23.962,23.923
8888,23.962,23.923
8893,23.996,23.923
8898,23.962,23.923
8903,23.962,23.923
8908,23.962,23.923
8913,24.029,23.957
8918,23.962,23.923
8923,23.962,23.923
8928,23.962,23.923
8933,23.996,23.923
8938,23.962,23.957
8943,23.996,23.923
8948,23.962,23.923
8953,23.962,23.923
8958,23.962,23.957
8963,23.928,23.957
8969,23.996,23.923
8974,23.962,23.923
8979,23.962,23.923
8984,23.962,23.923
8989,23.962,23.923
8994,23.962,23.923
8999,23.962,23.957
9004,23.996,23.923
9009,23.962,23.923
9014,23.962,23.957
9019,23.962,23.957
9024,23.996,23.957
9029,23.962,23.923
9034,23.962,23.957
9039,23.962,23.957
9044,23.996,23.957
9049,23.962,23.923
9054,23.996,23.923
9059,23.996,23.923
9065,23.962,23.923
9070,23.996,23.923
9075,23.962,23.923
9080,23.996,23.923
9085,23.996,23.923
9090,23.996,23.923
9095,23.962,23.923
9100,23.996,23.957
9105,23.962,23.957
9110,23.996,23.923
9115,23.962,23.957
9120,23.996,23.923
9125,23.996,23.923
9130,23.962,23.957
9135,23.996,23.923
9140,23.962,23.923
9145,23.996,23.923
9150,23.962,23.923
9156,23.962,23.923
9161,23.996,23.923
9166,23.962,23.923
9171,23.996,23.957
9176,23.962,23.923
9181,23.962,23.923
9186,23.996,23.923
9191,23.962,23.957
9196,23.996,23.957
9201,23.962,23.923
9206,23.962,23.957
9211,23.996,23.923
9216,23.962,23.923
9221,23.962,23.889
9226,23.962,23.923
9231,23.996,23.923
9236,23.962,23.923
9241,23.996,23.957
9246,23.962,23.957
9252,23.962,23.957
9257,23.996,23.957
9262,23.962,23.923
9267,23.962,23.957
9272,23.962,23.957
9277,23.962,23.957
9282,23.962,23.957
9287,23.962,23.923
9292,23.962,23.957
9297,23.962,23.957
9302,23.996,23.923
9307,23.962,23.923
9312,23.996,23.923
9317,23.962,23.923
9322,23.962,23.957
9327,23.962,23.923
9332,23.962,23.957
9337,23.996,23.923
9342,23.996,23.923
9348,23.962,23.957
9353,23.996,23.923
9358,23.996,23.923
9363,23.962,23.957
9368,23.962,23.923
9373,23.996,23.923
9378,23.996,23.923
9383,23.996,23.923
9388,23.962,23.923
9393,23.962,23.923
9398,23.996,23.957
9403,23.962,23.957
9408,23.962,23.923
9413,23.962,23.957
9418,23.962,23.923
9423,23.962,23.957
9428,23.962,23.923
9433,23.962,23.923
9438,23.962,23.923
9444,23.996,23.923
9449,23.962,23.957
9454,23.996,23.889
9459,23.996,23.923
9464,23.996,23.923
9469,23.962,23.957
9474,23.962,23.957
9479,23.996,23.957
9484,23.962,23.923
9489,23.996,23.957
9494,23.962,23.957
9499,23.962,23.957
9504,23.996,23.923
9509,23.962,23.957
9514,23.962,23.923
9519,23.996,23.923
9524,23.962,23.957
9529,23.996,23.957
9534,23.996,23.957
9540,23.996,23.923
9545,23.996,23.923
9550,23.962,23.957
9555,23.962,23.923
9560,23.996,23.923
9565,23.962,23.957
9570,23.962,23.957
9575,23.996,23.923
9580,23.962,23.923
9585,23.996,23.957
9590,23.962,23.923
9595,23.962,23.923
9600,23.996,23.923
9605,23.996,23.957
9610,23.962,23.923
9615,23.996,23.957
9620,23.996,23.923
9625,23.962,23.923
9631,23.996,23.923
9636,23.962,23.957
9641,23.962,23.957
9646,23.962,23.923
9651,23.962,23.923
9656,23.996,23.923
9661,23.996,23.957
9666,23.996,23.923
9671,23.962,23.923
9676,23.962,23.923
9681,23.962,23.923
9686,23.996,23.957
9691,23.962,23.923
9696,23.962,23.957
9701,23.996,23.923
9706,23.996,23.923
9711,23.996,23.957
9716,23.962,23.923
9721,23.962,23.923
9727,23.962,23.923
9732,23.996,23.957
9737,23.962,23.923
9742,23.996,23.923
9747,23.962,23.923
9752,23.996,23.923
9757,23.962,23.957
9762,23.962,23.957
9767,23.962,23.957
9772,23.962,23.957
9777,23.962,23.923
9782,23.996,23.957
9787,23.962,23.923
9792,23.962,23.957
9797,23.962,23.923
9802,23.996,23.923
9807,23.996,23.923
9812,23.962,23.957
9817,23.962,23.957
9823,23.996,23.923
9828,23.996,23.923
9833,23.962,23.923
9838,23.962,23.957
9843,23.996,23.923
9848,23.962,23.957
9853,23.962,23.923
9858,23.962,23.923
9863,23.962,23.957
9868,23.962,23.923
9873,23.962,23.923
9878,23.962,23.957
9883,23.996,23.957
9888,23.962,23.923
9893,23.962,23.923
9898,23.962,23.957
9903,23.962,23.957
9908,23.962,23.957
9913,23.996,23.923
9919,23.962,23.923
9924,23.996,23.957
9929,23.962,23.957
9934,23.928,23.957
9939,23.962,23.923
9944,23.962,23.923
9949,23.962,23.957
9954,23.962,23.923
9959,23.996,23.923
9964,23.962,23.923
9969,23.962,23.923
9974,23.962,23.923
9979,23.962,23.923
9984,23.996,23.957
9989,23.928,23.957
9994,23.996,23.923
9999,23.962,23.99
10004,23.962,23.957
10009,23.962,23.957
10015,23.962,23.957
10020,23.962,23.957
10025,23.996,23.957
10030,23.962,23.923
10035,23.962,23.957
10040,23.996,23.957
10045,23.928,23.923
10050,23.996,23.957
10055,23.996,23.957
10060,23.962,23.957
10065,23.962,23.923
10070,23.962,23.923
10075,23.962,23.923
10080,23.962,23.923
10085,23.962,23.923
10090,23.962,23.957
10095,23.962,23.923
10100,23.962,23.923
10105,23.962,23.957
10111,23.996,23.923
10116,23.962,23.923
10121,23.962,23.923
10126,23.962,23.923
10131,23.996,23.957
10136,23.962,23.923
10141,23.962,23.923
10146,23.962,23.957
10151,23.996,23.923
10156,23.962,23.923
10161,23.996,23.957
10166,23.962,23.923
10171,23.962,23.99
10176,23.996,23.923
10181,23.962,23.923
10186,23.996,23.957
10191,23.962,23.923
10196,23.962,23.957
10201,23.962,23.923
10207,23.996,23.923
10212,23.996,23.957
10217,23.996,23.923
10222,23.962,23.957
10227,23.996,23.923
10232,23.996,23.957
10237,23.996,23.923
10242,23.962,23.957
10247,23.962,23.957
10252,23.962,23.957
10257,23.996,23.957
10262,23.962,23.923
10267,23.962,23.957
10272,23.962,23.923
10277,23.962,23.923
10282,23.962,23.923
10287,23.996,23.957
10292,23.962,23.957
10298,23.962,23.957
10303,23.996,23.957
10308,23.996,23.923
10313,23.962,23.923
10318,23.996,23.923
10323,23.962,23.957
10328,23.996,23.957
10333,23.962,23.957
10338,23.962,23.957
10343,23.996,23.957
10348,23.962,23.923
10353,23.996,23.923
10358,23.962,23.923
10363,23.996,23.923
10368,23.962,23.957
10373,23.996,23.957
10378,23.996,23.957
10383,23.962,23.923
10388,23.928,23.923
10394,23.996,23.957
10399,23.996,23.957
10404,23.996,23.957
10409,23.996,23.957
10414,23.962,23.923
10419,23.962,23.923
10424,23.962,23.923
10429,23.962,23.957
10434,23.962,23.923
10439,23.996,23.957
10444,23.962,23.923
10449,23.962,23.923
10454,23.962,23.957
10459,23.962,23.923
10464,23.962,23.923
10469,23.962,23.923
10474,23.962,23.923
10479,23.996,23.957
10484,23.962,23.957
10490,23.996,23.957
10495,23.962,23.923
10500,23.962,23.923
10505,23.962,23.923
10510,23.962,23.923
10515,23.962,23.923
10520,23.928,23.923
10525,23.962,23.957
10530,23.962,23.923
10535,23.996,23.923
10540,23.996,23.923
10545,23.962,23.957
10550,23.962,23.923
10555,23.962,23.957
10560,23.962,23.957
10565,23.962,23.923
10570,23.996,23.923
10575,23.996,23.923
10580,23.962,23.957
10586,23.996,23.923
10591,23.962,23.957
10596,23.962,23.923
10601,23.962,23.957
10606,23.962,23.923
10611,23.962,23.957
10616,23.962,23.923
10621,23.928,23.957
10626,23.962,23.957
10631,23.996,23.957
10636,23.962,23.957
10641,23.996,23.957
10646,23.962,23.923
10651,23.962,23.923
10656,23.996,23.923
10661,23.996,23.957
10666,23.962,23.957
10672,23.996,23.923
10677,23.962,23.957
10682,23.962,23.957
10687,23.962,23.923
10692,23.962,23.957
10697,23.962,23.957
10702,23.962,23.957
10707,23.962,23.923
10712,23.996,23.957
10717,23.962,23.957
10722,23.962,23.957
10727,23.962,23.923
10732,23.962,23.957
10737,23.962,23.923
10742,23.962,23.923
10747,23.996,23.957
10752,23.962,23.923
10757,23.928,23.923
10762,23.962,23.957
10768,23.996,23.923
10773,23.996,23.923
10778,23.996,23.923
10783,23.996,23.923
10788,23.996,23.957
10793,23.962,23.923
10798,23.962,23.923
10803,23.962,23.923
10808,23.962,23.923
10813,23.996,23.923
10818,23.996,23.957
10823,23.996,23.923
10828,23.962,23.99
10833,23.962,23.923
10838,23.962,23.957
10843,23.962,23.923
10848,23.962,23.923
10853,23.996,23.923
10858,23.996,23.957
10864,23.962,23.923
10869,23.962,23.957
10874,23.962,23.923
10879,23.996,23.957
10884,23.962,23.957
10889,23.996,23.957
10894,23.962,23.957
10899,23.962,23.923
10904,23.996,23.923
10909,23.962,23.923
10914,23.962,23.957
10919,23.996,23.923
10924,23.962,23.957
10929,23.962,23.923
10934,23.962,23.957
10939,23.962,23.957
10944,23.962,23.957
10949,23.962,23.923
10954,23.962,23.923
10960,23.962,23.923
10965,23.996,23.923
10970,23.962,23.923
10975,23.996,23.957
10980,23.996,23.923
10985,23.996,23.923
10990,23.928,23.957
10995,23.962,23.957
11000,23.962,23.957
11005,23.996,23.923
11010,23.962,23.923
11015,23.962,23.957
11020,23.962,23.957
11025,23.962,23.923
11030,23.996,23.923
11035,23.962,23.923
11040,23.962,23.957
11045,23.962,23.957
11050,23.962,23.923
11056,23.962,23.957
11061,23.962,23.923
11066,23.962,23.957
11071,23.996,23.957
11076,23.962,23.923
11081,23.962,23.957
11086,23.962,23.957
11091,23.962,23.957
11096,23.962,23.957
11101,23.928,23.957
11106,23.996,23.923
11111,23.962,23.957
11116,23.962,23.957
11121,23.928,23.957
11126,23.996,23.923
11131,23.928,23.957
11136,23.962,23.957
11141,23.996,23.957
11146,23.962,23.957
11152,23.962,23.923
11157,23.962,23.923
11162,23.996,23.923
11167,23.996,23.923
11172,23.996,23.957
11177,23.996,23.957
11182,23.962,23.923
11187,23.962,23.957
11192,23.928,23.923
11197,23.996,23.957
11202,23.928,23.957
11207,23.996,23.957
11212,23.962,23.957
11217,23.962,23.957
11222,23.928,23.923
11227,23.962,23.923
11232,23.996,23.923
11237,23.962,23.957
11242,23.996,23.923
11248,23.962,23.923
11253,23.962,23.923
11258,23.962,23.957
11263,23.962,23.923
11268,23.996,23.957
11273,23.962,23.923
11278,23.962,23.957
11283,23.996,23.923
11288,23.996,23.957
11293,23.962,23.957
11298,23.962,23.957
11303,23.996,23.957
11308,23.962,23.923
11313,23.962,23.957
11318,23.962,23.957
11323,23.962,23.957
11328,23.962,23.957
11333,23.962,23.923
11338,23.962,23.923
11344,23.962,23.923
11349,23.996,23.923
11354,23.962,23.957
11359,23.996,23.923
11364,23.996,23.923
11369,23.996,23.957
11374,23.962,23.957
11379,23.962,23.923
11384,23.996,23.923
11389,23.962,23.957
11394,23.996,23.957
11399,23.962,23.957
11404,23.996,23.923
11409,23.962,23.923
11414,23.962,23.957
11419,23.996,23.957
11424,23.996,23.923
11429,23.996,23.957
11435,23.962,23.957
11440,23.962,23.957
11445,23.962,23.923
11450,23.962,23.923
11455,23.928,23.923
11460,23.962,23.923
11465,23.962,23.957
11470,23.996,23.923
11475,23.962,23.957
11480,23.962,23.923
11485,23.962,23.957
11490,23.962,23.923
11495,23.962,23.923
11500,23.962,23.957
11505,23.962,23.923
11510,23.996,23.957
11515,23.962,23.957
11520,23.996,23.957
11525,23.962,23.923
11531,23.962,23.923
11536,23.962,23.957
11541,23.962,23.923
11546,23.996,23.923
11551,23.962,23.923
11556,23.962,23.957
11561,23.962,23.957
11566,23.996,23.923
11571,23.962,23.957
11576,23.996,23.923
11581,23.962,23.923
11586,23.996,23.957
11591,23.962,23.957
11596,23.996,23.957
11601,23.962,23.957
11606,23.996,23.923
11611,23.962,23.957
11616,23.996,23.957
11621,23.962,23.923
11627,23.962,23.957
11632,23.962,23.957
11637,23.962,23.923
11642,23.962,23.923
11647,23.996,23.957
11652,23.962,23.957
11657,23.996,23.957
11662,23.962,23.923
11667,23.962,23.923
11672,23.996,23.957
11677,23.962,23.923
11682,23.996,23.923
11687,23.996,23.923
11692,23.996,23.923
11697,23.962,23.957
11702,23.962,23.923
11707,23.962,23.923
11712,23.962,23.923
11717,23.928,23.957
11723,23.962,23.923
11728,23.996,23.923
11733,23.962,23.923
11738,23.962,23.923
11743,23.962,23.957
11748,23.962,23.957
11753,23.928,23.923
11758,23.962,23.957
11763,23.996,23.923
11768,23.928,23.923
11773,23.962,23.957
11778,23.962,23.957
11783,23.962,23.923
11788,23.962,23.957
11793,23.962,23.957
11798,23.996,23.957
11803,23.962,23.957
11808,23.996,23.957
11814,23.928,23.923
11819,23.962,23.923
11824,23.996,23.923
11829,23.962,23.923
11834,23.996,23.957
11839,23.962,23.923
11844,23.962,23.923
11849,23.996,23.957
11854,23.962,23.923
11859,23.962,23.923
11864,23.996,23.957
11869,23.962,23.923
11874,23.962,23.957
11879,23.962,23.923
11884,23.962,23.923
11889,23.962,23.923
11894,23.962,23.957
11899,23.962,23.923
11904,23.962,23.923
11910,23.962,23.957
11915,23.996,23.957
11920,23.962,23.923
11925,23.962,23.957
11930,23.962,23.923
11935,23.962,23.957
11940,23.962,23.957
11945,23.962,23.923
11950,23.962,23.923
11955,23.962,23.957
11960,23.962,23.957
11965,23.996,23.957
11970,23.962,23.923
11975,23.962,23.957
11980,23.962,23.923
11985,23.962,23.957
11990,23.962,23.923
11995,23.962,23.957
12000,23.962,23.923
12006,23.962,23.923
12011,23.962,23.923
12016,23.962,23.957
12021,23.962,23.923
12026,23.962,23.957
12031,23.996,23.957
12036,23.962,23.957
12041,23.962,23.957
12046,23.996,23.957
12051,23.962,23.957
12056,23.962,23.923
12061,23.996,23.923
12066,23.996,23.957
12071,23.996,23.923
12076,23.962,23.957
12081,23.996,23.923
12086,23.962,23.923
12091,23.962,23.923
12096,23.928,23.957
12102,23.962,23.923
12107,23.996,23.957
12112,23.962,23.923
12117,23.962,23.957
12122,23.962,23.923
12127,23.996,23.957
12132,23.962,23.923
12137,23.928,23.957
12142,23.928,23.923
12147,23.996,23.957
12152,23.962,23.923
12157,23.962,23.957
12162,23.962,23.923
12167,23.962,23.923
12172,23.962,23.957
12177,23.996,23.957
12182,23.962,23.923
12187,23.962,23.957
12192,23.962,23.957
12198,23.962,23.923
12203,23.962,23.923
12208,23.962,23.957
12213,23.962,23.957
12218,23.962,23.923
12223,23.996,23.957
12228,23.962,23.923
12233,23.996,23.957
12238,23.962,23.923
12243,23.962,23.957
12248,23.996,23.957
12253,23.962,23.957
12258,23.996,23.957
12263,23.996,23.957
12268,23.996,23.923
12273,23.962,23.923
12278,23.962,23.923
12283,23.962,23.923
12288,23.962,23.923
12294,23.962,23.923
12299,23.962,23.923
12304,23.996,23.957
12309,23.962,23.923
12314,23.962,23.957
12319,23.962,23.923
12324,23.962,23.957
12329,23.962,23.957
12334,23.996,23.923
12339,23.962,23.923
12344,23.962,23.923
12349,23.962,23.923
12354,23.962,23.957
12359,23.962,23.957
12364,23.962,23.957
12369,23.996,23.957
12374,23.962,23.923
12379,23.962,23.923
12384,23.996,23.957
12390,23.962,23.957
12395,23.996,23.923
12400,23.996,23.923
12405,23.996,23.957
12410,23.962,23.923
12415,23.996,23.957
12420,23.962,23.923
12425,23.962,23.957
12430,23.996,23.957
12435,23.962,23.957
12440,23.962,23.957
12445,23.962,23.957
12450,23.962,23.923
12455,23.928,23.923
12460,23.962,23.923
12465,23.962,23.923
12470,23.996,23.957
12475,23.928,23.923
12480,23.962,23.923
12486,23.962,23.923
12491,23.962,23.957
12496,23.962,23.923
12501,23.962,23.923
12506,23.996,23.957
12511,23.928,23.957
12516,23.928,23.923
12521,23.962,23.957
12526,23.962,23.923
12531,23.962,23.923
12536,23.962,23.957
12541,23.928,23.923
12546,23.962,23.923
12551,23.962,23.923
12556,23.962,23.957
12561,23.962,23.923
12566,23.996,23.957
12571,23.962,23.923
12577,23.962,23.957
12582,23.962,23.923
12587,23.962,23.923
12592,23.962,23.923
12597,23.962,23.923
12602,23.962,23.923
12607,23.996,23.923
12612,23.962,23.957
12617,23.962,23.957
12622,23.996,23.957
12627,23.962,23.957
12632,23.962,23.957
12637,23.962,23.957
12642,23.962,23.923
12647,23.996,23.923
12652,23.928,23.957
12657,24.029,23.957
12662,23.962,23.957
12667,23.996,23.923
12673,23.962,23.923
12678,23.996,23.923
12683,23.962,23.923
12688,23.962,23.923
12693,23.962,23.923
12698,23.962,23.923
12703,23.962,23.957
12708,23.928,23.957
12713,23.996,23.923
12718,23.996,23.957
12723,23.962,23.957
12728,23.962,23.923
12733,23.996,23.957
12738,23.962,23.957
12743,23.962,23.957
12748,23.962,23.923
12753,23.962,23.957
12758,23.962,23.957
12763,23.962,23.923
12769,23.996,23.957
12774,23.996,23.923
12779,23.996,23.923
12784,23.962,23.957
12789,23.962,23.923
12794,23.962,23.957
12799,23.962,23.923
12804,23.962,23.957
12809,23.962,23.957
12814,23.962,23.923
12819,23.962,23.957
12824,23.996,23.923
12829,23.962,23.957
12834,23.928,23.957
12839,23.962,23.957
12844,23.962,23.957
12849,23.962,23.923
12854,23.962,23.957
12859,23.996,23.99
12865,23.962,23.923
12870,23.962,23.957
12875,23.962,23.923
12880,23.962,23.923
12885,23.962,23.923
12890,23.962,23.923
12895,23.962,23.923
12900,23.962,23.923
12905,23.962,23.957
12910,23.962,23.957
12915,23.962,23.957
12920,23.962,23.957
12925,23.962,23.957
12930,23.962,23.957
12935,23.996,23.923
12940,23.962,23.923
12945,23.996,23.923
12950,23.962,23.923
12955,23.962,23.957
12961,23.996,23.923
12966,23.962,23.957
12971,23.996,23.957
12976,23.962,23.923
12981,23.962,23.957
12986,23.962,23.957
12991,23.962,23.957
12996,23.996,23.923
13001,23.962,23.923
13006,23.962,23.923
13011,23.962,23.923
13016,23.962,23.957
13021,23.962,23.923
13026,23.996,23.957
13031,23.962,23.923
13036,23.962,23.957
13041,23.962,23.957
13046,23.962,23.923
13052,23.962,23.957
13057,23.962,23.957
13062,23.962,23.957
13067,23.962,23.957
13072,23.962,23.957
13077,23.996,23.923
13082,23.962,23.923
13087,23.962,23.923
13092,23.962,23.923
13097,23.996,23.923
13102,23.962,23.957
13107,23.962,23.957
13112,23.996,23.957
13117,23.962,23.923
13122,23.996,23.923
13127,23.962,23.923
13132,23.962,23.957
13137,23.962,23.957
13142,23.962,23.957
13148,23.962,23.957
13153,23.962,23.957
13158,23.962,23.957
13163,23.962,23.957
13168,23.962,23.923
13173,23.962,23.957
13178,23.962,23.923
13183,23.962,23.923
13188,23.962,23.923
13193,23.962,23.923
13198,23.962,23.923
13203,23.962,23.957
13208,23.962,23.923
13213,23.962,23.923
13218,23.962,23.923
13223,23.962,23.923
13228,23.962,23.957
13233,23.962,23.957
13238,23.962,23.923
13244,23.962,23.923
13249,23.962,23.957
13254,23.962,23.923
13259,23.962,23.957
13264,23.962,23.957
13269,23.996,23.923
13274,23.962,23.957
13279,23.996,23.957
13284,23.962,23.923
13289,23.962,23.957
13294,23.962,23.923
13299,23.996,23.923
13304,23.996,23.923
13309,23.962,23.923
13314,23.962,23.957
13319,23.962,23.923
13324,23.962,23.923
13329,23.996,23.957
13334,23.996,23.923
13340,23.962,23.957
13345,23.962,23.957
13350,23.962,23.957
13355,23.962,23.923
13360,23.962,23.923
13365,23.962,23.957
13370,23.962,23.923
13375,23.962,23.957
13380,23.996,23.957
13385,23.962,23.923
13390,23.996,23.923
13395,23.928,23.957
13400,23.962,23.923
13405,23.962,23.923
13410,23.928,23.923
13415,23.996,23.957
13420,23.962,23.923
13425,23.962,23.923
13431,23.962,23.923
13436,23.962,23.923
13441,23.962,23.957
13446,23.996,23.957
13451,23.996,23.957
13456,23.996,23.923
13461,23.962,23.957
13466,23.962,23.923
13471,23.996,23.923
13476,23.996,23.957
13481,23.962,23.957
13486,23.962,23.923
13491,23.962,23.923
13496,23.962,23.923
13501,23.962,23.923
13506,23.928,23.957
13511,23.962,23.957
13516,23.962,23.923
13521,23.962,23.957
13527,23.996,23.923
13532,23.962,23.957
13537,23.962,23.923
13542,23.962,23.957
13547,23.996,23.923
13552,23.962,23.923
13557,23.962,23.923
13562,23.962,23.923
13567,23.962,23.923
13572,23.996,23.957
13577,23.962,23.957
13582,23.962,23.957
13587,23.928,23.957
13592,23.962,23.957
13597,23.962,23.923
13602,23.962,23.923
13607,23.962,23.957
13612,23.962,23.957
13617,23.962,23.957
13623,23.996,23.923
13628,23.962,23.923
13633,23.962,23.923
13638,23.962,23.957
13643,23.962,23.923
13648,23.962,23.923
13653,23.962,23.957
13658,23.962,23.923
13663,23.962,23.957
13668,23.962,23.923
13673,23.928,23.957
13678,23.928,23.923
13683,23.962,23.957
13688,23.962,23.957
13693,23.962,23.957
13698,23.962,23.923
13703,23.928,23.923
13708,23.996,23.957
13713,23.996,23.923
13719,23.996,23.957
13724,23.962,23.923
13729,23.962,23.957
13734,23.962,23.923
13739,23.962,23.923
13744,23.996,23.923
13749,23.962,23.957
13754,23.928,23.923
13759,23.962,23.957
13764,23.962,23.923
13769,23.928,23.923
13774,23.962,23.923
13779,23.996,23.923
13784,23.962,23.957
13789,23.962,23.923
13794,23.928,23.957
13799,23.962,23.923
13804,23.962,23.923
13809,23.962,23.957
13815,23.962,23.923
13820,23.962,23.957
13825,23.962,23.957
13830,23.996,23.957
13835,23.996,23.957
13840,23.928,23.957
13845,23.962,23.957
13850,23.962,23.957
13855,23.962,23.923
13860,23.928,23.923
13865,23.962,23.923
13870,23.962,23.957
13875,23.996,23.957
13880,23.996,23.957
13885,23.962,23.923
13890,23.962,23.957
13895,23.962,23.923
13900,23.996,23.923
13905,23.962,23.957
13911,23.962,23.957
13916,23.962,23.923
13921,23.962,23.957
13926,23.962,23.923
13931,23.962,23.957
13936,23.928,23.957
13941,23.928,23.957
13946,23.962,23.957
13951,23.962,23.923
13956,23.962,23.923
13961,23.962,23.923
13966,23.962,23.957
13971,23.962,23.923
13976,23.962,23.957
13981,23.962,23.957
13986,23.962,23.957
13991,23.962,23.957
13996,23.962,23.923
14001,23.962,23.957
14007,23.996,23.957
14012,23.962,23.957
14017,23.962,23.957
14022,23.996,23.923
14027,23.996,23.923
14032,23.996,23.957
14037,23.996,23.923
14042,23.928,23.923
14047,23.962,23.923
14052,23.996,23.923
14057,23.962,23.957
14062,23.996,23.957
14067,23.962,23.957
14072,23.996,23.923
14077,23.962,23.923
14082,23.996,23.923
14087,23.962,23.957
14092,23.962,23.923
14098,23.962,23.923
14103,23.962,23.923
14108,23.962,23.923
14113,23.962,23.957
14118,23.996,23.923
14123,23.962,23.957
14128,23.962,23.957
14133,23.962,23.923
14138,23.996,23.923
14143,23.962,23.923
14148,23.962,23.923
14153,23.962,23.957
14158,23.962,23.923
14163,23.962,23.923
14168,23.928,23.923
14173,23.962,23.923
14178,23.962,23.957
14183,23.996,23.923
14189,23.962,23.957
14194,23.962,23.957
14199,23.962,23.957
14204,23.962,23.923
14209,23.962,23.923
14214,23.928,23.923
14219,23.962,23.923
14224,23.962,23.923
14229,23.928,23.923
14234,23.996,23.957
14239,23.962,23.957
14244,23.962,23.957
14249,23.962,23.957
14254,23.962,23.957
14259,23.962,23.923
14264,23.962,23.923
14269,23.962,23.923
14274,23.962,23.923
14279,23.962,23.957
14285,23.962,23.957
14290,23.996,23.99
14295,23.962,23.923
14300,23.962,23.923
14305,23.962,23.957
14310,23.962,23.923
14315,23.962,23.923
14320,23.962,23.957
14325,23.962,23.957
14330,23.996,23.957
14335,23.962,23.957
14340,23.962,23.923
14345,23.928,23.923
14350,23.962,23.923
14355,23.962,23.957
14360,23.962,23.923
14365,23.962,23.957
14370,23.962,23.923
14375,23.962,23.957
14381,23.996,23.923
14386,23.962,23.923
14391,23.962,23.923
14396,23.962,23.923
14401,23.962,23.957
14406,23.996,23.923
14411,23.962,23.923
14416,23.962,23.957
14421,23.962,23.923
14426,23.962,23.923
14431,23.962,23.923
14436,23.962,23.923
14441,23.962,23.923
14446,23.996,23.923
14451,23.962,23.923
14456,23.962,23.957
14461,23.962,23.923
14466,23.962,23.923
14471,23.928,23.957
14477,23.962,23.923
14482,23.962,23.923
14487,23.928,23.957
14492,23.962,23.923
14497,23.996,23.923
14502,23.962,23.957
14507,23.962,23.957
14512,23.962,23.957
14517,23.962,23.923
14522,23.962,23.923
14527,23.962,23.923
14532,23.996,23.923
14537,23.962,23.957
14542,23.962,23.957
14547,23.962,23.957
14552,23.962,23.923
14557,23.962,23.957
14562,23.996,23.957
14567,23.962,23.923
14573,23.962,23.923
14578,23.962,23.923
14583,23.962,23.957
14588,23.962,23.923
14593,23.928,23.957
14598,23.962,23.923
14603,23.962,23.957
14608,23.996,23.923
14613,23.962,23.923
14618,23.962,23.923
14623,23.962,23.957
14628,23.962,23.923
14633,23.928,23.923
14638,23.962,23.923
14643,23.962,23.923
14648,23.962,23.957
14653,23.996,23.923
14658,23.996,23.923
14663,23.962,23.923
14669,23.928,23.923
14674,23.962,23.923
14679,23.962,23.957
14684,23.962,23.957
14689,23.928,23.923
14694,23.962,23.923
14699,23.962,23.923
14704,23.928,23.923
14709,23.962,23.957
14714,23.962,23.889
14719,23.962,23.923
14724,23.962,23.923
14729,23.962,23.923
14734,23.962,23.923
14739,23.996,23.923
14744,23.962,23.923
14749,23.996,23.923
14754,23.962,23.957
14760,23.962,23.957
14765,23.996,23.923
14770,23.962,23.923
14775,23.962,23.957
14780,23.962,23.957
14785,23.962,23.957
14790,23.962,23.923
14795,23.962,23.923
14800,23.996,23.923
14805,23.928,23.957
14810,23.962,23.923
14815,23.962,23.957
14820,23.962,23.957
14825,23.928,23.957
14830,23.962,23.923
14835,23.996,23.957
14840,23.962,23.923
14845,23.962,23.957
14850,23.962,23.957
14856,23.962,23.957
14861,23.962,23.957
14866,23.962,23.957
14871,23.928,23.957
14876,23.962,23.923
14881,23.928,23.957
14886,23.996,23.923
14891,23.962,23.923
14896,23.962,23.923
14901,23.962,23.957
14906,23.962,23.957
14911,23.962,23.957
14916,23.962,23.923
14921,23.962,23.957
14926,23.962,23.957
14931,23.962,23.923
14936,23.962,23.957
14941,23.962,23.923
14946,23.962,23.923
14952,23.962,23.923
14957,23.996,23.923
14962,23.962,23.923
14967,23.962,23.923
14972,23.962,23.957
14977,23.962,23.923
14982,23.962,23.923
14987,23.962,23.923
14992,23.962,23.923
14997,23.962,23.923
15002,23.996,23.923
15007,23.962,23.923
15012,23.996,23.923
15017,23.996,23.889
15022,23.996,23.923
15027,23.962,23.957
15032,23.962,23.957
15037,23.928,23.923
15042,23.928,23.957
15048,23.962,23.923
15053,23.962,23.923
15058,23.962,23.923
15063,23.962,23.957
15068,23.962,23.923
15073,23.928,23.957
15078,23.962,23.923
15083,23.928,23.923
15088,23.962,23.923
15093,23.996,23.923
15098,23.996,23.923
15103,23.962,23.923
15108,23.962,23.923
15113,23.962,23.957
15118,23.996,23.923
15123,23.962,23.923
15128,23.962,23.923
15133,23.962,23.923
15138,23.962,23.923
15144,23.928,23.923
15149,23.962,23.957
15154,23.962,23.923
15159,23.962,23.923
15164,23.962,23.957
15169,23.962,23.923
15174,23.962,23.957
15179,23.962,23.889
15184,23.962,23.923
15189,23.928,23.923
15194,23.962,23.923
15199,23.962,23.923
15204,23.962,23.957
15209,23.962,23.923
15214,23.962,23.957
15219,23.962,23.957
15224,23.928,23.889
15229,23.962,23.923
15234,23.962,23.957
15240,23.928,23.923
15245,23.928,23.923
15250,23.962,23.957
15255,23.928,23.923
15260,23.962,23.923
15265,23.962,23.923
15270,23.962,23.923
15275,23.962,23.923
15280,23.962,23.923
15285,23.962,23.923
15290,23.962,23.957
15295,23.962,23.957
15300,23.996,23.957
15305,23.962,23.923
15310,23.996,23.957
15315,23.996,23.957
15320,23.928,23.957
15325,23.962,23.923
15330,23.962,23.923
15336,23.962,23.923
15341,23.962,23.957
15346,23.962,23.957
15351,23.962,23.923
15356,23.962,23.923
15361,23.996,23.923
15366,23.928,23.957
15371,23.962,23.923
15376,23.962,23.923
15381,23.996,23.923
15386,23.962,23.957
15391,23.962,23.957
15396,23.962,23.957
15401,23.996,23.923
15406,23.962,23.923
15411,23.962,23.957
15416,23.928,23.923
15422,23.962,23.957
15427,23.962,23.923
15432,23.962,23.923
15437,23.928,23.923
15442,23.962,23.923
15447,23.962,23.923
15452,23.962,23.957
15457,23.996,23.957
15462,23.962,23.957
15467,23.962,23.923
15472,23.962,23.923
15477,23.962,23.923
15482,23.928,23.923
15487,23.962,23.957
15492,23.962,23.923
15497,23.962,23.957
15502,23.962,23.957
15507,23.962,23.957
15512,23.962,23.957
15518,23.962,23.923
15523,23.928,23.923
15528,23.962,23.923
15533,23.928,23.957
15538,23.962,23.923
15543,23.962,23.923
15548,23.996,23.923
15553,23.962,23.923
15558,23.962,23.923
15563,23.996,23.957
15568,23.962,23.957
15573,23.962,23.923
15578,23.962,23.957
15583,23.996,23.923
15588,23.962,23.923
15593,23.962,23.923
15598,23.962,23.957
15603,23.996,23.923
15608,23.962,23.957
15614,23.962,23.923
15619,23.962,23.923
15624,23.962,23.923
15629,23.962,23.923
15634,23.962,23.923
15639,23.962,23.957
15644,23.962,23.923
15649,23.928,23.923
15654,23.962,23.923
15659,23.928,23.923
15664,23.962,23.957
15669,23.962,23.889
15674,23.962,23.923
15679,23.962,23.957
15684,23.962,23.923
15689,23.962,23.923
15694,23.962,23.957
15699,23.962,23.957
15704,23.962,23.923
15710,23.962,23.923
15715,23.962,23.957
15720,23.996,23.923
15725,23.962,23.923
15730,23.928,23.923
15735,23.962,23.923
15740,23.996,23.923
15745,23.962,23.957
15750,23.996,23.957
15755,23.928,23.957
15760,23.962,23.923
15765,23.962,23.923
15770,23.962,23.923
15775,23.962,23.923
15780,23.962,23.923
15785,23.962,23.923
15790,23.962,23.923
15795,23.962,23.923
15800,23.928,23.957
15806,23.962,23.923
15811,23.928,23.923
15816,23.962,23.923
15821,23.962,23.923
15826,23.962,23.923
15831,23.962,23.923
15836,23.962,23.889
15841,23.962,23.923
15846,23.962,23.923
15851,23.962,23.957
15856,23.996,23.957
15861,23.962,23.923
15866,23.928,23.923
15871,23.962,23.957
15876,23.928,23.923
15881,23.996,23.923
15886,23.962,23.923
15891,23.962,23.923
15896,23.962,23.923
15902,23.962,23.957
15907,23.962,23.957
15912,23.962,23.957
15917,23.928,23.923
15922,23.962,23.923
15927,23.962,23.923
15932,23.928,23.923
15937,23.962,23.923
15942,23.962,23.923
15947,23.962,23.923
15952,23.928,23.957
15957,23.996,23.957
15962,23.962,23.957
15967,23.962,23.923
15972,23.962,23.923
15977,23.962,23.923
15982,23.962,23.957
15987,23.996,23.923
15993,23.962,23.923
15998,23.962,23.923
16003,23.962,23.957
16008,23.962,23.923
16013,23.962,23.923
16018,23.962,23.957
16023,23.962,23.957
16028,23.928,23.923
16033,23.962,23.957
16038,23.962,23.923
16043,23.962,23.923
16048,23.996,23.923
16053,23.962,23.957
16058,23.962,23.923
16063,23.962,23.923
16068,23.962,23.957
16073,23.962,23.923
16078,23.962,23.923
16083,23.928,23.923
16089,23.962,23.923
16094,23.928,23.957
16099,23.962,23.923
16104,23.962,23.923
16109,23.962,23.923
16114,23.962,23.923
16119,23.962,23.923
16124,23.928,23.923
16129,23.962,23.923
16134,23.962,23.923
16139,23.962,23.923
16144,23.962,23.957
16149,23.996,23.923
16154,23.928,23.923
16159,23.928,23.923
16164,23.996,23.923
16169,23.962,23.923
16174,23.928,23.957
16179,23.996,23.923
16185,23.962,23.923
16190,23.996,23.923
16195,23.928,23.957
16200,23.962,23.923
16205,23.962,23.957
16210,23.962,23.957
16215,23.962,23.923
16220,23.962,23.923
16225,23.962,23.957
16230,23.962,23.923
16235,23.996,23.923
16240,23.962,23.923
16245,23.962,23.923
16250,23.962,23.923
16255,23.962,23.923
16260,23.962,23.923
16265,23.962,23.923
16270,23.962,23.957
16275,23.962,23.923
16281,23.962,23.957
16286,23.962,23.957
16291,23.962,23.923
16296,23.996,23.957
16301,23.928,23.923
16306,23.996,23.923
16311,23.962,23.923
16316,23.962,23.923
16321,23.928,23.923
16326,23.962,23.923
16331,23.962,23.923
16336,23.962,23.923
16341,23.962,23.923
16346,23.962,23.923
16351,23.962,23.957
16356,23.962,23.923
16361,23.962,23.923
16366,23.962,23.923
16371,23.962,23.889
16377,23.962,23.957
16382,23.962,23.923
16387,23.962,23.923
16392,23.962,23.923
16397,23.928,23.923
16402,23.962,23.957
16407,23.962,23.923
16412,23.962,23.923
16417,23.962,23.957
16422,23.996,23.923
16427,23.962,23.923
16432,23.962,23.957
16437,23.962,23.923
16442,23.928,23.923
16447,23.962,23.923
16452,23.928,23.923
16457,23.962,23.923
16462,23.996,23.923
16468,23.962,23.957
16473,23.928,23.923
16478,23.962,23.923
16483,23.962,23.923
16488,23.962,23.923
16493,23.962,23.923
16498,23.962,23.923
16503,23.996,23.923
16508,23.928,23.923
16513,23.962,23.923
16518,23.962,23.923
16523,23.962,23.923
16528,23.962,23.923
16533,23.928,23.957
16538,23.996,23.923
16543,23.962,23.923
16548,23.962,23.923
16553,23.962,23.923
16558,23.962,23.957
16564,23.962,23.923
16569,23.962,23.923
16574,23.928,23.957
16579,23.962,23.957
16584,23.962,23.957
16589,23.962,23.923
16594,23.996,23.923
16599,23.962,23.923
16604,23.928,23.923
16609,23.928,23.923
16614,23.996,23.923
16619,23.962,23.957
16624,23.962,23.923
16629,23.962,23.923
16634,23.962,23.923
16639,23.962,23.923
16644,23.962,23.923
16649,23.962,23.923
16655,23.996,23.923
16660,23.962,23.957
16665,23.962,23.923
16670,23.962,23.923
16675,23.962,23.923
16680,23.928,23.923
16685,23.962,23.923
16690,23.962,23.923
16695,23.962,23.923
16700,23.962,23.923
16705,23.962,23.923
16710,23.928,23.923
16715,23.962,23.923
16720,23.962,23.923
16725,23.962,23.923
16730,23.928,23.923
16735,23.996,23.923
16740,23.962,23.957
16745,23.962,23.957
16751,23.962,23.889
16756,23.962,23.923
16761,23.962,23.889
16766,23.928,23.957
16771,23.962,23.957
16776,23.962,23.923
16781,23.928,23.957
16786,23.928,23.923
16791,23.962,23.957
16796,23.962,23.923
16801,23.962,23.923
16806,23.962,23.923
16811,23.962,23.923
16816,23.962,23.957
16821,23.962,23.923
16826,23.962,23.957
16831,23.962,23.957
16836,23.962,23.957
16841,23.962,23.923
16847,23.962,23.923
16852,23.962,23.923
16857,23.962,23.923
16862,23.996,23.957
16867,23.928,23.957
16872,23.962,23.923
16877,23.962,23.923
16882,23.928,23.923
16887,23.928,23.923
16892,23.928,23.923
16897,23.962,23.923
16902,23.928,23.957
16907,23.962,23.957
16912,23.928,23.957
16917,23.962,23.957
16922,23.962,23.923
16927,23.928,23.923
16932,23.962,23.957
16937,23.962,23.923
16943,23.962,23.957
16948,23.962,23.957
16953,23.962,23.957
16958,23.962,23.923
16963,23.962,23.957
16968,23.962,23.957
16973,23.962,23.957
16978,23.962,23.957
16983,23.962,23.923
16988,23.996,23.923
16993,23.962,23.923
16998,23.962,23.923
17003,23.962,23.923
17008,23.962,23.923
17013,23.962,23.957
17018,23.962,23.923
17023,23.962,23.923
17028,23.962,23.957
17034,23.962,23.957
17039,23.962,23.923
17044,23.962,23.923
17049,23.962,23.923
17054,23.962,23.923
17059,23.962,23.923
17064,23.928,23.957
17069,23.962,23.923
17074,23.928,23.923
17079,23.962,23.923
17084,23.962,23.957
17089,23.962,23.957
17094,23.962,23.923
17099,23.962,23.923
17104,23.962,23.957
17109,23.962,23.923
17114,23.962,23.923
17119,23.962,23.923
17124,23.962,23.923
17130,23.962,23.923
17135,23.962,23.923
17140,23.962,23.923
17145,23.962,23.923
17150,23.928,23.923
17155,23.962,23.923
17160,23.962,23.923
17165,23.962,23.923
17170,23.962,23.923
17175,23.962,23.923
17180,23.962,23.923
17185,23.928,23.957
17190,23.962,23.923
17195,23.996,23.923
17200,23.962,23.923
17205,23.962,23.923
17210,23.962,23.923
17215,23.962,23.923
17220,23.962,23.923
17226,23.962,23.957
17231,23.962,23.923
17236,23.962,23.923
17241,23.962,23.957
17246,23.928,23.923
17251,23.962,23.923
17256,23.962,23.923
17261,23.996,23.923
17266,23.962,23.923
17271,23.928,23.923
17276,23.962,23.923
17281,23.962,23.923
17286,23.962,23.957
17291,23.962,23.923
17296,23.962,23.957
17301,23.962,23.923
17306,23.962,23.957
17311,23.928,23.923
17316,23.962,23.923
17322,23.962,23.923
17327,23.962,23.923
17332,23.962,23.923
17337,23.962,23.923
17342,23.962,23.923
17347,23.962,23.923
