Time (s),PT3w_cal (deg.C),PT3s_cal (deg.C)
0,22.16,22.185
5,22.227,22.185
10,22.194,22.185
15,22.194,22.185
20,22.194,22.219
25,22.194,22.185
30,22.194,22.219
35,22.16,22.185
40,22.194,22.185
45,22.194,22.151
50,22.227,22.219
55,22.194,22.185
60,22.194,22.185
65,22.194,22.185
70,22.194,22.185
75,22.194,22.185
80,22.194,22.151
85,22.194,22.185
91,22.227,22.185
96,22.227,22.151
101,22.194,22.185
106,22.194,22.151
111,22.194,22.219
116,22.16,22.185
121,22.194,22.219
126,22.16,22.185
131,22.194,22.151
136,22.194,22.219
141,22.194,22.219
146,22.194,22.185
151,22.194,22.151
156,22.227,22.185
161,22.194,22.185
166,22.194,22.185
171,22.194,22.185
176,22.227,22.252
182,22.227,22.185
187,22.261,22.185
192,22.261,22.219
197,22.261,22.185
202,22.227,22.185
207,22.261,22.219
212,22.295,22.219
217,22.295,22.219
222,22.295,22.185
227,22.329,22.185
232,22.329,22.185
237,22.329,22.151
242,22.329,22.185
247,22.362,22.185
252,22.362,22.151
257,22.396,22.185
262,22.396,22.185
267,22.396,22.185
273,22.43,22.185
278,22.43,22.185
283,22.43,22.219
288,22.463,22.185
293,22.463,22.185
298,22.531,22.219
303,22.497,22.219
308,22.531,22.185
313,22.531,22.185
318,22.531,22.185
323,22.564,22.151
328,22.564,22.219
333,22.564,22.185
338,22.564,22.185
343,22.598,22.219
348,22.598,22.219
353,22.632,22.219
358,22.666,22.185
363,22.666,22.185
369,22.632,22.219
374,22.666,22.185
379,22.666,22.219
384,22.699,22.185
389,22.699,22.185
394,22.699,22.185
399,22.733,22.185
404,22.733,22.219
409,22.733,22.185
414,22.767,22.185
419,22.767,22.185
424,22.767,22.185
429,22.767,22.151
434,22.834,22.185
439,22.8,22.185
444,22.8,22.185
449,22.834,22.185
454,22.834,22.185
460,22.834,22.185
465,22.834,22.185
470,22.834,22.185
475,22.834,22.185
480,22.901,22.219
485,22.901,22.185
490,22.901,22.219
495,22.935,22.185
500,22.901,22.219
505,22.935,22.219
510,22.935,22.185
515,22.935,22.185
520,22.969,22.185
525,22.969,22.185
530,22.969,22.185
535,22.969,22.185
540,23.002,22.185
545,22.969,22.185
550,23.002,22.185
556,22.969,22.185
561,23.036,22.185
566,23.002,22.219
571,23.036,22.185
576,23.07,22.185
581,23.036,22.219
586,23.07,22.219
591,23.104,22.185
596,23.104,22.185
601,23.07,22.151
606,23.07,22.185
611,23.137,22.185
616,23.137,22.151
621,23.137,22.219
626,23.104,22.185
631,23.137,22.219
636,23.137,22.185
641,23.171,22.185
647,23.171,22.185
652,23.171,22.185
657,23.171,22.185
662,23.205,22.151
667,23.205,22.185
672,23.205,22.185
677,23.205,22.219
682,23.238,22.219
687,23.238,22.185
692,23.205,22.185
697,23.272,22.185
702,23.272,22.151
707,23.272,22.185
712,23.272,22.185
717,23.272,22.185
722,23.272,22.185
727,23.272,22.185
732,23.306,22.185
738,23.306,22.185
743,23.306,22.185
748,23.306,22.219
753,23.339,22.219
758,23.306,22.185
763,23.339,22.219
768,23.339,22.219
773,23.373,22.185
778,23.373,22.185
783,23.373,22.219
788,23.339,22.185
793,23.373,22.185
798,23.407,22.185
803,23.407,22.219
808,23.407,22.219
813,23.407,22.185
818,23.441,22.185
823,23.407,22.185
828,23.441,22.151
834,23.407,22.219
839,23.441,22.185
844,23.441,22.185
849,23.474,22.219
854,23.441,22.185
859,23.474,22.219
864,23.474,22.219
869,23.508,22.219
874,23.474,22.219
879,23.508,22.185
884,23.474,22.219
889,23.508,22.185
894,23.508,22.219
899,23.508,22.252
904,23.575,22.219
909,23.542,22.219
914,23.542,22.219
919,23.542,22.252
925,23.542,22.219
930,23.542,22.219
935,23.575,22.219
940,23.542,22.185
945,23.575,22.252
950,23.575,22.219
955,23.575,22.185
960,23.575,22.219
965,23.609,22.219
970,23.609,22.219
975,23.575,22.185
980,23.609,22.252
985,23.609,22.219
990,23.609,22.252
995,23.643,22.219
1000,23.609,22.219
1005,23.643,22.219
1010,23.643,22.252
1015,23.677,22.252
1021,23.677,22.219
1026,23.643,22.252
1031,23.677,22.219
1036,23.677,22.219
1041,23.677,22.252
1046,23.71,22.219
1051,23.71,22.219
1056,23.677,22.219
1061,23.71,22.252
1066,23.71,22.252
1071,23.71,22.252
1076,23.71,22.252
1081,23.744,22.252
1086,23.778,22.219
1091,23.744,22.252
1096,23.744,22.219
1101,23.71,22.252
1106,23.744,22.219
1112,23.744,22.252
1117,23.744,22.219
1122,23.744,22.252
1127,23.778,22.219
1132,23.744,22.252
1137,23.811,22.286
1142,23.778,22.219
1147,23.778,22.286
1152,23.778,22.252
1157,23.778,22.252
1162,23.811,22.286
1167,23.778,22.252
1172,23.778,22.252
1177,23.811,22.252
1182,23.811,22.252
1187,23.811,22.252
1192,23.811,22.286
1197,23.845,22.252
1203,23.811,22.252
1208,23.845,22.252
1213,23.845,22.252
1218,23.845,22.252
1223,23.845,22.286
1228,23.845,22.32
1233,23.845,22.286
1238,23.879,22.286
1243,23.845,22.286
1248,23.879,22.286
1253,23.879,22.286
1258,23.879,22.252
1263,23.879,22.286
1268,23.879,22.286
1273,23.879,22.286
1278,23.879,22.286
1283,23.879,22.286
1288,23.98,22.32
1294,23.879,22.252
1299,23.98,22.286
1304,23.912,22.252
1309,23.946,22.32
1314,23.946,22.32
1319,23.912,22.286
1324,23.98,22.32
1329,23.946,22.286
1334,23.98,22.32
1339,23.946,22.286
1344,23.98,22.286
1349,23.98,22.286
1354,23.946,22.252
1359,23.98,22.32
1364,23.98,22.252
1369,23.98,22.286
1374,24.014,22.32
1379,24.014,22.32
1385,23.98,22.32
1390,23.98,22.286
1395,23.98,22.286
1400,23.98,22.286
1405,24.047,22.354
1410,24.014,22.286
1415,24.047,22.286
1420,24.014,22.32
1425,24.047,22.286
1430,24.014,22.286
1435,24.014,22.354
1440,24.014,22.286
1445,24.014,22.32
1450,24.047,22.32
1455,24.047,22.32
1460,24.047,22.354
1465,24.047,22.32
1470,24.081,22.354
1475,24.081,22.32
1481,24.047,22.286
1486,24.081,22.286
1491,24.081,22.354
1496,24.115,22.32
1501,24.115,22.32
1506,24.115,22.32
1511,24.081,22.32
1516,24.081,22.32
1521,24.115,22.354
1526,24.081,22.32
1531,24.081,22.354
1536,24.148,22.32
1541,24.115,22.354
1546,24.115,22.354
1551,24.115,22.354
1556,24.115,22.354
1561,24.081,22.32
1566,24.182,22.388
1572,24.115,22.32
1577,24.148,22.388
1582,24.148,22.388
1587,24.182,22.354
1592,24.148,22.354
1597,24.148,22.32
1602,24.148,22.354
1607,24.182,22.388
1612,24.182,22.422
1617,24.148,22.354
1622,24.182,22.422
1627,24.216,22.388
1632,24.182,22.354
1637,24.216,22.388
1642,24.182,22.388
1647,24.216,22.354
1652,24.216,22.388
1657,24.182,22.388
1662,24.216,22.388
1668,24.182,22.388
1673,24.216,22.354
1678,24.182,22.388
1683,24.25,22.388
1688,24.25,22.388
1693,24.25,22.422
1698,24.216,22.422
1703,24.216,22.422
1708,24.216,22.388
1713,24.25,22.388
1718,24.25,22.388
1723,24.25,22.388
1728,24.25,22.388
1733,24.25,22.388
1738,24.25,22.354
1743,24.25,22.388
1748,24.25,22.455
1753,24.25,22.388
1759,24.317,22.422
1764,24.283,22.422
1769,24.25,22.388
1774,24.25,22.32
1779,24.283,22.422
1784,24.283,22.455
1789,24.283,22.422
1794,24.317,22.388
1799,24.317,22.422
1804,24.317,22.422
1809,24.283,22.422
1814,24.283,22.455
1819,24.317,22.422
1824,24.283,22.422
1829,24.283,22.388
1834,24.317,22.388
1839,24.351,22.455
1844,24.283,22.489
1850,24.351,22.455
1855,24.317,22.489
1860,24.283,22.422
1865,24.351,22.455
1870,24.351,22.455
1875,24.351,22.422
1880,24.317,22.455
1885,24.351,22.489
1890,24.317,22.489
1895,24.351,22.455
1900,24.351,22.455
1905,24.351,22.422
1910,24.384,22.455
1915,24.418,22.455
1920,24.384,22.455
1925,24.317,22.489
1930,24.384,22.455
1935,24.384,22.455
1940,24.351,22.455
1946,24.384,22.523
1951,24.384,22.523
1956,24.384,22.523
1961,24.351,22.489
1966,24.384,22.523
1971,24.384,22.489
1976,24.418,22.523
1981,24.384,22.523
1986,24.384,22.489
1991,24.384,22.489
1996,24.384,22.489
2001,24.384,22.489
2006,24.418,22.523
2011,24.384,22.455
2016,24.384,22.557
2021,24.384,22.489
2026,24.452,22.523
2031,24.384,22.523
2037,24.452,22.523
2042,24.418,22.523
2047,24.418,22.523
2052,24.418,22.523
2057,24.418,22.489
2062,24.452,22.523
2067,24.452,22.523
2072,24.384,22.557
2077,24.452,22.523
2082,24.418,22.557
2087,24.418,22.523
2092,24.418,22.557
2097,24.486,22.523
2102,24.452,22.523
2107,24.452,22.591
2112,24.452,22.523
2117,24.486,22.557
2122,24.486,22.591
2127,24.418,22.523
2133,24.452,22.557
2138,24.418,22.591
2143,24.452,22.557
2148,24.486,22.523
2153,24.486,22.557
2158,24.486,22.625
2163,24.486,22.591
2168,24.486,22.523
2173,24.519,22.557
2178,24.452,22.523
2183,24.452,22.557
2188,24.486,22.591
2193,24.486,22.523
2198,24.452,22.591
2203,24.519,22.591
2208,24.486,22.523
2213,24.486,22.557
2218,24.486,22.557
2224,24.519,22.591
2229,24.519,22.523
2234,24.486,22.557
2239,24.519,22.591
2244,24.519,22.591
2249,24.553,22.658
2254,24.519,22.625
2259,24.519,22.625
2264,24.486,22.625
2269,24.519,22.557
2274,24.486,22.625
2279,24.553,22.591
2284,24.553,22.591
2289,24.519,22.625
2294,24.519,22.591
2299,24.553,22.658
2304,24.553,22.625
2309,24.486,22.625
2315,24.519,22.658
2320,24.519,22.625
2325,24.519,22.658
2330,24.553,22.625
2335,24.553,22.591
2340,24.553,22.625
2345,24.519,22.625
2350,24.519,22.658
2355,24.519,22.625
2360,24.553,22.658
2365,24.553,22.625
2370,24.587,22.625
2375,24.553,22.658
2380,24.553,22.658
2385,24.587,22.625
2390,24.553,22.658
2395,24.587,22.692
2400,24.587,22.658
2406,24.587,22.692
2411,24.587,22.658
2416,24.587,22.692
2421,24.587,22.658
2426,24.587,22.658
2431,24.519,22.658
2436,24.62,22.625
2441,24.587,22.726
2446,24.587,22.625
2451,24.587,22.658
2456,24.587,22.658
2461,24.553,22.658
2466,24.62,22.726
2471,24.587,22.692
2476,24.587,22.692
2481,24.587,22.692
2486,24.587,22.658
2491,24.587,22.658
2497,24.587,22.692
2502,24.62,22.726
2507,24.62,22.658
2512,24.62,22.692
2517,24.587,22.658
2522,24.62,22.692
2527,24.587,22.726
2532,24.62,22.692
2537,24.62,22.726
2542,24.654,22.726
2547,24.654,22.726
2552,24.62,22.692
2557,24.62,22.692
2562,24.587,22.726
2567,24.62,22.726
2572,24.62,22.76
2577,24.654,22.726
2582,24.654,22.726
2587,24.62,22.726
2593,24.654,22.726
2598,24.654,22.658
2603,24.654,22.76
2608,24.62,22.76
2613,24.587,22.76
2618,24.654,22.726
2623,24.688,22.76
2628,24.654,22.76
2633,24.62,22.726
2638,24.62,22.76
2643,24.654,22.76
2648,24.62,22.76
2653,24.62,22.76
2658,24.654,22.76
2663,24.654,22.794
2668,24.654,22.726
2673,24.688,22.76
2678,24.654,22.76
2684,24.688,22.76
2689,24.688,22.76
2694,24.688,22.794
2699,24.688,22.76
2704,24.654,22.794
2709,24.654,22.76
2714,24.688,22.794
2719,24.654,22.828
2724,24.654,22.76
2729,24.688,22.794
2734,24.688,22.76
2739,24.654,22.794
2744,24.688,22.794
2749,24.654,22.828
2754,24.688,22.794
2759,24.688,22.794
2764,24.722,22.794
2769,24.722,22.794
2775,24.654,22.76
2780,24.688,22.794
2785,24.722,22.828
2790,24.688,22.76
2795,24.688,22.828
2800,24.688,22.794
2805,24.722,22.861
2810,24.688,22.828
2815,24.688,22.794
2820,24.722,22.861
2825,24.688,22.861
2830,24.722,22.828
2835,24.722,22.828
2840,24.722,22.861
2845,24.722,22.828
2850,24.722,22.861
2855,24.722,22.828
2860,24.688,22.895
2865,24.688,22.828
2871,24.688,22.828
2876,24.722,22.828
2881,24.722,22.828
2886,24.722,22.828
2891,24.688,22.861
2896,24.755,22.861
2901,24.722,22.828
2906,24.755,22.828
2911,24.722,22.861
2916,24.722,22.895
2921,24.688,22.895
2926,24.722,22.895
2931,24.755,22.861
2936,24.722,22.861
2941,24.722,22.895
2946,24.722,22.861
2951,24.789,22.861
2956,24.755,22.895
2962,24.722,22.929
2967,24.722,22.895
2972,24.722,22.861
2977,24.755,22.895
2982,24.789,22.895
2987,24.722,22.895
2992,24.722,22.861
2997,24.755,22.963
3002,24.789,22.861
3007,24.755,22.861
3012,24.722,22.895
3017,24.755,22.861
3022,24.755,22.929
3027,24.789,22.929
3032,24.789,22.895
3037,24.755,22.895
3042,24.755,22.895
3047,24.789,22.963
3052,24.755,22.929
3058,24.789,22.929
3063,24.722,22.963
3068,24.755,22.963
3073,24.789,22.963
3078,24.789,22.963
3083,24.789,22.929
3088,24.755,22.929
3093,24.755,22.929
3098,24.722,22.895
3103,24.755,22.929
3108,24.755,22.997
3113,24.823,22.963
3118,24.755,22.929
3123,24.755,22.963
3128,24.789,22.963
3133,24.789,22.963
3138,24.755,22.963
3143,24.755,22.929
3149,24.789,22.997
3154,24.789,22.997
3159,24.789,22.963
3164,24.789,22.929
3169,24.789,22.929
3174,24.789,22.963
3179,24.823,22.929
3184,24.789,22.963
3189,24.789,22.997
3194,24.789,22.997
3199,24.789,22.963
3204,24.789,22.997
3209,24.789,22.997
3214,24.789,22.997
3219,24.789,22.997
3224,24.755,22.997
3229,24.856,22.997
3234,24.789,23.031
3240,24.789,22.997
3245,24.823,22.963
3250,24.823,22.997
3255,24.823,22.997
3260,24.856,23.031
3265,24.823,22.997
3270,24.823,22.997
3275,24.789,22.997
3280,24.789,23.064
3285,24.823,23.031
3290,24.823,23.031
3295,24.823,22.997
3300,24.823,22.997
3305,24.856,23.031
3310,24.823,23.031
3315,24.823,23.031
3320,24.823,23.064
3325,24.823,23.031
3330,24.856,22.997
3336,24.823,23.098
3341,24.789,23.064
3346,24.856,23.031
3351,24.823,23.098
3356,24.823,23.064
3361,24.856,23.098
3366,24.823,23.031
3371,24.856,23.064
3376,24.856,23.031
3381,24.856,22.997
3386,24.856,23.031
3391,24.856,23.132
3396,24.823,23.031
3401,24.823,23.064
3406,24.823,23.064
3411,24.823,23.031
3416,24.856,23.064
3421,24.823,23.132
3427,24.856,23.132
3432,24.823,23.031
3437,24.856,23.064
3442,24.856,23.064
3447,24.856,23.098
3452,24.856,23.098
3457,24.856,23.064
3462,24.856,23.098
3467,24.89,23.132
3472,24.856,23.098
3477,24.856,23.098
3482,24.856,23.064
3487,24.856,23.132
3492,24.89,23.098
3497,24.856,23.166
3502,24.856,23.132
3507,24.823,23.166
3512,24.856,23.098
3518,24.89,23.098
3523,24.856,23.132
3528,24.856,23.132
3533,24.856,23.132
3538,24.856,23.132
3543,24.856,23.166
3548,24.856,23.132
3553,24.856,23.132
3558,24.856,23.132
3563,24.89,23.166
3568,24.89,23.132
3573,24.856,23.166
3578,24.89,23.166
3583,24.856,23.166
3588,24.856,23.132
3593,24.856,23.132
3598,24.924,23.166
3603,24.856,23.2
3609,24.89,23.098
3614,24.924,23.132
3619,24.856,23.132
3624,24.856,23.2
3629,24.856,23.132
3634,24.89,23.132
3639,24.89,23.2
3644,24.856,23.2
3649,24.89,23.2
3654,24.89,23.2
3659,24.89,23.234
3664,24.924,23.2
3669,24.89,23.2
3674,24.924,23.166
3679,24.89,23.2
3684,24.89,23.166
3689,24.89,23.166
3694,24.89,23.132
3700,24.856,23.2
3705,24.924,23.166
3710,24.89,23.2
3715,24.89,23.2
3720,24.89,23.166
3725,24.856,23.166
3730,24.856,23.2
3735,24.89,23.2
3740,24.924,23.2
3745,24.89,23.166
3750,24.856,23.2
3755,24.89,23.2
3760,24.856,23.234
3765,24.856,23.234
3770,24.89,23.234
3775,24.924,23.234
3780,24.89,23.2
3785,24.89,23.234
3790,24.856,23.2
3796,24.924,23.267
3801,24.924,23.267
3806,24.89,23.234
3811,24.924,23.234
3816,24.89,23.234
3821,24.89,23.2
3826,24.924,23.234
3831,24.89,23.166
3836,24.89,23.267
3841,24.958,23.267
3846,24.89,23.301
3851,24.89,23.234
3856,24.89,23.2
3861,24.924,23.267
3866,24.924,23.301
3871,24.89,23.234
3876,24.89,23.267
3881,24.924,23.267
3887,24.924,23.301
3892,24.958,23.267
3897,24.89,23.267
3902,24.924,23.267
3907,24.924,23.267
3912,24.924,23.267
3917,24.924,23.267
3922,24.924,23.301
3927,24.924,23.267
3932,24.924,23.267
3937,24.958,23.301
3942,24.89,23.301
3947,24.924,23.335
3952,24.924,23.335
3957,24.924,23.267
3962,24.89,23.2
3967,24.924,23.335
3972,24.924,23.301
3978,24.924,23.267
3983,24.924,23.301
3988,24.924,23.267
3993,24.958,23.301
3998,24.958,23.335
4003,24.924,23.301
4008,24.958,23.301
4013,24.924,23.267
4018,24.924,23.335
4023,24.89,23.369
4028,24.924,23.301
4033,24.958,23.301
4038,24.924,23.301
4043,24.958,23.335
4048,24.958,23.369
4053,24.958,23.301
4058,24.89,23.335
4063,24.958,23.301
4068,24.924,23.335
4074,24.958,23.369
4079,24.958,23.335
4084,24.958,23.335
4089,24.958,23.335
4094,24.958,23.335
4099,24.924,23.335
4104,24.958,23.369
4109,24.958,23.403
4114,24.958,23.335
4119,24.958,23.335
4124,24.924,23.369
4129,24.958,23.403
4134,24.924,23.335
4139,24.958,23.301
4144,24.958,23.369
4149,24.958,23.369
4154,24.924,23.369
4159,24.958,23.335
4165,24.991,23.301
4170,24.958,23.369
4175,24.991,23.335
4180,24.924,23.301
4185,24.958,23.403
4190,24.958,23.403
4195,24.991,23.437
4200,24.991,23.369
4205,24.958,23.403
4210,24.958,23.403
4215,24.991,23.369
4220,24.958,23.369
4225,24.958,23.437
4230,24.991,23.403
4235,24.991,23.335
4240,24.991,23.437
4245,24.958,23.335
4250,24.991,23.437
4256,24.991,23.437
4261,24.958,23.471
4266,24.958,23.403
4271,24.991,23.403
4276,24.991,23.437
4281,24.958,23.403
4286,24.924,23.437
4291,24.991,23.335
4296,24.991,23.437
4301,24.991,23.369
4306,24.958,23.369
4311,24.958,23.471
4316,24.991,23.437
4321,24.958,23.471
4326,24.958,23.437
4331,24.991,23.369
4336,24.991,23.437
4341,25.025,23.437
4346,24.958,23.403
4352,24.991,23.403
4357,25.025,23.437
4362,24.958,23.403
4367,25.025,23.437
4372,24.958,23.471
4377,24.991,23.403
4382,24.991,23.437
4387,24.991,23.437
4392,24.958,23.504
4397,25.025,23.437
4402,25.025,23.403
4407,24.991,23.403
4412,24.991,23.504
4417,24.958,23.437
4422,24.991,23.504
4427,25.025,23.504
4432,24.991,23.471
4437,24.991,23.538
4443,24.958,23.504
4448,24.958,23.471
4453,24.991,23.538
4458,24.991,23.471
4463,25.025,23.504
4468,24.991,23.538
4473,24.991,23.538
4478,25.025,23.471
4483,24.991,23.538
4488,24.991,23.538
4493,24.958,23.471
4498,25.025,23.471
4503,24.991,23.471
4508,24.958,23.437
4513,25.025,23.538
4518,25.025,23.504
4523,25.025,23.538
4528,25.059,23.538
4534,24.991,23.504
4539,25.025,23.504
4544,24.991,23.538
4549,25.059,23.471
4554,25.025,23.471
4559,24.991,23.538
4564,24.991,23.572
4569,24.991,23.471
4574,24.991,23.538
4579,25.025,23.504
4584,25.025,23.437
4589,25.025,23.471
4594,24.991,23.538
4599,25.059,23.504
4604,25.025,23.504
4609,24.991,23.572
4614,24.991,23.538
4620,24.958,23.572
4625,24.991,23.538
4630,25.025,23.538
4635,25.025,23.504
4640,24.991,23.538
4645,24.991,23.504
4650,24.991,23.606
4655,25.025,23.504
4660,24.991,23.606
4665,25.025,23.471
4670,25.059,23.538
4675,25.025,23.572
4680,25.059,23.538
4685,25.025,23.606
4690,25.059,23.538
4695,25.059,23.572
4700,25.025,23.538
4705,25.059,23.606
4711,24.991,23.538
4716,25.025,23.538
4721,25.025,23.538
4726,25.059,23.538
4731,24.991,23.538
4736,25.025,23.538
4741,24.991,23.606
4746,25.059,23.606
4751,25.025,23.572
4756,24.991,23.64
4761,25.059,23.572
4766,25.025,23.64
4771,25.059,23.572
4776,25.059,23.538
4781,24.991,23.572
4786,25.025,23.572
4791,25.059,23.538
4796,24.991,23.606
4801,25.025,23.606
4807,25.059,23.64
4812,25.059,23.606
4817,25.059,23.64
4822,25.025,23.64
4827,25.025,23.572
4832,25.025,23.606
4837,25.025,23.64
4842,25.059,23.606
4847,25.059,23.538
4852,25.059,23.64
4857,25.059,23.606
4862,25.059,23.572
4867,25.025,23.572
4872,25.025,23.606
4877,25.025,23.64
4882,25.059,23.606
4887,25.092,23.606
4892,25.059,23.572
4898,25.092,23.64
4903,25.025,23.606
4908,25.059,23.64
4913,25.025,23.606
4918,25.059,23.64
4923,25.025,23.606
4928,25.059,23.606
4933,25.025,23.64
4938,25.059,23.64
4943,25.059,23.606
4948,25.025,23.707
4953,25.025,23.606
4958,25.059,23.606
4963,25.059,23.64
4968,25.059,23.64
4973,25.059,23.674
4978,25.092,23.64
4983,25.025,23.674
4989,25.025,23.606
4994,25.059,23.674
4999,25.092,23.64
5004,25.059,23.741
5009,25.059,23.707
5014,25.092,23.674
5019,25.059,23.606
5024,25.025,23.606
5029,25.092,23.64
5034,25.025,23.674
5039,25.059,23.64
5044,25.025,23.674
5049,25.059,23.674
5054,25.059,23.707
5059,25.092,23.674
5064,25.025,23.674
5069,25.025,23.707
5074,25.025,23.64
5079,25.059,23.741
5085,25.092,23.64
5090,25.059,23.707
5095,25.092,23.674
5100,25.092,23.775
5105,25.059,23.674
5110,25.059,23.707
5115,25.059,23.741
5120,25.025,23.741
5125,25.059,23.741
5130,25.092,23.741
5135,25.092,23.707
5140,25.025,23.775
5145,25.059,23.775
5150,25.092,23.707
5155,25.092,23.64
5160,25.059,23.674
5165,25.059,23.707
5170,25.092,23.741
5176,25.092,23.741
5181,25.092,23.707
5186,25.092,23.775
5191,25.092,23.741
5196,25.059,23.674
5201,25.092,23.674
5206,25.059,23.707
5211,25.092,23.707
5216,25.092,23.674
5221,25.092,23.707
5226,25.092,23.741
5231,25.059,23.775
5236,25.126,23.674
5241,25.092,23.707
5246,25.092,23.741
5251,25.092,23.809
5256,25.092,23.775
5261,25.092,23.775
5267,25.092,23.741
5272,25.092,23.707
5277,25.092,23.741
5282,25.092,23.707
5287,25.059,23.741
5292,25.092,23.809
5297,25.059,23.843
5302,25.092,23.775
5307,25.092,23.707
5312,25.059,23.674
5317,25.092,23.707
5322,25.092,23.775
5327,25.092,23.741
5332,25.092,23.809
5337,25.059,23.775
5342,25.025,23.775
5347,25.092,23.809
5352,25.059,23.741
5357,25.059,23.775
5363,25.092,23.809
5368,25.059,23.775
5373,25.092,23.775
5378,25.092,23.741
5383,25.092,23.809
5388,25.126,23.809
5393,25.126,23.741
5398,25.092,23.809
5403,25.092,23.775
5408,25.092,23.911
5413,25.092,23.741
5418,25.126,23.809
5423,25.092,23.775
5428,25.059,23.843
5433,25.126,23.843
5438,25.092,23.809
5443,25.092,23.809
5448,25.126,23.775
5454,25.126,23.809
5459,25.092,23.775
5464,25.126,23.877
5469,25.092,23.775
5474,25.126,23.843
5479,25.092,23.809
5484,25.126,23.741
5489,25.092,23.911
5494,25.092,23.843
5499,25.126,23.809
5504,25.092,23.775
5509,25.126,23.775
5514,25.126,23.809
5519,25.092,23.775
5524,25.092,23.741
5529,25.16,23.843
5534,25.126,23.809
5539,25.059,23.775
5545,25.059,23.843
5550,25.126,23.843
5555,25.092,23.809
5560,25.126,23.843
5565,25.126,23.877
5570,25.126,23.877
5575,25.092,23.877
5580,25.126,23.843
5585,25.059,23.911
5590,25.092,23.877
5595,25.16,23.843
5600,25.16,23.877
5605,25.16,23.809
5610,25.092,23.843
5615,25.126,23.843
5620,25.092,23.877
5625,25.126,23.809
5630,25.126,23.809
5635,25.126,23.877
5641,25.092,23.911
5646,25.092,23.809
5651,25.16,23.843
5656,25.092,23.843
5661,25.126,23.843
5666,25.126,23.843
5671,25.092,23.877
5676,25.092,23.877
5681,25.092,23.809
5686,25.16,23.877
5691,25.092,23.877
5696,25.126,23.911
5701,25.126,23.944
5706,25.126,23.809
5711,25.126,23.877
5716,25.092,23.843
5721,25.092,23.944
5726,25.092,23.877
5732,25.126,23.911
5737,25.16,23.877
5742,25.126,23.843
5747,25.126,23.978
5752,25.126,23.843
5757,25.126,23.944
5762,25.16,23.944
5767,25.126,23.877
5772,25.092,23.944
5777,25.126,23.944
5782,25.126,23.843
5787,25.126,23.944
5792,25.16,23.911
5797,25.126,23.911
5802,25.092,23.911
5807,25.126,23.978
5812,25.16,23.911
5818,25.126,23.877
5823,25.16,23.944
5828,25.126,23.877
5833,25.126,23.911
5838,25.126,23.911
5843,25.092,23.911
5848,25.16,23.877
5853,25.126,23.877
5858,25.126,23.911
5863,25.16,23.978
5868,25.092,23.877
5873,25.126,23.877
5878,25.194,23.911
5883,25.16,23.944
5888,25.16,23.944
5893,25.16,23.911
5898,25.126,23.911
5903,25.126,23.944
5908,25.126,23.978
5914,25.16,23.911
5919,25.16,23.978
5924,25.126,23.911
5929,25.16,23.944
5934,25.16,23.978
5939,25.16,23.911
5944,25.16,23.978
5949,25.16,23.978
5954,25.194,23.944
5959,25.16,23.978
5964,25.16,23.944
5969,25.092,23.944
5974,25.126,23.911
5979,25.126,23.978
5984,25.126,23.911
5989,25.126,23.978
5994,25.16,23.978
5999,25.126,23.944
6005,25.16,24.012
6010,25.194,23.978
6015,25.16,24.012
6020,25.194,23.944
6025,25.16,23.944
6030,25.126,24.046
6035,25.16,23.978
6040,25.126,23.978
6045,25.126,23.978
6050,25.16,23.944
6055,25.126,23.978
6060,25.16,23.978
6065,25.126,23.944
6070,25.16,23.911
6075,25.16,23.978
6080,25.16,23.978
6085,25.194,24.012
6090,25.126,23.978
6096,25.16,23.944
6101,25.126,23.978
6106,25.16,24.012
6111,25.194,23.944
6116,25.16,24.012
6121,25.16,23.944
6126,25.16,24.012
6131,25.16,23.978
6136,25.126,23.944
6141,25.16,24.012
6146,25.126,24.012
6151,25.126,23.978
6156,25.126,23.978
6161,25.126,23.978
6166,25.16,23.978
6171,25.126,24.012
6176,25.16,24.046
6181,25.126,24.046
6186,25.16,24.012
6192,25.126,23.978
6197,25.126,24.046
6202,25.126,24.046
6207,25.16,24.012
6212,25.126,24.012
6217,25.126,23.978
6222,25.126,24.012
6227,25.126,23.978
6232,25.126,23.978
6237,25.16,24.012
6242,25.126,23.978
6247,25.092,24.046
6252,25.126,24.08
6257,25.092,24.012
6262,25.092,24.046
6267,25.126,24.046
6272,25.126,24.046
6277,25.126,24.046
6283,25.092,24.046
6288,25.059,24.08
6293,25.126,23.978
6298,25.092,24.046
6303,25.126,23.978
6308,25.092,24.046
6313,25.092,24.012
6318,25.126,24.046
6323,25.059,24.046
6328,25.092,24.046
6333,25.092,24.114
6338,25.092,24.08
6343,25.059,24.08
6348,25.092,24.08
6353,25.092,24.08
6358,25.092,24.046
6363,25.092,24.046
6368,25.092,24.08
6374,25.059,24.147
6379,25.059,24.08
6384,25.059,24.046
6389,25.059,24.046
6394,25.025,24.08
6399,25.059,24.046
6404,25.059,24.046
6409,25.025,24.046
6414,25.059,24.012
6419,25.025,24.08
6424,25.025,24.08
6429,25.059,24.08
6434,25.025,24.114
6439,25.025,24.046
6444,25.025,24.08
6449,25.025,24.046
6454,25.059,24.046
6459,24.991,24.08
6464,24.991,24.08
6470,25.025,24.114
6475,24.991,24.046
6480,24.991,24.08
6485,24.991,24.147
6490,24.991,24.08
6495,24.958,24.08
6500,25.025,24.181
6505,24.991,24.114
6510,25.025,24.114
6515,24.958,24.08
6520,24.991,24.181
6525,24.958,24.08
6530,24.958,24.08
6535,24.991,24.114
6540,24.958,24.046
6545,24.991,24.147
6550,24.991,24.147
6555,24.924,24.08
6561,24.991,24.114
6566,24.924,24.181
6571,24.924,24.147
6576,24.958,24.114
6581,24.924,24.114
6586,24.958,24.08
6591,24.924,24.147
6596,24.958,24.114
6601,24.924,24.114
6606,24.958,24.046
6611,24.924,24.147
6616,24.924,24.147
6621,24.89,24.08
6626,24.924,24.114
6631,24.89,24.08
6636,24.89,24.147
6641,24.89,24.114
6646,24.89,24.181
6652,24.89,24.147
6657,24.89,24.147
6662,24.89,24.114
6667,24.856,24.114
6672,24.856,24.08
6677,24.823,24.147
6682,24.856,24.181
6687,24.856,24.181
6692,24.856,24.147
6697,24.823,24.147
6702,24.856,24.147
6707,24.856,24.114
6712,24.789,24.215
6717,24.856,24.147
6722,24.755,24.114
6727,24.789,24.181
6732,24.789,24.181
6737,24.789,24.114
6743,24.755,24.147
6748,24.755,24.114
6753,24.789,24.181
6758,24.789,24.147
6763,24.789,24.181
6768,24.755,24.114
6773,24.789,24.181
6778,24.789,24.147
6783,24.789,24.147
6788,24.722,24.181
6793,24.789,24.215
6798,24.722,24.181
6803,24.722,24.181
6808,24.722,24.147
6813,24.755,24.181
6818,24.722,24.147
6823,24.722,24.181
6828,24.722,24.147
6833,24.722,24.181
6839,24.722,24.181
6844,24.722,24.181
6849,24.722,24.147
6854,24.688,24.114
6859,24.688,24.215
6864,24.688,24.147
6869,24.688,24.215
6874,24.722,24.114
6879,24.688,24.181
6884,24.654,24.181
6889,24.688,24.181
6894,24.654,24.215
6899,24.654,24.215
6904,24.654,24.215
6909,24.62,24.147
6914,24.62,24.181
6919,24.654,24.147
6924,24.654,24.215
6930,24.654,24.181
6935,24.62,24.215
6940,24.654,24.181
6945,24.587,24.181
6950,24.587,24.181
6955,24.62,24.249
6960,24.62,24.181
6965,24.62,24.215
6970,24.587,24.215
6975,24.62,24.147
6980,24.519,24.181
6985,24.587,24.181
6990,24.587,24.249
6995,24.553,24.147
7000,24.553,24.215
7005,24.553,24.215
7010,24.519,24.215
7016,24.553,24.249
7021,24.519,24.215
7026,24.519,24.215
7031,24.519,24.181
7036,24.553,24.249
7041,24.486,24.181
7046,24.519,24.249
7051,24.519,24.181
7056,24.519,24.181
7061,24.519,24.249
7066,24.486,24.215
7071,24.519,24.215
7076,24.486,24.215
7081,24.486,24.249
7086,24.486,24.215
7091,24.519,24.215
7096,24.486,24.215
7101,24.486,24.215
7106,24.452,24.215
7112,24.486,24.215
7117,24.486,24.249
7122,24.452,24.249
7127,24.452,24.215
7132,24.452,24.249
7137,24.486,24.147
7142,24.452,24.181
7147,24.452,24.215
7152,24.452,24.249
7157,24.452,24.249
7162,24.418,24.181
7167,24.418,24.215
7172,24.418,24.249
7177,24.384,24.215
7182,24.418,24.249
7187,24.418,24.215
7192,24.384,24.215
7197,24.384,24.249
7203,24.418,24.215
7208,24.384,24.215
7213,24.384,24.215
7218,24.418,24.215
7223,24.418,24.215
7228,24.384,24.249
7233,24.418,24.249
7238,24.351,24.249
7243,24.384,24.215
7248,24.351,24.249
7253,24.384,24.249
7258,24.351,24.215
7263,24.351,24.215
7268,24.351,24.215
7273,24.351,24.215
7278,24.351,24.249
7283,24.351,24.215
7288,24.351,24.215
7294,24.317,24.215
7299,24.317,24.215
7304,24.317,24.215
7309,24.317,24.249
7314,24.351,24.249
7319,24.317,24.215
7324,24.317,24.249
7329,24.317,24.249
7334,24.283,24.249
7339,24.317,24.249
7344,24.317,24.249
7349,24.283,24.215
7354,24.317,24.215
7359,24.283,24.215
7364,24.317,24.215
7369,24.283,24.249
7374,24.283,24.215
7379,24.283,24.249
7384,24.283,24.249
7390,24.283,24.215
7395,24.283,24.249
7400,24.283,24.215
7405,24.25,24.249
7410,24.25,24.215
7415,24.25,24.215
7420,24.283,24.249
7425,24.25,24.249
7430,24.25,24.283
7435,24.216,24.283
7440,24.216,24.249
7445,24.25,24.249
7450,24.216,24.249
7455,24.25,24.249
7460,24.216,24.249
7465,24.216,24.249
7470,24.182,24.249
7475,24.216,24.283
7481,24.216,24.249
7486,24.216,24.215
7491,24.216,24.249
7496,24.216,24.249
7501,24.216,24.181
7506,24.216,24.249
7511,24.182,24.283
7516,24.216,24.215
7521,24.182,24.215
7526,24.182,24.249
7531,24.182,24.283
7536,24.182,24.215
7541,24.216,24.249
7546,24.148,24.249
7551,24.182,24.249
7556,24.182,24.249
7561,24.182,24.249
7566,24.182,24.215
7572,24.148,24.249
7577,24.148,24.215
7582,24.182,24.249
7587,24.148,24.249
7592,24.148,24.215
7597,24.148,24.249
7602,24.148,24.283
7607,24.148,24.249
7612,24.115,24.249
7617,24.148,24.249
7622,24.148,24.283
7627,24.148,24.215
7632,24.148,24.215
7637,24.148,24.249
7642,24.115,24.215
7647,24.115,24.215
7652,24.148,24.283
7657,24.148,24.215
7663,24.115,24.283
7668,24.081,24.249
7673,24.115,24.249
7678,24.115,24.249
7683,24.081,24.249
7688,24.115,24.249
7693,24.115,24.215
7698,24.081,24.249
7703,24.081,24.215
7708,24.115,24.249
7713,24.081,24.181
7718,24.081,24.215
7723,24.115,24.215
7728,24.115,24.249
7733,24.081,24.215
7738,24.081,24.249
7743,24.081,24.249
7748,24.047,24.249
7753,24.081,24.215
7759,24.081,24.249
7764,24.081,24.249
7769,24.081,24.249
7774,24.081,24.215
7779,24.081,24.249
7784,24.047,24.249
7789,24.047,24.249
7794,24.047,24.249
7799,24.047,24.215
7804,24.047,24.215
7809,24.047,24.283
7814,24.047,24.249
7819,24.014,24.249
7824,24.014,24.249
7829,24.047,24.249
7834,24.047,24.215
7839,23.98,24.249
7844,24.047,24.215
7850,24.014,24.249
7855,24.014,24.215
7860,24.047,24.215
7865,24.014,24.215
7870,24.014,24.249
7875,24.014,24.215
7880,24.014,24.249
7885,24.014,24.215
7890,24.014,24.249
7895,23.98,24.215
7900,24.014,24.249
7905,24.014,24.215
7910,24.014,24.215
7915,24.014,24.215
7920,23.98,24.249
7925,24.014,24.215
7930,23.98,24.215
7935,23.946,24.249
7941,24.014,24.215
7946,23.98,24.215
7951,24.014,24.249
7956,23.98,24.215
7961,23.98,24.249
7966,23.946,24.215
7971,24.014,24.215
7976,23.98,24.249
7981,23.946,24.215
7986,23.98,24.215
7991,23.946,24.249
7996,23.98,24.215
8001,24.014,24.215
8006,23.98,24.181
8011,23.98,24.181
8016,23.946,24.181
8021,23.946,24.215
8026,23.946,24.249
8032,23.946,24.215
8037,23.946,24.215
8042,23.98,24.215
8047,23.946,24.181
8052,23.946,24.215
8057,23.912,24.215
8062,23.946,24.215
8067,23.946,24.215
8072,23.946,24.215
8077,23.912,24.215
8082,23.912,24.215
8087,23.946,24.215
8092,23.912,24.215
8097,23.912,24.215
8102,23.912,24.181
8107,23.912,24.181
8112,23.912,24.215
8117,23.912,24.181
8122,23.912,24.215
8128,23.912,24.215
8133,23.946,24.181
8138,23.912,24.215
8143,23.912,24.215
8148,23.912,24.181
8153,23.912,24.249
8158,23.946,24.215
8163,23.912,24.215
8168,23.912,24.215
8173,23.912,24.181
8178,23.912,24.215
8183,23.912,24.215
8188,23.912,24.181
8193,23.912,24.215
8198,23.912,24.215
8203,23.879,24.215
8208,23.879,24.181
8214,23.879,24.181
8219,23.879,24.215
8224,23.879,24.215
8229,23.879,24.181
8234,23.879,24.215
8239,23.879,24.181
8244,23.879,24.147
8249,23.879,24.181
8254,23.879,24.215
8259,23.879,24.181
8264,23.879,24.181
8269,23.879,24.181
8274,23.845,24.215
8279,23.879,24.181
8284,23.879,24.181
8289,23.879,24.181
8294,23.845,24.181
8299,23.845,24.215
8305,23.845,24.181
8310,23.845,24.181
8315,23.845,24.215
8320,23.879,24.147
8325,23.879,24.181
8330,23.811,24.181
8335,23.845,24.147
8340,23.845,24.181
8345,23.879,24.147
8350,23.845,24.215
8355,23.845,24.181
8360,23.845,24.181
8365,23.845,24.181
8370,23.811,24.181
8375,23.845,24.147
8380,23.811,24.147
8385,23.879,24.147
8390,23.811,24.181
8395,23.811,24.147
8401,23.811,24.181
8406,23.811,24.147
8411,23.811,24.147
8416,23.845,24.181
8421,23.845,24.114
8426,23.845,24.181
8431,23.811,24.181
8436,23.811,24.181
8441,23.778,24.215
8446,23.811,24.181
8451,23.811,24.181
8456,23.811,24.147
8461,23.811,24.181
8466,23.811,24.181
8471,23.778,24.181
8476,23.811,24.147
8481,23.811,24.147
8486,23.811,24.147
8492,23.778,24.147
8497,23.811,24.181
8502,23.778,24.181
8507,23.811,24.181
8512,23.811,24.181
8517,23.778,24.181
8522,23.778,24.147
8527,23.778,24.181
8532,23.778,24.147
8537,23.778,24.147
8542,23.778,24.114
8547,23.778,24.147
8552,23.778,24.147
8557,23.778,24.147
8562,23.778,24.147
8567,23.778,24.181
8572,23.778,24.181
8577,23.778,24.147
8583,23.778,24.147
8588,23.744,24.114
8593,23.744,24.181
8598,23.778,24.114
8603,23.778,24.147
8608,23.778,24.147
8613,23.744,24.147
8618,23.778,24.147
8623,23.744,24.147
8628,23.744,24.147
8633,23.744,24.147
8638,23.744,24.114
8643,23.744,24.147
8648,23.744,24.181
8653,23.744,24.114
8658,23.744,24.147
8663,23.71,24.147
8668,23.744,24.147
8674,23.778,24.147
8679,23.778,24.147
8684,23.744,24.114
8689,23.744,24.147
8694,23.744,24.114
8699,23.778,24.147
8704,23.71,24.114
8709,23.744,24.08
8714,23.778,24.147
8719,23.744,24.147
8724,23.744,24.114
8729,23.744,24.114
8734,23.744,24.114
8739,23.71,24.114
8744,23.71,24.114
8749,23.71,24.147
8754,23.677,24.147
8759,23.744,24.114
8764,23.71,24.147
8770,23.744,24.114
8775,23.71,24.114
8780,23.71,24.08
8785,23.71,24.147
8790,23.71,24.114
8795,23.71,24.114
8800,23.71,24.114
8805,23.71,24.114
8810,23.71,24.114
8815,23.677,24.114
8820,23.71,24.114
8825,23.71,24.114
8830,23.744,24.08
8835,23.677,24.114
8840,23.677,24.08
8845,23.744,24.147
8850,23.744,24.114
8855,23.71,24.114
8861,23.71,24.08
8866,23.71,24.08
8871,23.71,24.08
8876,23.71,24.114
8881,23.71,24.114
8886,23.71,24.114
8891,23.677,24.114
8896,23.71,24.08
8901,23.71,24.08
8906,23.677,24.08
8911,23.677,24.114
8916,23.677,24.114
8921,23.677,24.08
8926,23.677,24.08
8931,23.643,24.08
8936,23.677,24.08
8942,23.677,24.08
8947,23.677,24.08
8952,23.677,24.08
8957,23.677,24.08
8962,23.677,24.08
8967,23.71,24.08
8972,23.677,24.08
8977,23.643,24.08
8982,23.677,24.08
8987,23.71,24.08
8992,23.677,24.114
8997,23.677,24.08
9002,23.643,24.08
9007,23.677,24.08
9012,23.677,24.08
9017,23.643,24.08
9022,23.677,24.08
9027,23.643,24.114
9032,23.643,24.08
9038,23.677,24.114
9043,23.609,24.08
9048,23.677,24.08
9053,23.643,24.046
9058,23.643,24.046
9063,23.677,24.08
9068,23.677,24.08
9073,23.677,24.046
9078,23.643,24.08
9083,23.643,24.08
9088,23.677,24.08
9093,23.677,24.08
9098,23.643,24.08
9103,23.643,24.08
9108,23.677,24.046
9113,23.643,24.046
9118,23.643,24.08
9123,23.643,24.08
9129,23.677,24.046
9134,23.609,24.08
9139,23.643,24.012
9144,23.643,24.046
9149,23.677,24.08
9154,23.643,24.046
9159,23.643,24.046
9164,23.677,24.08
9169,23.609,24.046
9174,23.643,24.08
9179,23.609,24.08
9184,23.643,24.046
9189,23.643,24.08
9194,23.643,24.046
9199,23.609,24.046
9204,23.643,24.08
9209,23.609,24.08
9214,23.643,24.08
9220,23.643,24.046
9225,23.609,24.046
9230,23.575,24.046
9235,23.609,24.046
9240,23.643,24.046
9245,23.609,24.08
9250,23.609,24.046
9255,23.609,24.046
9260,23.643,24.046
9265,23.609,24.08
9270,23.609,24.046
9275,23.609,24.046
9280,23.609,24.046
9285,23.643,24.046
9290,23.609,24.046
9295,23.643,24.046
9300,23.609,24.012
9305,23.609,24.046
9311,23.609,24.08
9316,23.609,24.046
9321,23.643,24.046
9326,23.609,24.012
9331,23.609,24.012
9336,23.609,24.012
9341,23.575,24.046
9346,23.609,24.08
9351,23.575,24.046
9356,23.575,24.012
9361,23.609,24.012
9366,23.575,24.012
9371,23.609,24.046
9376,23.575,24.012
9381,23.575,24.046
9386,23.575,24.046
9391,23.609,24.012
9396,23.609,24.012
9401,23.575,24.012
9407,23.575,24.012
9412,23.575,24.012
9417,23.609,24.046
9422,23.575,24.012
9427,23.575,24.012
9432,23.575,24.012
9437,23.609,24.046
9442,23.609,24.012
9447,23.609,24.012
9452,23.575,24.012
9457,23.609,23.978
9462,23.542,24.012
9467,23.542,24.012
9472,23.575,24.012
9477,23.575,24.012
9482,23.542,24.012
9487,23.575,24.012
9492,23.575,24.012
9498,23.575,24.012
9503,23.542,24.012
9508,23.575,24.012
9513,23.542,24.012
9518,23.575,24.012
9523,23.542,24.012
9528,23.575,23.978
9533,23.609,24.046
9538,23.542,24.012
9543,23.575,24.012
9548,23.542,24.012
9553,23.575,23.978
9558,23.542,23.978
9563,23.575,24.012
9568,23.542,24.012
9573,23.542,24.012
9578,23.542,23.978
9583,23.542,23.978
9589,23.542,23.978
9594,23.575,23.978
9599,23.542,23.944
9604,23.542,23.978
9609,23.575,23.978
9614,23.542,23.978
9619,23.542,23.978
9624,23.542,24.012
9629,23.542,24.012
9634,23.575,24.012
9639,23.542,23.978
9644,23.542,23.978
9649,23.542,23.944
9654,23.542,23.978
9659,23.542,23.944
9664,23.542,23.978
9670,23.575,24.012
9675,23.542,23.978
9680,23.542,23.978
9685,23.575,23.978
9690,23.542,23.944
9695,23.508,24.012
9700,23.508,23.978
9705,23.542,23.978
9710,23.508,23.978
9715,23.542,23.944
9720,23.542,23.978
9725,23.542,23.978
9730,23.542,23.911
9735,23.508,23.978
9740,23.508,23.978
9745,23.508,23.944
9750,23.575,23.944
9755,23.542,23.978
9761,23.508,23.978
9766,23.542,23.911
9771,23.508,23.978
9776,23.542,23.978
9781,23.542,23.944
9786,23.508,23.944
9791,23.542,23.978
9796,23.508,23.944
9801,23.542,23.944
9806,23.542,23.944
9811,23.542,23.911
9816,23.474,23.978
9821,23.508,23.944
9826,23.542,23.944
9831,23.508,23.944
9836,23.474,23.944
9841,23.508,23.944
9846,23.508,23.978
9851,23.474,23.944
9857,23.508,23.944
9862,23.542,23.944
9867,23.508,23.944
9872,23.542,23.911
9877,23.508,23.944
9882,23.508,23.911
9887,23.508,23.944
9892,23.474,23.911
9897,23.508,23.911
9902,23.508,23.944
9907,23.474,23.944
9912,23.508,23.944
9917,23.508,23.944
9922,23.508,23.944
9927,23.508,23.911
9932,23.508,23.944
9937,23.508,23.911
9942,23.508,23.944
9948,23.441,23.944
9953,23.508,23.978
9958,23.508,23.911
9963,23.508,23.944
9968,23.474,23.944
9973,23.474,23.944
9978,23.474,23.911
9983,23.508,23.944
9988,23.508,23.911
9993,23.474,23.877
9998,23.474,23.911
10003,23.474,23.911
10008,23.474,23.944
10013,23.441,23.944
10018,23.508,23.911
10023,23.441,23.911
10028,23.508,23.944
10033,23.474,23.911
10039,23.474,23.911
10044,23.474,23.944
10049,23.474,23.944
10054,23.474,23.911
10059,23.441,23.944
10064,23.474,23.911
10069,23.441,23.911
10074,23.474,23.877
10079,23.508,23.911
10084,23.474,23.911
10089,23.441,23.911
10094,23.474,23.877
10099,23.441,23.911
10104,23.474,23.877
10109,23.508,23.911
10114,23.441,23.911
10119,23.508,23.877
10125,23.474,23.911
10130,23.441,23.877
10135,23.508,23.911
10140,23.441,23.877
10145,23.474,23.877
10150,23.508,23.911
10155,23.474,23.877
10160,23.474,23.911
10165,23.441,23.877
10170,23.474,23.877
10175,23.441,23.911
10180,23.474,23.911
10185,23.474,23.877
10190,23.474,23.911
10195,23.474,23.911
10200,23.474,23.911
10205,23.441,23.911
10210,23.474,23.911
10216,23.474,23.877
10221,23.441,23.877
10226,23.441,23.911
10231,23.474,23.911
10236,23.441,23.911
10241,23.474,23.877
10246,23.441,23.877
10251,23.441,23.877
10256,23.441,23.877
10261,23.474,23.877
10266,23.441,23.911
10271,23.474,23.877
10276,23.441,23.843
10281,23.474,23.877
10286,23.441,23.877
10291,23.474,23.877
10296,23.441,23.877
10301,23.441,23.877
10307,23.474,23.877
10312,23.441,23.877
10317,23.441,23.877
10322,23.474,23.877
10327,23.441,23.877
10332,23.441,23.877
10337,23.407,23.843
10342,23.441,23.843
10347,23.407,23.877
10352,23.441,23.877
10357,23.407,23.877
10362,23.474,23.843
10367,23.441,23.877
10372,23.441,23.877
10377,23.441,23.843
10382,23.441,23.809
10387,23.407,23.843
10392,23.407,23.809
10398,23.407,23.877
10403,23.441,23.843
10408,23.474,23.877
10413,23.441,23.877
10418,23.407,23.843
10423,23.407,23.843
10428,23.441,23.843
10433,23.441,23.877
10438,23.441,23.843
10443,23.441,23.843
10448,23.441,23.843
10453,23.407,23.843
10458,23.441,23.843
10463,23.441,23.877
10468,23.407,23.843
10473,23.441,23.843
10478,23.441,23.809
10483,23.441,23.877
10489,23.441,23.843
10494,23.441,23.843
10499,23.407,23.843
10504,23.407,23.843
10509,23.373,23.809
10514,23.407,23.877
10519,23.441,23.843
10524,23.407,23.809
10529,23.407,23.877
10534,23.407,23.843
10539,23.441,23.843
10544,23.407,23.843
10549,23.373,23.877
10554,23.441,23.843
10559,23.441,23.809
10564,23.373,23.843
10569,23.373,23.843
10574,23.373,23.843
10580,23.407,23.809
10585,23.441,23.809
10590,23.373,23.775
10595,23.373,23.809
10600,23.407,23.809
10605,23.441,23.843
10610,23.407,23.843
10615,23.407,23.809
10620,23.407,23.809
10625,23.407,23.809
10630,23.407,23.809
10635,23.373,23.809
10640,23.407,23.809
10645,23.373,23.809
10650,23.407,23.843
10655,23.373,23.775
10660,23.373,23.809
10665,23.407,23.809
10671,23.407,23.809
10676,23.373,23.775
10681,23.407,23.843
10686,23.373,23.843
10691,23.407,23.843
10696,23.407,23.809
10701,23.407,23.809
10706,23.373,23.843
10711,23.407,23.809
10716,23.407,23.809
10721,23.407,23.775
10726,23.407,23.809
10731,23.407,23.843
10736,23.407,23.775
10741,23.407,23.809
10746,23.407,23.809
10751,23.407,23.809
10756,23.407,23.809
10762,23.373,23.809
10767,23.407,23.775
10772,23.373,23.809
10777,23.373,23.809
10782,23.373,23.775
10787,23.407,23.809
10792,23.373,23.809
10797,23.407,23.809
10802,23.373,23.809
10807,23.373,23.775
10812,23.407,23.809
10817,23.407,23.775
10822,23.373,23.775
10827,23.373,23.843
10832,23.373,23.775
10837,23.373,23.809
10842,23.373,23.775
10848,23.373,23.775
10853,23.373,23.775
10858,23.373,23.741
10863,23.407,23.775
10868,23.373,23.775
10873,23.339,23.809
10878,23.373,23.809
10883,23.373,23.775
10888,23.373,23.809
10893,23.373,23.775
10898,23.373,23.741
10903,23.373,23.775
10908,23.373,23.809
10913,23.373,23.775
10918,23.373,23.775
10923,23.373,23.775
10928,23.373,23.775
10933,23.339,23.775
10939,23.373,23.741
10944,23.373,23.775
10949,23.373,23.775
10954,23.407,23.741
10959,23.339,23.775
10964,23.339,23.775
10969,23.373,23.775
10974,23.373,23.775
10979,23.373,23.775
10984,23.373,23.775
10989,23.339,23.775
10994,23.373,23.775
10999,23.373,23.775
11004,23.373,23.775
11009,23.373,23.775
11014,23.339,23.775
11019,23.373,23.775
11025,23.339,23.775
11030,23.373,23.741
11035,23.339,23.775
11040,23.373,23.775
11045,23.373,23.775
11050,23.339,23.741
11055,23.373,23.741
11060,23.339,23.741
11065,23.373,23.741
11070,23.339,23.741
11075,23.373,23.775
11080,23.339,23.741
11085,23.339,23.775
11090,23.339,23.775
11095,23.373,23.741
11100,23.339,23.741
11105,23.339,23.741
11110,23.339,23.741
11116,23.373,23.741
11121,23.339,23.707
11126,23.339,23.775
11131,23.373,23.775
11136,23.339,23.741
11141,23.339,23.741
11146,23.373,23.775
11151,23.339,23.707
11156,23.373,23.741
11161,23.373,23.741
11166,23.339,23.741
11171,23.339,23.741
11176,23.339,23.775
11181,23.373,23.707
11186,23.339,23.707
11191,23.373,23.741
11196,23.339,23.741
11201,23.373,23.741
11207,23.339,23.741
11212,23.339,23.707
11217,23.339,23.741
11222,23.373,23.741
11227,23.339,23.741
11232,23.339,23.741
11237,23.339,23.741
11242,23.339,23.707
11247,23.306,23.741
11252,23.339,23.707
11257,23.339,23.707
11262,23.339,23.741
11267,23.339,23.707
11272,23.339,23.707
11277,23.339,23.741
11282,23.339,23.741
11287,23.339,23.707
11292,23.373,23.707
11298,23.339,23.741
11303,23.339,23.741
11308,23.339,23.741
11313,23.306,23.707
11318,23.339,23.707
11323,23.339,23.741
11328,23.339,23.741
11333,23.339,23.707
11338,23.339,23.741
11343,23.339,23.741
11348,23.339,23.707
11353,23.339,23.741
11358,23.306,23.707
11363,23.339,23.707
11368,23.339,23.707
11373,23.339,23.707
11378,23.306,23.707
11383,23.339,23.674
11389,23.339,23.707
11394,23.306,23.707
11399,23.339,23.707
11404,23.339,23.741
11409,23.339,23.707
11414,23.373,23.707
11419,23.339,23.707
11424,23.339,23.674
11429,23.339,23.741
11434,23.339,23.741
11439,23.339,23.64
11444,23.339,23.707
11449,23.339,23.674
11454,23.339,23.741
11459,23.339,23.741
11464,23.339,23.707
11469,23.339,23.707
11474,23.306,23.707
11480,23.373,23.707
11485,23.339,23.707
11490,23.306,23.674
11495,23.306,23.674
11500,23.339,23.707
11505,23.306,23.741
11510,23.339,23.674
11515,23.306,23.707
11520,23.339,23.707
11525,23.306,23.674
11530,23.339,23.674
11535,23.306,23.707
11540,23.339,23.707
11545,23.272,23.707
11550,23.306,23.674
11555,23.306,23.674
11560,23.306,23.707
11565,23.306,23.674
11571,23.306,23.707
11576,23.339,23.674
11581,23.339,23.674
11586,23.306,23.707
11591,23.306,23.674
11596,23.339,23.674
11601,23.306,23.674
11606,23.306,23.674
11611,23.339,23.674
11616,23.306,23.674
11621,23.306,23.674
11626,23.339,23.674
11631,23.306,23.707
11636,23.306,23.707
11641,23.306,23.674
11646,23.306,23.674
11651,23.306,23.64
11656,23.339,23.674
11662,23.306,23.674
11667,23.306,23.674
11672,23.306,23.674
11677,23.306,23.674
11682,23.306,23.707
11687,23.306,23.674
11692,23.306,23.674
11697,23.339,23.674
11702,23.306,23.64
11707,23.306,23.674
11712,23.339,23.674
11717,23.339,23.674
11722,23.339,23.64
11727,23.306,23.64
11732,23.306,23.64
11737,23.306,23.64
11742,23.306,23.674
11748,23.306,23.674
11753,23.339,23.64
11758,23.339,23.674
11763,23.306,23.674
11768,23.306,23.674
11773,23.306,23.674
11778,23.306,23.674
11783,23.306,23.674
11788,23.306,23.674
11793,23.272,23.64
11798,23.339,23.64
11803,23.306,23.606
11808,23.306,23.64
11813,23.306,23.64
11818,23.306,23.674
11823,23.306,23.64
11828,23.306,23.674
11833,23.306,23.64
11839,23.306,23.674
11844,23.306,23.64
11849,23.306,23.64
11854,23.339,23.64
11859,23.306,23.674
11864,23.306,23.64
11869,23.272,23.64
11874,23.272,23.606
11879,23.306,23.674
11884,23.339,23.64
11889,23.339,23.64
11894,23.306,23.64
11899,23.306,23.674
11904,23.306,23.674
11909,23.306,23.606
11914,23.272,23.64
11919,23.272,23.64
11924,23.272,23.674
11930,23.306,23.64
11935,23.272,23.64
11940,23.306,23.64
11945,23.272,23.674
11950,23.306,23.64
11955,23.339,23.64
11960,23.306,23.64
11965,23.306,23.64
11970,23.306,23.64
11975,23.306,23.606
11980,23.339,23.64
11985,23.306,23.64
11990,23.272,23.64
11995,23.272,23.64
12000,23.272,23.606
12005,23.272,23.606
12010,23.272,23.606
12015,23.306,23.64
12021,23.306,23.64
12026,23.272,23.64
12031,23.306,23.64
12036,23.306,23.606
12041,23.272,23.64
12046,23.306,23.64
12051,23.272,23.64
12056,23.306,23.606
12061,23.306,23.64
12066,23.272,23.64
12071,23.306,23.606
12076,23.272,23.64
12081,23.306,23.606
12086,23.306,23.64
12091,23.272,23.606
12096,23.272,23.64
12101,23.306,23.606
12107,23.306,23.64
12112,23.238,23.572
12117,23.272,23.64
12122,23.306,23.606
12127,23.272,23.606
12132,23.238,23.606
12137,23.272,23.64
12142,23.306,23.64
12147,23.272,23.64
12152,23.272,23.64
12157,23.272,23.606
12162,23.272,23.606
12167,23.272,23.606
12172,23.306,23.64
12177,23.306,23.64
12182,23.272,23.606
12187,23.272,23.572
12192,23.272,23.606
12198,23.306,23.606
12203,23.272,23.606
12208,23.272,23.606
12213,23.272,23.606
12218,23.272,23.606
12223,23.306,23.572
12228,23.306,23.606
12233,23.272,23.606
12238,23.238,23.572
12243,23.306,23.606
12248,23.306,23.572
12253,23.272,23.606
12258,23.306,23.64
12263,23.272,23.606
12268,23.238,23.572
12273,23.272,23.606
12278,23.272,23.572
12283,23.272,23.538
12289,23.272,23.572
12294,23.272,23.606
12299,23.272,23.572
12304,23.306,23.572
12309,23.272,23.606
12314,23.272,23.606
12319,23.272,23.606
12324,23.272,23.606
12329,23.238,23.572
12334,23.238,23.606
12339,23.306,23.572
12344,23.272,23.606
12349,23.272,23.572
12354,23.238,23.572
12359,23.272,23.606
12364,23.238,23.572
12369,23.272,23.572
12374,23.272,23.606
12380,23.238,23.572
12385,23.306,23.538
12390,23.272,23.572
12395,23.272,23.572
12400,23.306,23.572
12405,23.272,23.572
12410,23.272,23.606
12415,23.238,23.606
12420,23.238,23.572
12425,23.272,23.572
12430,23.238,23.606
12435,23.238,23.606
12440,23.272,23.572
12445,23.272,23.538
12450,23.272,23.572
12455,23.238,23.538
12460,23.272,23.572
12466,23.272,23.572
12471,23.272,23.572
12476,23.272,23.572
12481,23.238,23.572
12486,23.238,23.572
12491,23.238,23.572
12496,23.238,23.572
12501,23.238,23.572
12506,23.238,23.572
12511,23.272,23.572
12516,23.238,23.572
12521,23.272,23.572
12526,23.238,23.538
12531,23.238,23.538
12536,23.272,23.538
12541,23.272,23.572
12546,23.238,23.606
12551,23.238,23.572
12557,23.272,23.572
12562,23.272,23.572
12567,23.272,23.572
12572,23.238,23.572
12577,23.238,23.572
12582,23.272,23.538
12587,23.272,23.572
12592,23.272,23.572
12597,23.272,23.572
12602,23.272,23.572
12607,23.272,23.538
12612,23.238,23.572
12617,23.238,23.538
12622,23.238,23.538
12627,23.272,23.538
12632,23.238,23.572
12637,23.272,23.538
12642,23.205,23.572
12648,23.238,23.538
12653,23.238,23.572
12658,23.238,23.538
12663,23.238,23.538
12668,23.272,23.538
12673,23.238,23.572
12678,23.238,23.606
12683,23.272,23.572
12688,23.238,23.538
12693,23.238,23.572
12698,23.238,23.572
12703,23.238,23.538
12708,23.238,23.572
12713,23.238,23.538
12718,23.272,23.572
12723,23.272,23.572
12728,23.205,23.572
12733,23.272,23.572
12739,23.238,23.538
12744,23.238,23.504
12749,23.238,23.538
12754,23.238,23.538
12759,23.238,23.538
12764,23.238,23.572
12769,23.238,23.538
12774,23.238,23.572
12779,23.238,23.572
12784,23.238,23.538
12789,23.238,23.572
12794,23.238,23.538
12799,23.238,23.572
12804,23.238,23.572
12809,23.238,23.538
12814,23.238,23.538
12819,23.238,23.572
12824,23.238,23.538
12830,23.238,23.572
12835,23.238,23.504
12840,23.205,23.538
12845,23.238,23.572
12850,23.238,23.538
12855,23.238,23.504
12860,23.238,23.538
12865,23.272,23.538
12870,23.272,23.504
12875,23.205,23.538
12880,23.205,23.504
12885,23.238,23.538
12890,23.238,23.538
12895,23.238,23.538
12900,23.238,23.504
12905,23.272,23.504
12910,23.238,23.538
12915,23.238,23.538
12921,23.238,23.572
12926,23.238,23.538
12931,23.238,23.538
12936,23.238,23.504
12941,23.238,23.538
12946,23.205,23.538
12951,23.238,23.538
12956,23.205,23.538
12961,23.238,23.538
12966,23.238,23.504
12971,23.238,23.538
12976,23.205,23.504
12981,23.205,23.504
12986,23.238,23.504
12991,23.238,23.538
12996,23.205,23.538
13001,23.238,23.504
13007,23.238,23.504
13012,23.238,23.504
13017,23.205,23.504
13022,23.238,23.504
13027,23.238,23.538
13032,23.238,23.538
13037,23.238,23.504
13042,23.205,23.504
13047,23.238,23.538
13052,23.238,23.504
13057,23.238,23.504
13062,23.205,23.504
13067,23.238,23.471
13072,23.205,23.471
13077,23.205,23.538
13082,23.205,23.538
13087,23.238,23.538
13092,23.238,23.504
13098,23.205,23.504
13103,23.205,23.504
13108,23.238,23.538
13113,23.205,23.538
13118,23.205,23.504
13123,23.205,23.538
13128,23.205,23.504
13133,23.205,23.538
13138,23.205,23.504
13143,23.205,23.538
13148,23.205,23.504
13153,23.205,23.504
13158,23.205,23.504
13163,23.238,23.504
13168,23.205,23.504
13173,23.238,23.471
13178,23.205,23.538
13183,23.238,23.504
13189,23.238,23.471
13194,23.205,23.538
13199,23.238,23.471
13204,23.238,23.504
13209,23.238,23.471
13214,23.205,23.504
13219,23.205,23.504
13224,23.205,23.504
13229,23.238,23.504
13234,23.205,23.471
13239,23.205,23.504
13244,23.205,23.504
13249,23.205,23.504
13254,23.238,23.471
13259,23.238,23.504
13264,23.205,23.471
13269,23.205,23.504
13275,23.205,23.504
13280,23.238,23.471
13285,23.205,23.471
13290,23.205,23.504
13295,23.205,23.471
13300,23.238,23.504
13305,23.205,23.504
13310,23.205,23.471
13315,23.205,23.471
13320,23.205,23.471
13325,23.171,23.504
13330,23.238,23.504
13335,23.238,23.504
13340,23.238,23.504
13345,23.205,23.504
13350,23.205,23.538
13355,23.238,23.471
13360,23.205,23.471
13366,23.205,23.504
13371,23.238,23.504
13376,23.205,23.471
13381,23.238,23.471
13386,23.205,23.471
13391,23.205,23.504
13396,23.238,23.471
13401,23.205,23.504
13406,23.205,23.471
13411,23.205,23.504
13416,23.238,23.437
13421,23.205,23.471
13426,23.205,23.504
13431,23.171,23.471
13436,23.205,23.471
13441,23.171,23.471
13446,23.205,23.471
13451,23.205,23.471
13457,23.205,23.471
13462,23.238,23.471
13467,23.171,23.504
13472,23.205,23.471
13477,23.205,23.437
13482,23.205,23.471
13487,23.205,23.471
13492,23.205,23.471
13497,23.171,23.471
13502,23.205,23.471
13507,23.171,23.504
13512,23.171,23.471
13517,23.205,23.471
13522,23.171,23.504
13527,23.171,23.538
13532,23.205,23.437
13537,23.205,23.471
13542,23.205,23.471
13548,23.238,23.471
13553,23.205,23.471
13558,23.205,23.471
13563,23.205,23.471
13568,23.205,23.437
13573,23.205,23.471
13578,23.171,23.504
13583,23.205,23.471
13588,23.238,23.437
13593,23.171,23.471
13598,23.171,23.403
13603,23.205,23.471
13608,23.171,23.471
13613,23.205,23.471
13618,23.205,23.437
13623,23.171,23.471
13628,23.171,23.437
13634,23.205,23.437
13639,23.205,23.471
13644,23.205,23.437
13649,23.171,23.471
13654,23.171,23.471
13659,23.205,23.437
13664,23.205,23.471
13669,23.205,23.471
13674,23.205,23.437
13679,23.205,23.471
13684,23.171,23.403
13689,23.171,23.437
13694,23.205,23.471
13699,23.171,23.471
13704,23.171,23.471
13709,23.171,23.471
13714,23.171,23.471
13719,23.205,23.471
13725,23.205,23.437
13730,23.171,23.437
13735,23.205,23.471
13740,23.205,23.437
13745,23.205,23.471
13750,23.171,23.437
13755,23.171,23.437
13760,23.171,23.437
13765,23.205,23.437
13770,23.171,23.437
13775,23.171,23.471
13780,23.171,23.471
13785,23.205,23.437
13790,23.205,23.437
13795,23.171,23.437
13800,23.205,23.437
13805,23.171,23.471
13810,23.137,23.437
13816,23.171,23.403
13821,23.171,23.437
13826,23.171,23.403
13831,23.205,23.437
13836,23.205,23.471
13841,23.171,23.504
13846,23.171,23.437
13851,23.205,23.437
13856,23.171,23.471
13861,23.171,23.437
13866,23.171,23.403
13871,23.205,23.437
13876,23.171,23.471
13881,23.171,23.437
13886,23.171,23.437
13891,23.205,23.437
13896,23.205,23.471
13901,23.171,23.437
13907,23.171,23.437
13912,23.171,23.437
13917,23.171,23.437
13922,23.205,23.437
13927,23.171,23.437
13932,23.171,23.437
13937,23.171,23.471
13942,23.171,23.437
13947,23.171,23.437
13952,23.171,23.471
13957,23.171,23.437
13962,23.171,23.437
13967,23.171,23.437
13972,23.171,23.437
13977,23.171,23.437
13982,23.171,23.437
13987,23.205,23.403
13992,23.205,23.437
13998,23.171,23.403
14003,23.171,23.437
14008,23.171,23.403
14013,23.171,23.403
14018,23.171,23.369
14023,23.171,23.437
14028,23.137,23.437
14033,23.171,23.471
14038,23.171,23.403
14043,23.205,23.437
14048,23.171,23.403
14053,23.171,23.437
14058,23.171,23.437
14063,23.171,23.437
14068,23.171,23.437
14073,23.137,23.403
14078,23.205,23.403
14083,23.171,23.437
14089,23.171,23.403
14094,23.171,23.437
14099,23.171,23.403
14104,23.171,23.403
14109,23.171,23.403
14114,23.171,23.437
14119,23.171,23.437
14124,23.137,23.437
14129,23.171,23.437
14134,23.171,23.403
14139,23.171,23.437
14144,23.137,23.403
14149,23.137,23.403
14154,23.171,23.403
14159,23.171,23.437
14164,23.171,23.403
14169,23.171,23.437
14175,23.171,23.403
14180,23.171,23.403
14185,23.171,23.403
14190,23.137,23.403
14195,23.171,23.403
14200,23.171,23.437
14205,23.171,23.437
14210,23.137,23.437
14215,23.171,23.403
14220,23.171,23.403
14225,23.171,23.403
14230,23.137,23.403
14235,23.137,23.437
14240,23.171,23.403
14245,23.171,23.437
14250,23.137,23.437
14255,23.137,23.403
14260,23.137,23.437
14266,23.171,23.403
14271,23.171,23.403
14276,23.104,23.403
14281,23.137,23.437
14286,23.137,23.403
14291,23.171,23.403
14296,23.137,23.403
14301,23.171,23.403
14306,23.171,23.403
14311,23.171,23.403
14316,23.137,23.335
14321,23.137,23.403
14326,23.137,23.403
14331,23.137,23.403
14336,23.137,23.403
14341,23.137,23.403
14346,23.171,23.437
14351,23.171,23.403
14357,23.171,23.369
14362,23.137,23.437
14367,23.171,23.403
14372,23.171,23.369
14377,23.137,23.403
14382,23.137,23.403
14387,23.171,23.369
14392,23.171,23.403
14397,23.171,23.437
14402,23.171,23.403
14407,23.171,23.403
14412,23.137,23.403
14417,23.171,23.437
14422,23.137,23.403
14427,23.137,23.403
14432,23.171,23.369
14437,23.137,23.369
14443,23.137,23.369
14448,23.137,23.369
14453,23.137,23.437
14458,23.137,23.369
14463,23.137,23.403
14468,23.171,23.369
14473,23.137,23.437
14478,23.137,23.403
14483,23.171,23.403
14488,23.171,23.369
14493,23.137,23.437
14498,23.137,23.369
14503,23.171,23.403
14508,23.137,23.403
14513,23.171,23.403
14518,23.137,23.403
14523,23.137,23.369
14528,23.171,23.403
14534,23.171,23.369
14539,23.137,23.369
14544,23.171,23.369
14549,23.137,23.403
14554,23.137,23.369
14559,23.171,23.403
14564,23.137,23.369
14569,23.137,23.369
14574,23.104,23.403
14579,23.137,23.403
14584,23.104,23.403
14589,23.137,23.369
14594,23.137,23.369
14599,23.137,23.369
14604,23.137,23.403
14609,23.137,23.369
14614,23.171,23.403
14619,23.137,23.403
14625,23.137,23.369
14630,23.137,23.403
14635,23.137,23.369
14640,23.104,23.403
14645,23.205,23.369
14650,23.137,23.369
14655,23.137,23.369
14660,23.171,23.369
14665,23.137,23.369
14670,23.137,23.403
14675,23.104,23.403
14680,23.171,23.403
14685,23.104,23.369
14690,23.137,23.403
14695,23.137,23.335
14700,23.137,23.369
14705,23.137,23.369
14711,23.137,23.369
14716,23.104,23.369
14721,23.171,23.369
14726,23.137,23.369
14731,23.104,23.369
14736,23.137,23.335
14741,23.104,23.369
14746,23.137,23.369
14751,23.104,23.335
14756,23.137,23.369
14761,23.137,23.369
14766,23.137,23.369
14771,23.137,23.369
14776,23.137,23.335
14781,23.104,23.403
14786,23.137,23.369
14791,23.104,23.369
14796,23.104,23.369
14802,23.137,23.369
14807,23.137,23.369
14812,23.137,23.335
14817,23.137,23.369
14822,23.137,23.369
14827,23.137,23.369
14832,23.137,23.335
14837,23.137,23.335
14842,23.137,23.369
14847,23.137,23.369
14852,23.137,23.335
14857,23.104,23.369
14862,23.171,23.335
14867,23.137,23.335
14872,23.137,23.403
14877,23.137,23.369
14882,23.137,23.369
14887,23.137,23.369
14893,23.104,23.335
14898,23.137,23.369
14903,23.137,23.369
14908,23.137,23.369
14913,23.137,23.369
14918,23.104,23.369
14923,23.104,23.335
14928,23.104,23.403
14933,23.137,23.335
14938,23.104,23.335
14943,23.137,23.369
14948,23.137,23.335
14953,23.104,23.369
14958,23.137,23.403
14963,23.137,23.369
14968,23.137,23.369
14973,23.104,23.369
14978,23.104,23.335
14984,23.104,23.369
14989,23.137,23.335
14994,23.137,23.369
14999,23.137,23.369
15004,23.104,23.335
15009,23.104,23.369
15014,23.137,23.369
15019,23.104,23.335
15024,23.104,23.369
15029,23.137,23.369
15034,23.137,23.335
15039,23.137,23.335
15044,23.104,23.369
15049,23.137,23.369
15054,23.137,23.335
15059,23.137,23.335
15064,23.137,23.369
15069,23.104,23.369
15075,23.137,23.335
15080,23.104,23.335
15085,23.137,23.369
15090,23.137,23.335
15095,23.104,23.335
15100,23.137,23.335
15105,23.104,23.369
15110,23.104,23.369
15115,23.104,23.369
15120,23.104,23.335
15125,23.104,23.335
15130,23.104,23.301
15135,23.137,23.335
15140,23.104,23.369
15145,23.104,23.369
15150,23.137,23.369
15155,23.104,23.335
15161,23.137,23.335
15166,23.104,23.335
15171,23.104,23.335
15176,23.104,23.335
15181,23.137,23.335
15186,23.137,23.335
15191,23.104,23.335
15196,23.104,23.301
15201,23.137,23.335
15206,23.104,23.335
15211,23.104,23.335
15216,23.104,23.335
15221,23.104,23.335
15226,23.104,23.335
15231,23.137,23.369
15236,23.104,23.335
15241,23.137,23.301
15246,23.104,23.335
15252,23.137,23.335
15257,23.104,23.335
15262,23.104,23.301
15267,23.104,23.335
15272,23.104,23.335
15277,23.104,23.301
15282,23.104,23.335
15287,23.104,23.369
15292,23.104,23.335
15297,23.104,23.335
15302,23.104,23.335
15307,23.104,23.369
15312,23.104,23.369
15317,23.137,23.301
15322,23.104,23.335
15327,23.104,23.335
15332,23.104,23.301
15337,23.137,23.301
15343,23.104,23.335
15348,23.104,23.335
15353,23.104,23.301
15358,23.104,23.335
15363,23.104,23.301
15368,23.104,23.301
15373,23.104,23.335
15378,23.104,23.369
15383,23.07,23.301
15388,23.104,23.335
15393,23.104,23.335
15398,23.104,23.335
15403,23.104,23.301
15408,23.137,23.335
15413,23.137,23.335
15418,23.104,23.301
15423,23.104,23.335
15428,23.104,23.301
15434,23.104,23.335
15439,23.137,23.335
15444,23.137,23.335
15449,23.104,23.335
15454,23.104,23.301
15459,23.104,23.301
15464,23.07,23.301
15469,23.104,23.335
15474,23.07,23.335
15479,23.137,23.301
15484,23.104,23.301
15489,23.137,23.301
15494,23.104,23.335
15499,23.07,23.335
15504,23.104,23.335
15509,23.104,23.335
15514,23.07,23.335
15520,23.104,23.301
15525,23.104,23.335
15530,23.036,23.335
15535,23.104,23.335
15540,23.104,23.335
15545,23.104,23.335
15550,23.104,23.335
15555,23.104,23.335
15560,23.104,23.335
15565,23.104,23.335
15570,23.07,23.301
15575,23.137,23.301
15580,23.104,23.301
15585,23.137,23.335
15590,23.07,23.335
15595,23.104,23.301
15600,23.104,23.301
15605,23.104,23.335
15611,23.07,23.335
15616,23.137,23.301
15621,23.104,23.301
15626,23.104,23.335
15631,23.07,23.335
15636,23.104,23.335
15641,23.07,23.335
15646,23.104,23.301
15651,23.104,23.301
15656,23.104,23.335
15661,23.104,23.301
15666,23.07,23.301
15671,23.104,23.335
15676,23.104,23.335
15681,23.104,23.301
15686,23.104,23.301
15691,23.07,23.301
15697,23.104,23.301
15702,23.07,23.267
15707,23.104,23.335
15712,23.104,23.301
15717,23.137,23.301
15722,23.104,23.301
15727,23.104,23.301
15732,23.07,23.301
15737,23.104,23.335
15742,23.104,23.335
15747,23.104,23.335
15752,23.104,23.301
15757,23.104,23.335
15762,23.104,23.301
15767,23.104,23.267
15772,23.07,23.335
15777,23.104,23.301
15782,23.07,23.267
15788,23.07,23.335
15793,23.07,23.301
15798,23.07,23.301
15803,23.104,23.301
15808,23.07,23.301
15813,23.104,23.301
15818,23.137,23.335
15823,23.07,23.301
15828,23.104,23.335
15833,23.104,23.301
15838,23.07,23.369
15843,23.104,23.267
15848,23.104,23.301
15853,23.137,23.301
15858,23.07,23.301
15863,23.104,23.301
15868,23.07,23.301
15873,23.104,23.301
15879,23.07,23.301
15884,23.104,23.301
15889,23.07,23.301
15894,23.07,23.301
15899,23.07,23.301
15904,23.07,23.335
15909,23.104,23.301
15914,23.104,23.267
15919,23.104,23.301
15924,23.104,23.335
15929,23.104,23.301
15934,23.104,23.301
15939,23.07,23.267
15944,23.104,23.301
15949,23.104,23.301
15954,23.07,23.301
15959,23.104,23.301
15964,23.104,23.301
15970,23.07,23.267
15975,23.137,23.335
15980,23.104,23.301
15985,23.07,23.267
15990,23.07,23.267
15995,23.07,23.234
16000,23.104,23.267
16005,23.137,23.301
16010,23.07,23.301
16015,23.07,23.267
16020,23.07,23.267
16025,23.07,23.335
16030,23.07,23.335
16035,23.07,23.301
16040,23.07,23.335
16045,23.104,23.267
16050,23.07,23.335
16056,23.07,23.267
16061,23.07,23.267
16066,23.07,23.301
16071,23.07,23.301
16076,23.07,23.301
16081,23.07,23.301
16086,23.07,23.301
16091,23.104,23.267
16096,23.07,23.267
16101,23.104,23.267
16106,23.07,23.301
16111,23.07,23.301
16116,23.036,23.301
16121,23.07,23.301
16126,23.036,23.267
16131,23.07,23.301
16136,23.07,23.267
16141,23.07,23.267
16147,23.036,23.267
16152,23.07,23.267
16157,23.104,23.301
16162,23.104,23.267
16167,23.07,23.301
16172,23.07,23.267
16177,23.104,23.267
16182,23.104,23.267
16187,23.036,23.267
16192,23.07,23.301
16197,23.07,23.267
16202,23.07,23.301
16207,23.07,23.267
16212,23.07,23.301
16217,23.07,23.335
16222,23.07,23.267
16227,23.036,23.267
16232,23.07,23.267
16238,23.07,23.267
16243,23.036,23.267
16248,23.07,23.301
16253,23.07,23.267
16258,23.07,23.301
16263,23.036,23.267
16268,23.07,23.301
16273,23.07,23.267
16278,23.07,23.234
16283,23.104,23.301
16288,23.07,23.267
16293,23.036,23.267
16298,23.07,23.267
16303,23.036,23.301
16308,23.104,23.267
16313,23.036,23.267
16318,23.07,23.267
16323,23.07,23.267
16329,23.07,23.301
16334,23.07,23.234
16339,23.07,23.234
16344,23.07,23.267
16349,23.07,23.267
16354,23.07,23.267
16359,23.07,23.301
16364,23.036,23.234
16369,23.07,23.267
16374,23.07,23.267
16379,23.07,23.267
16384,23.036,23.267
16389,23.036,23.234
16394,23.036,23.267
16399,23.036,23.234
16404,23.07,23.301
16409,23.07,23.267
16415,23.07,23.301
16420,23.07,23.234
16425,23.036,23.267
16430,23.07,23.267
16435,23.07,23.234
16440,23.07,23.267
16445,23.036,23.234
16450,23.104,23.234
16455,23.104,23.267
16460,23.07,23.234
16465,23.036,23.267
16470,23.104,23.267
16475,23.07,23.267
16480,23.07,23.301
16485,23.036,23.267
16490,23.07,23.267
16495,23.07,23.267
16500,23.07,23.267
16506,23.07,23.234
16511,23.07,23.267
16516,23.07,23.267
16521,23.07,23.234
16526,23.036,23.234
16531,23.07,23.267
16536,23.07,23.267
16541,23.036,23.267
16546,23.07,23.267
16551,23.07,23.267
16556,23.036,23.267
16561,23.036,23.267
16566,23.036,23.234
16571,23.07,23.267
16576,23.07,23.234
16581,23.104,23.234
16586,23.07,23.234
16591,23.07,23.267
16597,23.036,23.234
16602,23.07,23.301
16607,23.07,23.234
16612,23.036,23.234
16617,23.07,23.234
16622,23.07,23.234
16627,23.036,23.234
16632,23.07,23.267
16637,23.036,23.234
16642,23.036,23.267
16647,23.07,23.267
16652,23.07,23.267
16657,23.036,23.2
16662,23.036,23.267
16667,23.07,23.234
16672,23.036,23.267
16677,23.036,23.267
16682,23.07,23.267
16688,23.036,23.234
16693,23.036,23.267
16698,23.036,23.234
16703,23.036,23.234
16708,23.036,23.301
16713,23.07,23.234
16718,23.036,23.267
16723,23.07,23.267
16728,23.036,23.2
16733,23.002,23.234
16738,23.036,23.234
16743,23.036,23.267
16748,23.002,23.234
16753,23.002,23.234
16758,23.002,23.267
16763,23.036,23.267
16768,23.002,23.267
16773,23.002,23.234
16779,23.036,23.234
16784,23.036,23.234
16789,23.036,23.234
16794,23.036,23.267
16799,23.036,23.234
16804,23.002,23.234
16809,23.07,23.234
16814,23.07,23.234
16819,23.002,23.234
16824,23.036,23.234
16829,23.002,23.234
16834,23.036,23.267
16839,23.002,23.234
16844,23.036,23.234
16849,23.036,23.234
16854,23.036,23.267
16860,23.036,23.267
16865,23.036,23.234
16870,23.036,23.267
16875,23.036,23.2
16880,23.002,23.234
16885,23.002,23.234
16890,23.002,23.267
16895,23.036,23.234
16900,23.002,23.234
16905,23.036,23.267
16910,23.002,23.2
16915,23.002,23.234
16920,23.002,23.234
16925,23.002,23.234
16930,23.002,23.234
16935,23.002,23.2
16940,23.002,23.267
16945,23.036,23.234
16951,23.002,23.234
16956,23.036,23.234
16961,23.002,23.234
16966,23.036,23.2
16971,23.002,23.234
16976,23.002,23.234
16981,23.036,23.234
16986,23.036,23.267
16991,23.002,23.234
16996,23.002,23.267
17001,23.036,23.267
17006,23.002,23.267
17011,23.002,23.234
17016,23.002,23.267
17021,23.002,23.234
17026,23.002,23.234
17031,22.969,23.267
17036,23.002,23.234
17042,23.002,23.234
17047,23.002,23.2
17052,23.002,23.234
17057,23.002,23.234
17062,23.036,23.2
17067,22.969,23.234
17072,23.002,23.234
17077,23.002,23.267
17082,23.002,23.234
17087,23.002,23.2
17092,23.002,23.2
17097,22.969,23.267
17102,23.002,23.267
17107,23.002,23.234
17112,23.002,23.234
17117,23.002,23.267
17122,23.002,23.267
17127,23.002,23.234
17133,23.002,23.2
17138,22.969,23.166
17143,23.002,23.2
17148,23.002,23.234
17153,22.969,23.234
17158,22.935,23.234
17163,23.002,23.2
17168,22.969,23.234
17173,23.002,23.234
17178,22.969,23.2
17183,23.002,23.234
17188,22.969,23.234
17193,23.002,23.267
17198,23.002,23.234
17203,23.002,23.2
17208,23.002,23.2
17213,23.002,23.234
17219,23.002,23.234
17224,23.002,23.234
17229,23.002,23.234
17234,23.002,23.2
17239,22.969,23.2
17244,22.969,23.234
17249,22.969,23.234
17254,22.969,23.2
17259,22.969,23.234
17264,22.969,23.2
17269,23.002,23.166
17274,22.969,23.2
17279,22.969,23.234
17284,22.969,23.234
17289,22.969,23.166
17294,22.935,23.2
17299,22.969,23.234
17304,22.969,23.166
17310,23.002,23.234
17315,23.002,23.2
17320,22.969,23.2
17325,22.969,23.234
17330,22.969,23.2
17335,22.969,23.2
17340,22.969,23.234
17345,23.002,23.166
17350,22.969,23.234
17355,22.969,23.234
17360,22.969,23.234
17365,22.935,23.234
17370,22.969,23.2
17375,22.969,23.2
17380,22.969,23.2
17385,22.935,23.2
17390,22.969,23.2
17395,22.969,23.234
17401,22.969,23.2
17406,22.935,23.2
17411,22.969,23.2
17416,22.969,23.2
17421,22.969,23.234
17426,22.969,23.2
17431,22.935,23.234
17436,22.969,23.234
17441,22.969,23.2
17446,22.969,23.2
17451,22.969,23.234
17456,22.969,23.2
17461,22.969,23.2
17466,22.935,23.234
17471,22.935,23.2
17476,22.969,23.234
17481,22.935,23.2
17486,22.935,23.2
17492,22.969,23.234
17497,22.969,23.2
17502,22.935,23.234
17507,22.969,23.2
17512,22.969,23.166
17517,22.969,23.2
17522,22.969,23.234
17527,22.935,23.2
17532,22.969,23.234
17537,22.969,23.234
17542,22.935,23.2
17547,22.969,23.2
17552,22.969,23.166
17557,22.935,23.166
17562,22.935,23.2
17567,22.969,23.2
17573,22.935,23.2
17578,22.969,23.2
17583,22.935,23.234
17588,22.969,23.2
17593,22.935,23.2
17598,22.935,23.2
17603,22.969,23.166
17608,22.969,23.2
17613,22.969,23.166
17618,22.935,23.166
17623,22.935,23.2
17628,22.969,23.2
17633,22.935,23.2
17638,22.935,23.2
17643,22.935,23.234
17648,22.935,23.166
17653,22.935,23.2
17659,22.935,23.2
17664,22.935,23.2
17669,22.935,23.2
17674,22.935,23.166
17679,22.969,23.2
17684,22.969,23.2
17689,22.969,23.166
17694,22.935,23.2
17699,22.935,23.2
17704,22.935,23.2
17709,22.935,23.2
17714,22.969,23.2
17719,22.935,23.132
17724,22.935,23.166
17729,22.935,23.2
17734,22.935,23.166
17739,22.901,23.166
17744,22.935,23.2
17750,22.935,23.2
17755,22.935,23.2
17760,22.935,23.166
17765,22.901,23.166
17770,22.935,23.166
17775,22.969,23.166
17780,22.935,23.2
17785,22.935,23.2
17790,22.935,23.2
17795,22.935,23.2
17800,22.935,23.166
17805,22.935,23.2
17810,22.901,23.2
17815,22.935,23.2
17820,22.901,23.2
17825,22.935,23.166
17830,22.969,23.166
17835,22.935,23.166
17841,22.935,23.2
17846,22.935,23.2
17851,22.935,23.166
17856,22.901,23.166
17861,22.901,23.2
17866,22.935,23.2
17871,22.935,23.2
17876,22.935,23.166
17881,22.935,23.2
17886,22.901,23.2
17891,22.935,23.166
17896,22.935,23.2
17901,22.935,23.2
17906,22.901,23.2
17911,22.935,23.166
17916,22.935,23.166
17921,22.935,23.166
17926,22.901,23.166
17932,22.901,23.166
17937,22.969,23.2
17942,22.935,23.2
17947,22.935,23.2
17952,22.935,23.166
17957,22.935,23.2
17962,22.935,23.132
17967,22.935,23.166
17972,22.935,23.166
17977,22.935,23.166
17982,22.935,23.132
17987,22.901,23.166
17992,22.901,23.2
17997,22.901,23.2
18002,22.935,23.166
18007,22.935,23.166
18012,22.901,23.166
18018,22.901,23.166
18023,22.901,23.132
18028,22.901,23.166
18033,22.901,23.166
18038,22.901,23.166
18043,22.935,23.166
18048,22.935,23.234
18053,22.901,23.166
18058,22.901,23.2
18063,22.901,23.2
18068,22.901,23.166
18073,22.901,23.166
18078,22.901,23.166
18083,22.901,23.166
18088,22.901,23.166
18093,22.901,23.166
18098,22.901,23.166
18103,22.901,23.132
18109,22.901,23.166
18114,22.935,23.166
18119,22.935,23.132
18124,22.901,23.166
18129,22.901,23.166
18134,22.901,23.132
18139,22.901,23.166
18144,22.901,23.166
18149,22.901,23.132
18154,22.935,23.166
18159,22.935,23.166
18164,22.868,23.166
18169,22.901,23.166
18174,22.901,23.132
18179,22.901,23.132
18184,22.901,23.166
18189,22.901,23.166
18194,22.935,23.166
18200,22.901,23.132
18205,22.901,23.132
18210,22.901,23.2
18215,22.935,23.166
18220,22.901,23.132
18225,22.935,23.166
18230,22.901,23.166
18235,22.901,23.166
18240,22.901,23.132
18245,22.901,23.166
18250,22.901,23.132
18255,22.868,23.166
18260,22.901,23.132
18265,22.901,23.166
18270,22.901,23.166
18275,22.901,23.166
18280,22.868,23.166
18285,22.901,23.166
18291,22.901,23.166
18296,22.901,23.166
18301,22.901,23.132
18306,22.901,23.132
18311,22.901,23.132
18316,22.868,23.132
18321,22.901,23.2
18326,22.868,23.132
18331,22.901,23.132
18336,22.901,23.132
18341,22.868,23.132
18346,22.901,23.166
18351,22.901,23.132
18356,22.868,23.132
18361,22.901,23.132
18366,22.901,23.166
18371,22.901,23.166
18377,22.901,23.166
18382,22.901,23.166
18387,22.901,23.132
18392,22.901,23.166
18397,22.901,23.166
18402,22.901,23.132
18407,22.901,23.166
18412,22.868,23.132
18417,22.901,23.132
18422,22.868,23.132
18427,22.901,23.166
18432,22.901,23.098
18437,22.868,23.166
18442,22.868,23.098
18447,22.868,23.132
18452,22.901,23.166
18457,22.868,23.166
18462,22.868,23.132
18468,22.901,23.098
18473,22.868,23.132
18478,22.901,23.132
18483,22.868,23.166
18488,22.901,23.132
18493,22.868,23.098
18498,22.901,23.166
18503,22.868,23.132
18508,22.868,23.132
18513,22.901,23.132
18518,22.901,23.132
18523,22.901,23.166
18528,22.901,23.166
18533,22.901,23.132
18538,22.868,23.132
18543,22.901,23.132
18548,22.868,23.166
18553,22.868,23.098
18559,22.901,23.132
18564,22.901,23.132
18569,22.901,23.132
18574,22.901,23.166
18579,22.901,23.132
18584,22.901,23.132
18589,22.901,23.132
18594,22.868,23.132
18599,22.868,23.132
18604,22.868,23.132
18609,22.868,23.132
18614,22.901,23.098
18619,22.868,23.132
18624,22.901,23.132
18629,22.868,23.132
18634,22.868,23.132
18639,22.868,23.098
18644,22.868,23.132
18650,22.868,23.132
18655,22.868,23.132
18660,22.868,23.098
18665,22.868,23.098
18670,22.901,23.132
18675,22.834,23.132
18680,22.901,23.166
18685,22.868,23.132
18690,22.834,23.098
18695,22.868,23.132
18700,22.834,23.098
18705,22.868,23.098
18710,22.901,23.166
18715,22.868,23.132
18720,22.868,23.132
18725,22.834,23.098
18730,22.901,23.132
18736,22.868,23.132
18741,22.868,23.132
18746,22.868,23.098
18751,22.868,23.098
18756,22.901,23.064
18761,22.868,23.166
18766,22.868,23.132
18771,22.868,23.098
18776,22.834,23.098
18781,22.868,23.132
18786,22.868,23.098
18791,22.868,23.098
18796,22.868,23.132
18801,22.868,23.098
18806,22.868,23.098
18811,22.868,23.098
18816,22.868,23.132
18822,22.868,23.132
18827,22.901,23.098
18832,22.868,23.098
18837,22.868,23.132
18842,22.868,23.132
18847,22.868,23.132
18852,22.868,23.132
18857,22.868,23.132
18862,22.868,23.132
18867,22.834,23.132
18872,22.868,23.098
18877,22.868,23.098
18882,22.834,23.132
18887,22.868,23.098
18892,22.868,23.098
18897,22.868,23.098
18902,22.868,23.132
18907,22.868,23.098
18913,22.834,23.132
18918,22.834,23.098
18923,22.868,23.132
18928,22.868,23.098
18933,22.834,23.064
18938,22.834,23.098
18943,22.868,23.132
18948,22.868,23.132
18953,22.868,23.098
18958,22.901,23.098
18963,22.834,23.098
18968,22.834,23.098
18973,22.834,23.098
18978,22.834,23.132
18983,22.8,23.132
18988,22.834,23.098
18993,22.834,23.098
18998,22.868,23.098
19004,22.834,23.064
19009,22.868,23.098
19014,22.868,23.064
19019,22.868,23.098
19024,22.8,23.098
19029,22.834,23.098
19034,22.834,23.098
19039,22.868,23.098
19044,22.834,23.064
19049,22.868,23.098
19054,22.868,23.132
19059,22.868,23.132
19064,22.834,23.098
19069,22.868,23.098
19074,22.834,23.098
19079,22.868,23.098
19084,22.868,23.064
19090,22.834,23.098
19095,22.868,23.098
19100,22.834,23.098
19105,22.868,23.098
19110,22.834,23.098
19115,22.834,23.098
19120,22.834,23.098
19125,22.834,23.098
19130,22.868,23.098
19135,22.834,23.098
19140,22.834,23.098
19145,22.8,23.098
19150,22.834,23.132
19155,22.868,23.064
19160,22.834,23.098
19165,22.834,23.098
19170,22.834,23.098
19175,22.8,23.064
19181,22.834,23.098
19186,22.834,23.098
19191,22.834,23.098
19196,22.834,23.064
19201,22.8,23.098
19206,22.834,23.064
19211,22.868,23.064
19216,22.834,23.064
19221,22.901,23.098
19226,22.868,23.098
19231,22.834,23.064
19236,22.834,23.064
19241,22.834,23.098
19246,22.868,23.098
19251,22.834,23.064
19256,22.834,23.064
19261,22.868,23.098
19266,22.834,23.098
19272,22.834,23.064
19277,22.834,23.098
19282,22.834,23.098
19287,22.834,23.098
19292,22.834,23.098
19297,22.8,23.064
19302,22.834,23.064
19307,22.834,23.064
19312,22.834,23.064
19317,22.834,23.098
19322,22.834,23.098
19327,22.834,23.064
19332,22.868,23.064
19337,22.834,23.064
19342,22.834,23.064
19347,22.868,23.098
19352,22.834,23.064
19357,22.834,23.098
19363,22.834,23.064
19368,22.8,23.098
19373,22.8,23.098
19378,22.834,23.064
19383,22.834,23.098
19388,22.834,23.064
19393,22.8,23.098
19398,22.834,23.064
19403,22.8,23.064
19408,22.834,23.064
19413,22.834,23.064
19418,22.834,23.031
19423,22.834,23.064
19428,22.834,23.098
19433,22.868,23.064
19438,22.834,23.098
19443,22.8,23.064
19449,22.834,23.064
19454,22.834,23.098
19459,22.8,23.098
19464,22.834,23.064
19469,22.834,23.098
19474,22.8,23.064
19479,22.834,23.064
19484,22.834,23.064
19489,22.834,23.098
19494,22.868,23.064
19499,22.8,23.064
19504,22.834,23.064
19509,22.868,23.064
19514,22.834,23.098
19519,22.834,23.098
19524,22.8,23.064
19529,22.834,23.064
19534,22.834,23.064
19540,22.834,23.064
19545,22.834,23.064
19550,22.834,23.031
19555,22.868,23.064
19560,22.8,23.064
19565,22.834,23.064
19570,22.834,23.064
19575,22.8,23.064
19580,22.834,23.098
19585,22.8,23.098
19590,22.8,23.098
19595,22.8,23.064
19600,22.8,23.064
19605,22.834,23.064
19610,22.8,23.064
19615,22.8,23.064
19620,22.834,23.064
19625,22.834,23.064
19631,22.834,23.064
19636,22.834,23.098
19641,22.8,23.064
19646,22.8,23.064
19651,22.834,23.064
19656,22.834,23.064
19661,22.8,23.064
19666,22.8,23.031
19671,22.834,23.064
19676,22.8,23.064
19681,22.8,23.064
19686,22.8,23.031
19691,22.8,23.031
19696,22.834,23.064
19701,22.8,23.064
19706,22.8,23.064
19711,22.8,23.064
19717,22.8,23.064
19722,22.834,23.064
19727,22.8,23.064
19732,22.834,23.031
19737,22.8,23.098
19742,22.8,23.064
19747,22.767,23.064
19752,22.8,23.031
19757,22.8,23.031
19762,22.834,23.064
19767,22.8,23.064
19772,22.834,23.031
19777,22.834,23.064
19782,22.834,23.064
19787,22.834,23.098
19792,22.834,23.064
19797,22.8,23.031
19802,22.8,23.031
19808,22.8,23.064
19813,22.8,23.064
19818,22.8,23.031
19823,22.8,22.997
19828,22.8,23.064
19833,22.834,23.098
19838,22.834,23.064
19843,22.8,23.031
19848,22.834,23.064
19853,22.834,23.064
19858,22.8,23.064
19863,22.834,23.031
19868,22.8,23.064
19873,22.8,23.064
19878,22.834,23.031
19883,22.834,23.064
19888,22.8,23.031
19893,22.834,23.031
19899,22.8,23.031
19904,22.8,23.064
19909,22.8,23.064
19914,22.8,23.064
19919,22.834,23.064
19924,22.8,23.031
19929,22.8,23.064
19934,22.8,23.031
19939,22.8,23.064
19944,22.8,23.031
19949,22.8,23.064
19954,22.834,23.031
19959,22.834,23.031
19964,22.834,23.031
19969,22.8,23.064
19974,22.8,23.064
19979,22.8,23.031
19985,22.8,23.031
19990,22.834,22.997
19995,22.8,23.031
20000,22.8,23.031
20005,22.8,23.031
20010,22.8,22.997
20015,22.8,23.064
20020,22.8,23.064
20025,22.8,23.031
20030,22.8,23.064
20035,22.8,23.064
20040,22.8,23.031
20045,22.8,23.031
20050,22.8,23.031
20055,22.8,23.031
20060,22.8,23.031
20065,22.8,23.031
20071,22.8,23.031
20076,22.767,23.031
20081,22.8,23.098
20086,22.8,23.031
20091,22.8,22.997
20096,22.8,23.031
20101,22.834,23.064
20106,22.8,22.997
20111,22.8,23.031
20116,22.8,23.031
20121,22.834,23.031
20126,22.8,23.031
20131,22.8,22.997
20136,22.8,23.031
20141,22.8,23.031
20146,22.8,22.997
20151,22.8,23.031
20156,22.8,23.031
20162,22.8,23.064
20167,22.8,23.031
20172,22.8,23.064
20177,22.8,23.031
20182,22.8,23.031
20187,22.8,23.031
20192,22.767,23.031
20197,22.8,23.031
20202,22.8,23.031
20207,22.8,23.031
20212,22.8,23.064
20217,22.8,22.997
20222,22.8,23.031
20227,22.8,23.031
20232,22.767,23.031
20237,22.8,23.064
20242,22.8,23.031
20247,22.8,23.064
20253,22.8,23.031
20258,22.8,23.064
20263,22.8,23.031
20268,22.8,22.997
20273,22.8,23.031
20278,22.8,23.031
20283,22.767,22.997
20288,22.8,22.997
20293,22.8,23.064
20298,22.767,23.031
20303,22.8,23.031
20308,22.8,23.031
20313,22.8,23.064
20318,22.8,22.997
20323,22.834,22.997
20328,22.8,23.031
20333,22.767,23.031
20339,22.8,22.997
20344,22.8,23.031
20349,22.8,23.031
20354,22.8,23.031
20359,22.8,22.997
20364,22.8,23.031
20369,22.767,23.031
20374,22.767,23.031
20379,22.8,23.031
20384,22.767,22.997
20389,22.767,23.031
20394,22.8,22.997
20399,22.8,23.031
20404,22.767,23.031
20409,22.8,22.997
20414,22.8,23.031
20419,22.8,22.997
20424,22.8,23.031
20430,22.8,23.031
20435,22.767,23.031
20440,22.8,23.031
20445,22.8,23.031
20450,22.8,23.031
20455,22.767,23.031
20460,22.767,23.031
20465,22.767,23.031
20470,22.767,23.031
20475,22.767,22.997
20480,22.767,22.963
20485,22.8,22.997
20490,22.767,23.031
20495,22.767,23.031
20500,22.8,23.031
20505,22.767,22.997
20510,22.8,22.997
20515,22.767,22.997
20521,22.8,22.997
20526,22.8,22.997
20531,22.767,22.997
20536,22.767,22.997
20541,22.8,22.997
20546,22.8,22.997
20551,22.767,23.031
20556,22.767,22.997
20561,22.767,22.997
20566,22.767,23.031
20571,22.767,22.997
20576,22.8,22.997
20581,22.8,22.963
20586,22.767,22.997
20591,22.8,23.031
20596,22.767,22.963
20601,22.8,23.031
20606,22.767,22.997
20612,22.767,23.031
20617,22.767,22.997
20622,22.767,22.997
20627,22.767,23.031
20632,22.733,22.997
20637,22.767,22.997
20642,22.767,22.997
20647,22.767,22.997
20652,22.8,22.997
20657,22.8,22.997
20662,22.767,23.031
20667,22.767,23.031
20672,22.767,22.997
20677,22.8,22.997
20682,22.767,23.031
20687,22.8,22.997
20692,22.767,23.031
20698,22.767,23.031
20703,22.733,23.031
20708,22.8,22.997
20713,22.767,22.997
20718,22.767,22.997
20723,22.767,22.997
20728,22.767,22.997
20733,22.8,22.997
20738,22.767,22.963
20743,22.8,23.031
20748,22.767,22.997
20753,22.733,22.997
20758,22.767,22.963
20763,22.767,22.963
20768,22.767,22.997
20773,22.767,22.997
20779,22.767,22.997
20784,22.767,22.997
20789,22.767,22.997
20794,22.767,22.997
20799,22.767,22.963
20804,22.767,22.997
20809,22.767,22.997
20814,22.8,22.963
20819,22.767,22.997
20824,22.767,22.997
20829,22.767,22.997
20834,22.767,22.997
20839,22.8,22.997
20844,22.8,22.997
20849,22.767,22.963
20854,22.767,22.997
20859,22.733,22.997
20864,22.767,22.997
20870,22.767,22.997
20875,22.733,22.997
20880,22.767,22.997
20885,22.767,22.997
20890,22.767,22.997
20895,22.767,22.963
20900,22.767,22.997
20905,22.767,22.963
20910,22.8,22.997
20915,22.767,22.997
20920,22.8,22.997
20925,22.767,22.997
20930,22.8,22.963
20935,22.767,22.997
20940,22.767,22.997
20945,22.767,22.997
20950,22.767,23.031
20956,22.767,22.997
20961,22.767,23.031
20966,22.767,22.963
20971,22.767,22.997
20976,22.733,22.963
20981,22.767,22.997
20986,22.8,22.997
20991,22.767,22.963
20996,22.767,22.963
21001,22.767,22.929
21006,22.733,22.963
21011,22.767,22.963
21016,22.733,23.031
21021,22.767,22.997
21026,22.767,22.997
21031,22.767,23.031
21036,22.767,22.963
21041,22.733,22.997
21047,22.767,22.963
21052,22.733,22.963
21057,22.767,22.963
21062,22.767,22.963
21067,22.767,22.963
21072,22.8,22.997
21077,22.767,22.997
21082,22.767,22.963
21087,22.767,22.929
21092,22.767,22.963
21097,22.733,22.963
21102,22.767,22.997
21107,22.767,22.997
21112,22.767,22.963
21117,22.733,22.963
21122,22.733,22.997
21127,22.767,22.963
21133,22.733,22.963
21138,22.767,22.997
21143,22.767,22.963
21148,22.767,22.997
21153,22.767,22.963
21158,22.767,22.997
21163,22.733,22.963
21168,22.767,22.963
21173,22.767,22.997
21178,22.767,22.963
21183,22.767,22.997
21188,22.767,22.997
21193,22.767,22.997
21198,22.733,22.963
21203,22.733,22.997
21208,22.767,22.963
21213,22.767,22.963
21219,22.733,22.929
21224,22.767,22.963
21229,22.767,22.997
21234,22.767,22.963
21239,22.733,23.031
21244,22.767,22.963
21249,22.733,22.963
21254,22.733,22.997
21259,22.767,22.997
21264,22.767,22.963
21269,22.767,22.997
21274,22.733,22.963
21279,22.733,22.963
21284,22.767,22.997
21289,22.767,22.963
21294,22.767,22.963
21299,22.733,22.997
21304,22.767,22.963
21310,22.733,22.963
21315,22.767,22.963
21320,22.733,22.997
21325,22.767,22.963
21330,22.733,22.997
21335,22.733,22.963
21340,22.767,22.997
21345,22.733,22.997
21350,22.733,22.963
21355,22.733,22.963
21360,22.733,22.997
21365,22.733,22.963
21370,22.767,22.963
21375,22.767,22.963
21380,22.767,22.963
21385,22.767,22.963
21390,22.699,22.963
21396,22.733,22.963
21401,22.733,22.997
21406,22.767,22.963
21411,22.733,22.963
21416,22.767,22.997
21421,22.767,22.963
21426,22.767,22.963
21431,22.8,22.997
21436,22.733,22.963
21441,22.733,22.963
21446,22.699,22.963
21451,22.733,22.997
21456,22.767,22.963
21461,22.767,22.963
21466,22.767,22.963
21471,22.733,22.963
21476,22.767,22.929
21481,22.733,22.963
21487,22.733,22.963
21492,22.733,22.997
21497,22.733,22.929
21502,22.733,22.963
21507,22.733,22.963
21512,22.699,22.963
21517,22.733,22.963
21522,22.767,22.963
21527,22.699,22.929
21532,22.767,22.963
21537,22.733,22.963
21542,22.733,22.963
21547,22.767,22.997
21552,22.733,22.963
21557,22.767,22.963
21562,22.733,22.963
21567,22.733,22.963
21573,22.733,22.963
21578,22.767,22.963
21583,22.733,22.963
21588,22.699,22.929
21593,22.733,22.963
21598,22.733,22.929
21603,22.733,22.929
21608,22.767,22.963
21613,22.767,22.963
21618,22.733,22.963
21623,22.733,22.997
21628,22.733,22.997
21633,22.733,22.963
21638,22.733,22.963
21643,22.733,22.963
21648,22.733,22.997
21653,22.733,22.963
21659,22.767,22.963
21664,22.733,22.929
21669,22.733,22.929
21674,22.733,22.895
21679,22.733,22.963
21684,22.699,22.963
21689,22.733,22.963
21694,22.733,22.963
21699,22.733,22.963
21704,22.733,22.963
21709,22.733,22.963
21714,22.733,22.963
21719,22.733,22.963
21724,22.733,22.963
21729,22.733,22.963
21734,22.767,22.963
21739,22.733,22.929
21744,22.733,22.929
21750,22.733,22.929
21755,22.733,22.929
21760,22.733,22.963
21765,22.733,22.929
21770,22.733,22.963
21775,22.699,22.929
21780,22.699,22.963
21785,22.733,22.963
21790,22.733,22.963
21795,22.733,22.929
21800,22.767,22.963
21805,22.699,22.929
21810,22.699,22.963
21815,22.733,22.929
21820,22.767,22.929
21825,22.733,22.963
21830,22.733,22.929
21836,22.733,22.929
21841,22.733,22.963
21846,22.767,22.963
21851,22.767,22.963
21856,22.733,22.929
21861,22.733,22.929
21866,22.733,22.963
21871,22.733,22.929
21876,22.733,22.929
21881,22.733,22.929
21886,22.733,22.963
21891,22.733,22.963
21896,22.733,22.963
21901,22.699,22.963
21906,22.699,22.929
21911,22.733,22.929
21917,22.733,22.929
21922,22.733,22.963
21927,22.733,22.963
21932,22.733,22.963
21937,22.733,22.929
21942,22.733,22.929
21947,22.699,22.963
21952,22.733,22.929
21957,22.699,22.963
21962,22.733,22.963
21967,22.733,22.963
21972,22.767,22.963
21977,22.733,22.963
21982,22.733,22.929
21987,22.733,22.963
21992,22.699,22.929
21997,22.733,22.929
22002,22.733,22.929
22008,22.733,22.929
22013,22.699,22.929
22018,22.699,22.929
22023,22.699,22.929
22028,22.699,22.929
22033,22.733,22.929
22038,22.733,22.929
22043,22.699,22.929
22048,22.733,22.963
22053,22.733,22.895
22058,22.733,22.929
22063,22.733,22.895
22068,22.699,22.963
22073,22.733,22.895
22078,22.733,22.929
22083,22.733,22.963
22088,22.733,22.895
22094,22.733,22.895
22099,22.767,22.963
22104,22.733,22.929
22109,22.699,22.929
22114,22.699,22.929
22119,22.733,22.929
22124,22.733,22.929
22129,22.699,22.895
22134,22.733,22.895
22139,22.699,22.929
22144,22.733,22.929
22149,22.733,22.929
22154,22.666,22.929
22159,22.699,22.895
22164,22.733,22.929
22169,22.733,22.963
22174,22.699,22.929
22179,22.733,22.895
22185,22.699,22.929
22190,22.733,22.929
22195,22.699,22.929
22200,22.699,22.895
22205,22.699,22.929
22210,22.733,22.997
22215,22.733,22.929
22220,22.699,22.929
22225,22.733,22.929
22230,22.699,22.963
22235,22.699,22.929
22240,22.733,22.929
22245,22.699,22.929
22250,22.733,22.929
22255,22.699,22.963
22260,22.733,22.895
22265,22.699,22.895
22271,22.699,22.929
22276,22.699,22.929
22281,22.733,22.963
22286,22.733,22.963
22291,22.733,22.929
22296,22.699,22.929
22301,22.699,22.929
22306,22.699,22.929
22311,22.699,22.929
22316,22.733,22.963
22321,22.733,22.929
22326,22.733,22.929
22331,22.733,22.929
22336,22.699,22.929
22341,22.699,22.929
22346,22.699,22.929
22351,22.699,22.929
22357,22.733,22.963
22362,22.733,22.929
22367,22.699,22.929
22372,22.699,22.929
22377,22.699,22.895
22382,22.733,22.929
22387,22.733,22.895
22392,22.699,22.895
22397,22.699,22.895
22402,22.733,22.929
22407,22.733,22.895
22412,22.699,22.929
22417,22.767,22.929
22422,22.733,22.929
22427,22.699,22.895
22432,22.733,22.895
22437,22.699,22.929
22442,22.733,22.929
22448,22.733,22.895
22453,22.733,22.929
22458,22.733,22.929
22463,22.699,22.895
22468,22.699,22.929
22473,22.733,22.929
22478,22.733,22.929
22483,22.733,22.895
22488,22.699,22.895
22493,22.767,22.895
22498,22.699,22.895
22503,22.699,22.929
22508,22.699,22.895
22513,22.699,22.929
22518,22.699,22.895
22523,22.699,22.929
22528,22.699,22.929
22534,22.699,22.929
22539,22.733,22.929
22544,22.699,22.895
22549,22.733,22.929
22554,22.699,22.929
22559,22.733,22.895
22564,22.699,22.929
22569,22.699,22.929
22574,22.699,22.895
22579,22.699,22.929
22584,22.733,22.895
22589,22.699,22.929
22594,22.733,22.895
22599,22.699,22.929
22604,22.699,22.895
22609,22.699,22.929
22614,22.699,22.895
22620,22.699,22.929
22625,22.699,22.895
22630,22.733,22.895
22635,22.699,22.895
22640,22.699,22.963
22645,22.733,22.895
22650,22.733,22.929
22655,22.699,22.895
22660,22.666,22.929
22665,22.666,22.895
22670,22.733,22.895
22675,22.733,22.895
22680,22.699,22.895
22685,22.699,22.929
22690,22.699,22.895
22695,22.666,22.929
22700,22.699,22.929
22705,22.733,22.895
22711,22.699,22.929
22716,22.699,22.895
22721,22.733,22.929
22726,22.699,22.929
22731,22.699,22.929
22736,22.699,22.895
22741,22.733,22.895
22746,22.699,22.929
22751,22.666,22.895
22756,22.699,22.895
22761,22.699,22.895
22766,22.699,22.895
22771,22.699,22.895
22776,22.699,22.895
22781,22.699,22.895
22786,22.699,22.861
22791,22.733,22.895
22797,22.733,22.895
22802,22.699,22.929
22807,22.699,22.929
22812,22.699,22.895
22817,22.733,22.895
22822,22.733,22.895
22827,22.699,22.861
22832,22.733,22.861
22837,22.733,22.895
22842,22.699,22.929
22847,22.699,22.929
22852,22.699,22.929
22857,22.666,22.895
22862,22.699,22.895
22867,22.699,22.929
22872,22.699,22.929
22877,22.666,22.861
22883,22.699,22.895
22888,22.699,22.929
22893,22.666,22.929
22898,22.666,22.895
22903,22.699,22.895
22908,22.666,22.861
22913,22.699,22.929
22918,22.699,22.895
22923,22.699,22.861
22928,22.733,22.895
22933,22.699,22.895
22938,22.699,22.895
22943,22.699,22.895
22948,22.666,22.895
22953,22.699,22.895
22958,22.699,22.895
22963,22.699,22.929
22968,22.666,22.895
22974,22.699,22.895
22979,22.699,22.895
22984,22.699,22.895
22989,22.699,22.895
22994,22.666,22.895
22999,22.699,22.929
23004,22.699,22.895
23009,22.699,22.861
23014,22.699,22.895
23019,22.699,22.861
23024,22.699,22.895
23029,22.699,22.861
23034,22.699,22.895
23039,22.733,22.895
23044,22.699,22.861
23049,22.699,22.895
23054,22.699,22.895
23060,22.699,22.895
23065,22.699,22.861
23070,22.733,22.895
23075,22.699,22.895
23080,22.733,22.929
23085,22.699,22.861
23090,22.699,22.861
23095,22.699,22.861
23100,22.699,22.861
23105,22.666,22.895
23110,22.699,22.929
23115,22.699,22.895
23120,22.733,22.895
23125,22.699,22.895
23130,22.666,22.895
23135,22.666,22.929
23141,22.733,22.895
23146,22.699,22.895
23151,22.699,22.895
23156,22.666,22.861
23161,22.666,22.861
23166,22.699,22.895
23171,22.699,22.895
23176,22.666,22.895
23181,22.699,22.895
23186,22.699,22.895
23191,22.699,22.929
23196,22.699,22.895
23201,22.699,22.895
23206,22.733,22.861
23211,22.733,22.895
23216,22.733,22.895
23221,22.666,22.895
23226,22.666,22.895
23232,22.699,22.895
23237,22.666,22.895
23242,22.699,22.895
23247,22.666,22.895
23252,22.666,22.861
23257,22.699,22.895
23262,22.699,22.895
23267,22.699,22.861
23272,22.699,22.895
23277,22.699,22.861
23282,22.699,22.861
23287,22.699,22.861
23292,22.666,22.895
23297,22.699,22.895
23302,22.666,22.861
23307,22.699,22.895
23312,22.699,22.861
23318,22.666,22.929
23323,22.733,22.895
23328,22.699,22.895
23333,22.666,22.895
23338,22.699,22.895
23343,22.699,22.861
23348,22.699,22.861
23353,22.699,22.895
23358,22.666,22.895
23363,22.666,22.861
23368,22.666,22.828
23373,22.699,22.861
23378,22.699,22.895
23383,22.666,22.895
23388,22.699,22.861
23393,22.666,22.895
23398,22.666,22.861
23404,22.699,22.895
23409,22.699,22.861
23414,22.699,22.895
23419,22.666,22.895
23424,22.699,22.895
23429,22.666,22.861
23434,22.666,22.861
23439,22.699,22.895
23444,22.666,22.861
23449,22.666,22.895
23454,22.699,22.895
23459,22.699,22.895
23464,22.666,22.861
23469,22.666,22.828
23474,22.699,22.929
23479,22.666,22.895
23484,22.699,22.861
23489,22.666,22.861
23495,22.699,22.861
23500,22.666,22.861
23505,22.666,22.895
23510,22.699,22.861
23515,22.666,22.895
23520,22.699,22.861
23525,22.699,22.828
23530,22.666,22.895
23535,22.666,22.895
23540,22.699,22.895
23545,22.632,22.895
23550,22.666,22.895
23555,22.666,22.895
23560,22.699,22.861
23565,22.666,22.861
23570,22.666,22.895
23575,22.699,22.861
23581,22.699,22.828
23586,22.666,22.861
23591,22.699,22.861
23596,22.699,22.861
23601,22.666,22.861
23606,22.666,22.861
23611,22.699,22.861
23616,22.699,22.861
23621,22.699,22.895
23626,22.666,22.895
23631,22.666,22.861
23636,22.666,22.861
23641,22.666,22.861
23646,22.666,22.895
23651,22.666,22.861
23656,22.699,22.861
23661,22.666,22.861
23667,22.666,22.861
23672,22.666,22.861
23677,22.699,22.861
23682,22.666,22.861
23687,22.699,22.895
23692,22.699,22.861
23697,22.666,22.861
23702,22.666,22.895
23707,22.666,22.895
23712,22.666,22.861
23717,22.699,22.861
23722,22.666,22.861
23727,22.666,22.861
23732,22.666,22.861
23737,22.666,22.861
23742,22.666,22.861
23747,22.666,22.861
23752,22.699,22.895
23758,22.666,22.861
23763,22.666,22.895
23768,22.699,22.861
23773,22.666,22.861
23778,22.666,22.861
23783,22.666,22.861
23788,22.666,22.828
23793,22.666,22.861
23798,22.666,22.861
23803,22.666,22.861
23808,22.666,22.861
23813,22.666,22.861
23818,22.699,22.861
23823,22.666,22.895
23828,22.666,22.861
23833,22.666,22.861
23838,22.666,22.828
23844,22.666,22.861
23849,22.666,22.861
23854,22.666,22.861
23859,22.699,22.861
23864,22.666,22.861
23869,22.666,22.861
23874,22.699,22.895
23879,22.699,22.895
23884,22.699,22.828
23889,22.666,22.861
23894,22.699,22.861
23899,22.666,22.861
23904,22.666,22.861
23909,22.632,22.895
23914,22.666,22.861
23919,22.699,22.895
23924,22.666,22.861
23930,22.666,22.861
23935,22.666,22.828
23940,22.666,22.895
23945,22.699,22.861
23950,22.666,22.861
23955,22.699,22.861
23960,22.699,22.861
23965,22.666,22.861
23970,22.666,22.861
23975,22.666,22.861
23980,22.666,22.861
23985,22.666,22.828
23990,22.666,22.895
23995,22.666,22.861
24000,22.666,22.861
24005,22.666,22.861
24010,22.666,22.828
24015,22.666,22.828
24021,22.632,22.861
24026,22.666,22.828
24031,22.666,22.861
24036,22.666,22.861
24041,22.666,22.861
24046,22.666,22.828
24051,22.666,22.861
24056,22.666,22.895
24061,22.699,22.861
24066,22.666,22.861
24071,22.666,22.861
24076,22.666,22.861
24081,22.666,22.861
24086,22.699,22.895
24091,22.666,22.828
24096,22.632,22.828
24101,22.666,22.861
24107,22.666,22.861
24112,22.699,22.861
24117,22.666,22.828
24122,22.699,22.861
24127,22.666,22.828
24132,22.666,22.828
24137,22.699,22.861
24142,22.699,22.828
24147,22.666,22.861
24152,22.666,22.828
24157,22.699,22.828
24162,22.666,22.828
24167,22.666,22.828
24172,22.666,22.828
24177,22.666,22.828
24182,22.666,22.861
24187,22.666,22.861
24193,22.699,22.828
24198,22.632,22.861
24203,22.666,22.828
24208,22.699,22.861
24213,22.632,22.861
24218,22.666,22.861
24223,22.666,22.828
24228,22.666,22.861
24233,22.632,22.828
24238,22.666,22.828
24243,22.632,22.861
24248,22.666,22.861
24253,22.632,22.861
24258,22.666,22.828
24263,22.666,22.895
24268,22.666,22.861
24273,22.666,22.828
24278,22.666,22.794
24284,22.632,22.861
24289,22.632,22.861
24294,22.632,22.861
24299,22.666,22.828
24304,22.632,22.828
24309,22.666,22.828
24314,22.666,22.828
24319,22.666,22.828
24324,22.666,22.828
24329,22.666,22.861
24334,22.666,22.861
24339,22.666,22.828
24344,22.666,22.828
24349,22.699,22.828
24354,22.666,22.861
24359,22.666,22.861
24365,22.666,22.861
24370,22.632,22.861
24375,22.632,22.828
24380,22.666,22.861
24385,22.666,22.828
24390,22.666,22.828
24395,22.632,22.828
24400,22.699,22.828
24405,22.666,22.828
24410,22.699,22.828
24415,22.632,22.861
24420,22.666,22.861
24425,22.699,22.861
24430,22.666,22.828
24435,22.666,22.861
24440,22.632,22.828
24445,22.666,22.828
24450,22.666,22.828
24456,22.632,22.828
24461,22.666,22.861
24466,22.666,22.861
24471,22.632,22.828
24476,22.666,22.861
24481,22.666,22.828
24486,22.666,22.828
24491,22.666,22.861
24496,22.666,22.828
24501,22.632,22.861
24506,22.666,22.828
24511,22.666,22.828
24516,22.598,22.861
24521,22.666,22.828
24526,22.632,22.861
24531,22.666,22.861
24536,22.666,22.861
24542,22.666,22.828
24547,22.632,22.828
24552,22.666,22.828
24557,22.699,22.828
24562,22.666,22.861
24567,22.666,22.828
24572,22.632,22.828
24577,22.666,22.861
24582,22.666,22.828
24587,22.666,22.861
24592,22.632,22.828
24597,22.632,22.861
24602,22.632,22.828
24607,22.666,22.861
24612,22.666,22.861
24617,22.666,22.861
24622,22.666,22.861
24628,22.632,22.828
24633,22.632,22.828
24638,22.666,22.861
24643,22.666,22.794
24648,22.632,22.861
24653,22.666,22.861
24658,22.666,22.828
24663,22.632,22.861
24668,22.632,22.828
24673,22.666,22.861
24678,22.666,22.861
24683,22.666,22.828
24688,22.666,22.828
24693,22.666,22.828
24698,22.632,22.794
24703,22.666,22.828
24708,22.666,22.828
24714,22.666,22.828
24719,22.632,22.794
24724,22.666,22.828
24729,22.632,22.794
24734,22.632,22.861
24739,22.666,22.794
24744,22.666,22.828
24749,22.666,22.861
24754,22.632,22.828
24759,22.666,22.861
24764,22.666,22.828
24769,22.666,22.828
24774,22.666,22.828
24779,22.598,22.861
24784,22.632,22.828
24789,22.632,22.861
24794,22.632,22.828
24800,22.632,22.861
24805,22.632,22.828
24810,22.666,22.828
24815,22.632,22.794
24820,22.632,22.828
24825,22.632,22.828
24830,22.632,22.828
24835,22.666,22.861
24840,22.666,22.828
24845,22.632,22.828
24850,22.632,22.828
24855,22.666,22.828
24860,22.632,22.828
24865,22.632,22.861
24870,22.632,22.828
24875,22.632,22.794
24881,22.666,22.794
24886,22.632,22.828
24891,22.632,22.828
24896,22.632,22.828
24901,22.666,22.794
24906,22.632,22.794
24911,22.666,22.828
24916,22.632,22.828
24921,22.632,22.861
24926,22.632,22.828
24931,22.632,22.861
24936,22.632,22.794
24941,22.632,22.828
24946,22.666,22.794
24951,22.632,22.794
24956,22.666,22.828
24961,22.699,22.828
24967,22.632,22.828
24972,22.666,22.828
24977,22.632,22.828
24982,22.632,22.794
24987,22.632,22.794
24992,22.666,22.794
24997,22.666,22.828
25002,22.632,22.828
25007,22.666,22.828
25012,22.666,22.828
25017,22.666,22.828
25022,22.632,22.794
25027,22.666,22.828
25032,22.666,22.828
25037,22.632,22.828
25042,22.632,22.794
25047,22.666,22.794
25052,22.666,22.828
25058,22.666,22.828
25063,22.666,22.828
25068,22.632,22.794
25073,22.632,22.828
25078,22.666,22.828
25083,22.666,22.828
25088,22.666,22.828
25093,22.632,22.794
25098,22.632,22.828
25103,22.632,22.828
25108,22.666,22.828
25113,22.598,22.828
25118,22.632,22.828
25123,22.632,22.828
25128,22.632,22.794
25133,22.666,22.828
25138,22.632,22.828
25144,22.632,22.828
25149,22.632,22.828
25154,22.632,22.828
25159,22.666,22.828
25164,22.666,22.794
25169,22.632,22.828
25174,22.632,22.794
25179,22.632,22.794
25184,22.632,22.828
25189,22.632,22.794
25194,22.632,22.828
25199,22.632,22.828
25204,22.666,22.794
25209,22.632,22.828
25214,22.666,22.828
25219,22.632,22.794
25224,22.632,22.794
25230,22.632,22.828
25235,22.598,22.828
25240,22.666,22.828
25245,22.632,22.794
25250,22.632,22.794
25255,22.632,22.828
25260,22.632,22.794
25265,22.666,22.794
