Time (s),PT3w (ohms-Hex),PT3s (ohms-Hex)
0,8300,8274
5,8302,8274
10,8301,8274
15,8301,8274
20,8301,8275
25,8301,8274
30,8301,8275
35,8300,8274
40,8301,8274
45,8301,8273
50,8302,8275
55,8301,8274
60,8301,8274
65,8301,8274
70,8301,8274
75,8301,8274
80,8301,8273
85,8301,8274
91,8302,8274
96,8302,8273
101,8301,8274
106,8301,8273
111,8301,8275
116,8300,8274
121,8301,8275
126,8300,8274
131,8301,8273
136,8301,8275
141,8301,8275
146,8301,8274
151,8301,8273
156,8302,8274
161,8301,8274
166,8301,8274
171,8301,8274
176,8302,8276
182,8302,8274
187,8303,8274
192,8303,8275
197,8303,8274
202,8302,8274
207,8303,8275
212,8304,8275
217,8304,8275
222,8304,8274
227,8305,8274
232,8305,8274
237,8305,8273
242,8305,8274
247,8306,8274
252,8306,8273
257,8307,8274
262,8307,8274
267,8307,8274
273,8308,8274
278,8308,8274
283,8308,8275
288,8309,8274
293,8309,8274
298,8311,8275
303,8310,8275
308,8311,8274
313,8311,8274
318,8311,8274
323,8312,8273
328,8312,8275
333,8312,8274
338,8312,8274
343,8313,8275
348,8313,8275
353,8314,8275
358,8315,8274
363,8315,8274
369,8314,8275
374,8315,8274
379,8315,8275
384,8316,8274
389,8316,8274
394,8316,8274
399,8317,8274
404,8317,8275
409,8317,8274
414,8318,8274
419,8318,8274
424,8318,8274
429,8318,8273
434,8320,8274
439,8319,8274
444,8319,8274
449,8320,8274
454,8320,8274
460,8320,8274
465,8320,8274
470,8320,8274
475,8320,8274
480,8322,8275
485,8322,8274
490,8322,8275
495,8323,8274
500,8322,8275
505,8323,8275
510,8323,8274
515,8323,8274
520,8324,8274
525,8324,8274
530,8324,8274
535,8324,8274
540,8325,8274
545,8324,8274
550,8325,8274
556,8324,8274
561,8326,8274
566,8325,8275
571,8326,8274
576,8327,8274
581,8326,8275
586,8327,8275
591,8328,8274
596,8328,8274
601,8327,8273
606,8327,8274
611,8329,8274
616,8329,8273
621,8329,8275
626,8328,8274
631,8329,8275
636,8329,8274
641,8330,8274
647,8330,8274
652,8330,8274
657,8330,8274
662,8331,8273
667,8331,8274
672,8331,8274
677,8331,8275
682,8332,8275
687,8332,8274
692,8331,8274
697,8333,8274
702,8333,8273
707,8333,8274
712,8333,8274
717,8333,8274
722,8333,8274
727,8333,8274
732,8334,8274
738,8334,8274
743,8334,8274
748,8334,8275
753,8335,8275
758,8334,8274
763,8335,8275
768,8335,8275
773,8336,8274
778,8336,8274
783,8336,8275
788,8335,8274
793,8336,8274
798,8337,8274
803,8337,8275
808,8337,8275
813,8337,8274
818,8338,8274
823,8337,8274
828,8338,8273
834,8337,8275
839,8338,8274
844,8338,8274
849,8339,8275
854,8338,8274
859,8339,8275
864,8339,8275
869,8340,8275
874,8339,8275
879,8340,8274
884,8339,8275
889,8340,8274
894,8340,8275
899,8340,8276
904,8342,8275
909,8341,8275
914,8341,8275
919,8341,8276
925,8341,8275
930,8341,8275
935,8342,8275
940,8341,8274
945,8342,8276
950,8342,8275
955,8342,8274
960,8342,8275
965,8343,8275
970,8343,8275
975,8342,8274
980,8343,8276
985,8343,8275
990,8343,8276
995,8344,8275
1000,8343,8275
1005,8344,8275
1010,8344,8276
1015,8345,8276
1021,8345,8275
1026,8344,8276
1031,8345,8275
1036,8345,8275
1041,8345,8276
1046,8346,8275
1051,8346,8275
1056,8345,8275
1061,8346,8276
1066,8346,8276
1071,8346,8276
1076,8346,8276
1081,8347,8276
1086,8348,8275
1091,8347,8276
1096,8347,8275
1101,8346,8276
1106,8347,8275
1112,8347,8276
1117,8347,8275
1122,8347,8276
1127,8348,8275
1132,8347,8276
1137,8349,8277
1142,8348,8275
1147,8348,8277
1152,8348,8276
1157,8348,8276
1162,8349,8277
1167,8348,8276
1172,8348,8276
1177,8349,8276
1182,8349,8276
1187,8349,8276
1192,8349,8277
1197,8350,8276
1203,8349,8276
1208,8350,8276
1213,8350,8276
1218,8350,8276
1223,8350,8277
1228,8350,8278
1233,8350,8277
1238,8351,8277
1243,8350,8277
1248,8351,8277
1253,8351,8277
1258,8351,8276
1263,8351,8277
1268,8351,8277
1273,8351,8277
1278,8351,8277
1283,8351,8277
1288,8354,8278
1294,8351,8276
1299,8354,8277
1304,8352,8276
1309,8353,8278
1314,8353,8278
1319,8352,8277
1324,8354,8278
1329,8353,8277
1334,8354,8278
1339,8353,8277
1344,8354,8277
1349,8354,8277
1354,8353,8276
1359,8354,8278
1364,8354,8276
1369,8354,8277
1374,8355,8278
1379,8355,8278
1385,8354,8278
1390,8354,8277
1395,8354,8277
1400,8354,8277
1405,8356,8279
1410,8355,8277
1415,8356,8277
1420,8355,8278
1425,8356,8277
1430,8355,8277
1435,8355,8279
1440,8355,8277
1445,8355,8278
1450,8356,8278
1455,8356,8278
1460,8356,8279
1465,8356,8278
1470,8357,8279
1475,8357,8278
1481,8356,8277
1486,8357,8277
1491,8357,8279
1496,8358,8278
1501,8358,8278
1506,8358,8278
1511,8357,8278
1516,8357,8278
1521,8358,8279
1526,8357,8278
1531,8357,8279
1536,8359,8278
1541,8358,8279
1546,8358,8279
1551,8358,8279
1556,8358,8279
1561,8357,8278
1566,8360,8280
1572,8358,8278
1577,8359,8280
1582,8359,8280
1587,8360,8279
1592,8359,8279
1597,8359,8278
1602,8359,8279
1607,8360,8280
1612,8360,8281
1617,8359,8279
1622,8360,8281
1627,8361,8280
1632,8360,8279
1637,8361,8280
1642,8360,8280
1647,8361,8279
1652,8361,8280
1657,8360,8280
1662,8361,8280
1668,8360,8280
1673,8361,8279
1678,8360,8280
1683,8362,8280
1688,8362,8280
1693,8362,8281
1698,8361,8281
1703,8361,8281
1708,8361,8280
1713,8362,8280
1718,8362,8280
1723,8362,8280
1728,8362,8280
1733,8362,8280
1738,8362,8279
1743,8362,8280
1748,8362,8282
1753,8362,8280
1759,8364,8281
1764,8363,8281
1769,8362,8280
1774,8362,8278
1779,8363,8281
1784,8363,8282
1789,8363,8281
1794,8364,8280
1799,8364,8281
1804,8364,8281
1809,8363,8281
1814,8363,8282
1819,8364,8281
1824,8363,8281
1829,8363,8280
1834,8364,8280
1839,8365,8282
1844,8363,8283
1850,8365,8282
1855,8364,8283
1860,8363,8281
1865,8365,8282
1870,8365,8282
1875,8365,8281
1880,8364,8282
1885,8365,8283
1890,8364,8283
1895,8365,8282
1900,8365,8282
1905,8365,8281
1910,8366,8282
1915,8367,8282
1920,8366,8282
1925,8364,8283
1930,8366,8282
1935,8366,8282
1940,8365,8282
1946,8366,8284
1951,8366,8284
1956,8366,8284
1961,8365,8283
1966,8366,8284
1971,8366,8283
1976,8367,8284
1981,8366,8284
1986,8366,8283
1991,8366,8283
1996,8366,8283
2001,8366,8283
2006,8367,8284
2011,8366,8282
2016,8366,8285
2021,8366,8283
2026,8368,8284
2031,8366,8284
2037,8368,8284
2042,8367,8284
2047,8367,8284
2052,8367,8284
2057,8367,8283
2062,8368,8284
2067,8368,8284
2072,8366,8285
2077,8368,8284
2082,8367,8285
2087,8367,8284
2092,8367,8285
2097,8369,8284
2102,8368,8284
2107,8368,8286
2112,8368,8284
2117,8369,8285
2122,8369,8286
2127,8367,8284
2133,8368,8285
2138,8367,8286
2143,8368,8285
2148,8369,8284
2153,8369,8285
2158,8369,8287
2163,8369,8286
2168,8369,8284
2173,8370,8285
2178,8368,8284
2183,8368,8285
2188,8369,8286
2193,8369,8284
2198,8368,8286
2203,8370,8286
2208,8369,8284
2213,8369,8285
2218,8369,8285
2224,8370,8286
2229,8370,8284
2234,8369,8285
2239,8370,8286
2244,8370,8286
2249,8371,8288
2254,8370,8287
2259,8370,8287
2264,8369,8287
2269,8370,8285
2274,8369,8287
2279,8371,8286
2284,8371,8286
2289,8370,8287
2294,8370,8286
2299,8371,8288
2304,8371,8287
2309,8369,8287
2315,8370,8288
2320,8370,8287
2325,8370,8288
2330,8371,8287
2335,8371,8286
2340,8371,8287
2345,8370,8287
2350,8370,8288
2355,8370,8287
2360,8371,8288
2365,8371,8287
2370,8372,8287
2375,8371,8288
2380,8371,8288
2385,8372,8287
2390,8371,8288
2395,8372,8289
2400,8372,8288
2406,8372,8289
2411,8372,8288
2416,8372,8289
2421,8372,8288
2426,8372,8288
2431,8370,8288
2436,8373,8287
2441,8372,8290
2446,8372,8287
2451,8372,8288
2456,8372,8288
2461,8371,8288
2466,8373,8290
2471,8372,8289
2476,8372,8289
2481,8372,8289
2486,8372,8288
2491,8372,8288
2497,8372,8289
2502,8373,8290
2507,8373,8288
2512,8373,8289
2517,8372,8288
2522,8373,8289
2527,8372,8290
2532,8373,8289
2537,8373,8290
2542,8374,8290
2547,8374,8290
2552,8373,8289
2557,8373,8289
2562,8372,8290
2567,8373,8290
2572,8373,8291
2577,8374,8290
2582,8374,8290
2587,8373,8290
2593,8374,8290
2598,8374,8288
2603,8374,8291
2608,8373,8291
2613,8372,8291
2618,8374,8290
2623,8375,8291
2628,8374,8291
2633,8373,8290
2638,8373,8291
2643,8374,8291
2648,8373,8291
2653,8373,8291
2658,8374,8291
2663,8374,8292
2668,8374,8290
2673,8375,8291
2678,8374,8291
2684,8375,8291
2689,8375,8291
2694,8375,8292
2699,8375,8291
2704,8374,8292
2709,8374,8291
2714,8375,8292
2719,8374,8293
2724,8374,8291
2729,8375,8292
2734,8375,8291
2739,8374,8292
2744,8375,8292
2749,8374,8293
2754,8375,8292
2759,8375,8292
2764,8376,8292
2769,8376,8292
2775,8374,8291
2780,8375,8292
2785,8376,8293
2790,8375,8291
2795,8375,8293
2800,8375,8292
2805,8376,8294
2810,8375,8293
2815,8375,8292
2820,8376,8294
2825,8375,8294
2830,8376,8293
2835,8376,8293
2840,8376,8294
2845,8376,8293
2850,8376,8294
2855,8376,8293
2860,8375,8295
2865,8375,8293
2871,8375,8293
2876,8376,8293
2881,8376,8293
2886,8376,8293
2891,8375,8294
2896,8377,8294
2901,8376,8293
2906,8377,8293
2911,8376,8294
2916,8376,8295
2921,8375,8295
2926,8376,8295
2931,8377,8294
2936,8376,8294
2941,8376,8295
2946,8376,8294
2951,8378,8294
2956,8377,8295
2962,8376,8296
2967,8376,8295
2972,8376,8294
2977,8377,8295
2982,8378,8295
2987,8376,8295
2992,8376,8294
2997,8377,8297
3002,8378,8294
3007,8377,8294
3012,8376,8295
3017,8377,8294
3022,8377,8296
3027,8378,8296
3032,8378,8295
3037,8377,8295
3042,8377,8295
3047,8378,8297
3052,8377,8296
3058,8378,8296
3063,8376,8297
3068,8377,8297
3073,8378,8297
3078,8378,8297
3083,8378,8296
3088,8377,8296
3093,8377,8296
3098,8376,8295
3103,8377,8296
3108,8377,8298
3113,8379,8297
3118,8377,8296
3123,8377,8297
3128,8378,8297
3133,8378,8297
3138,8377,8297
3143,8377,8296
3149,8378,8298
3154,8378,8298
3159,8378,8297
3164,8378,8296
3169,8378,8296
3174,8378,8297
3179,8379,8296
3184,8378,8297
3189,8378,8298
3194,8378,8298
3199,8378,8297
3204,8378,8298
3209,8378,8298
3214,8378,8298
3219,8378,8298
3224,8377,8298
3229,8380,8298
3234,8378,8299
3240,8378,8298
3245,8379,8297
3250,8379,8298
3255,8379,8298
3260,8380,8299
3265,8379,8298
3270,8379,8298
3275,8378,8298
3280,8378,8300
3285,8379,8299
3290,8379,8299
3295,8379,8298
3300,8379,8298
3305,8380,8299
3310,8379,8299
3315,8379,8299
3320,8379,8300
3325,8379,8299
3330,8380,8298
3336,8379,8301
3341,8378,8300
3346,8380,8299
3351,8379,8301
3356,8379,8300
3361,8380,8301
3366,8379,8299
3371,8380,8300
3376,8380,8299
3381,8380,8298
3386,8380,8299
3391,8380,8302
3396,8379,8299
3401,8379,8300
3406,8379,8300
3411,8379,8299
3416,8380,8300
3421,8379,8302
3427,8380,8302
3432,8379,8299
3437,8380,8300
3442,8380,8300
3447,8380,8301
3452,8380,8301
3457,8380,8300
3462,8380,8301
3467,8381,8302
3472,8380,8301
3477,8380,8301
3482,8380,8300
3487,8380,8302
3492,8381,8301
3497,8380,8303
3502,8380,8302
3507,8379,8303
3512,8380,8301
3518,8381,8301
3523,8380,8302
3528,8380,8302
3533,8380,8302
3538,8380,8302
3543,8380,8303
3548,8380,8302
3553,8380,8302
3558,8380,8302
3563,8381,8303
3568,8381,8302
3573,8380,8303
3578,8381,8303
3583,8380,8303
3588,8380,8302
3593,8380,8302
3598,8382,8303
3603,8380,8304
3609,8381,8301
3614,8382,8302
3619,8380,8302
3624,8380,8304
3629,8380,8302
3634,8381,8302
3639,8381,8304
3644,8380,8304
3649,8381,8304
3654,8381,8304
3659,8381,8305
3664,8382,8304
3669,8381,8304
3674,8382,8303
3679,8381,8304
3684,8381,8303
3689,8381,8303
3694,8381,8302
3700,8380,8304
3705,8382,8303
3710,8381,8304
3715,8381,8304
3720,8381,8303
3725,8380,8303
3730,8380,8304
3735,8381,8304
3740,8382,8304
3745,8381,8303
3750,8380,8304
3755,8381,8304
3760,8380,8305
3765,8380,8305
3770,8381,8305
3775,8382,8305
3780,8381,8304
3785,8381,8305
3790,8380,8304
3796,8382,8306
3801,8382,8306
3806,8381,8305
3811,8382,8305
3816,8381,8305
3821,8381,8304
3826,8382,8305
3831,8381,8303
3836,8381,8306
3841,8383,8306
3846,8381,8307
3851,8381,8305
3856,8381,8304
3861,8382,8306
3866,8382,8307
3871,8381,8305
3876,8381,8306
3881,8382,8306
3887,8382,8307
3892,8383,8306
3897,8381,8306
3902,8382,8306
3907,8382,8306
3912,8382,8306
3917,8382,8306
3922,8382,8307
3927,8382,8306
3932,8382,8306
3937,8383,8307
3942,8381,8307
3947,8382,8308
3952,8382,8308
3957,8382,8306
3962,8381,8304
3967,8382,8308
3972,8382,8307
3978,8382,8306
3983,8382,8307
3988,8382,8306
3993,8383,8307
3998,8383,8308
4003,8382,8307
4008,8383,8307
4013,8382,8306
4018,8382,8308
4023,8381,8309
4028,8382,8307
4033,8383,8307
4038,8382,8307
4043,8383,8308
4048,8383,8309
4053,8383,8307
4058,8381,8308
4063,8383,8307
4068,8382,8308
4074,8383,8309
4079,8383,8308
4084,8383,8308
4089,8383,8308
4094,8383,8308
4099,8382,8308
4104,8383,8309
4109,8383,8310
4114,8383,8308
4119,8383,8308
4124,8382,8309
4129,8383,8310
4134,8382,8308
4139,8383,8307
4144,8383,8309
4149,8383,8309
4154,8382,8309
4159,8383,8308
4165,8384,8307
4170,8383,8309
4175,8384,8308
4180,8382,8307
4185,8383,8310
4190,8383,8310
4195,8384,8311
4200,8384,8309
4205,8383,8310
4210,8383,8310
4215,8384,8309
4220,8383,8309
4225,8383,8311
4230,8384,8310
4235,8384,8308
4240,8384,8311
4245,8383,8308
4250,8384,8311
4256,8384,8311
4261,8383,8312
4266,8383,8310
4271,8384,8310
4276,8384,8311
4281,8383,8310
4286,8382,8311
4291,8384,8308
4296,8384,8311
4301,8384,8309
4306,8383,8309
4311,8383,8312
4316,8384,8311
4321,8383,8312
4326,8383,8311
4331,8384,8309
4336,8384,8311
4341,8385,8311
4346,8383,8310
4352,8384,8310
4357,8385,8311
4362,8383,8310
4367,8385,8311
4372,8383,8312
4377,8384,8310
4382,8384,8311
4387,8384,8311
4392,8383,8313
4397,8385,8311
4402,8385,8310
4407,8384,8310
4412,8384,8313
4417,8383,8311
4422,8384,8313
4427,8385,8313
4432,8384,8312
4437,8384,8314
4443,8383,8313
4448,8383,8312
4453,8384,8314
4458,8384,8312
4463,8385,8313
4468,8384,8314
4473,8384,8314
4478,8385,8312
4483,8384,8314
4488,8384,8314
4493,8383,8312
4498,8385,8312
4503,8384,8312
4508,8383,8311
4513,8385,8314
4518,8385,8313
4523,8385,8314
4528,8386,8314
4534,8384,8313
4539,8385,8313
4544,8384,8314
4549,8386,8312
4554,8385,8312
4559,8384,8314
4564,8384,8315
4569,8384,8312
4574,8384,8314
4579,8385,8313
4584,8385,8311
4589,8385,8312
4594,8384,8314
4599,8386,8313
4604,8385,8313
4609,8384,8315
4614,8384,8314
4620,8383,8315
4625,8384,8314
4630,8385,8314
4635,8385,8313
4640,8384,8314
4645,8384,8313
4650,8384,8316
4655,8385,8313
4660,8384,8316
4665,8385,8312
4670,8386,8314
4675,8385,8315
4680,8386,8314
4685,8385,8316
4690,8386,8314
4695,8386,8315
4700,8385,8314
4705,8386,8316
4711,8384,8314
4716,8385,8314
4721,8385,8314
4726,8386,8314
4731,8384,8314
4736,8385,8314
4741,8384,8316
4746,8386,8316
4751,8385,8315
4756,8384,8317
4761,8386,8315
4766,8385,8317
4771,8386,8315
4776,8386,8314
4781,8384,8315
4786,8385,8315
4791,8386,8314
4796,8384,8316
4801,8385,8316
4807,8386,8317
4812,8386,8316
4817,8386,8317
4822,8385,8317
4827,8385,8315
4832,8385,8316
4837,8385,8317
4842,8386,8316
4847,8386,8314
4852,8386,8317
4857,8386,8316
4862,8386,8315
4867,8385,8315
4872,8385,8316
4877,8385,8317
4882,8386,8316
4887,8387,8316
4892,8386,8315
4898,8387,8317
4903,8385,8316
4908,8386,8317
4913,8385,8316
4918,8386,8317
4923,8385,8316
4928,8386,8316
4933,8385,8317
4938,8386,8317
4943,8386,8316
4948,8385,8319
4953,8385,8316
4958,8386,8316
4963,8386,8317
4968,8386,8317
4973,8386,8318
4978,8387,8317
4983,8385,8318
4989,8385,8316
4994,8386,8318
4999,8387,8317
5004,8386,8320
5009,8386,8319
5014,8387,8318
5019,8386,8316
5024,8385,8316
5029,8387,8317
5034,8385,8318
5039,8386,8317
5044,8385,8318
5049,8386,8318
5054,8386,8319
5059,8387,8318
5064,8385,8318
5069,8385,8319
5074,8385,8317
5079,8386,8320
5085,8387,8317
5090,8386,8319
5095,8387,8318
5100,8387,8321
5105,8386,8318
5110,8386,8319
5115,8386,8320
5120,8385,8320
5125,8386,8320
5130,8387,8320
5135,8387,8319
5140,8385,8321
5145,8386,8321
5150,8387,8319
5155,8387,8317
5160,8386,8318
5165,8386,8319
5170,8387,8320
5176,8387,8320
5181,8387,8319
5186,8387,8321
5191,8387,8320
5196,8386,8318
5201,8387,8318
5206,8386,8319
5211,8387,8319
5216,8387,8318
5221,8387,8319
5226,8387,8320
5231,8386,8321
5236,8388,8318
5241,8387,8319
5246,8387,8320
5251,8387,8322
5256,8387,8321
5261,8387,8321
5267,8387,8320
5272,8387,8319
5277,8387,8320
5282,8387,8319
5287,8386,8320
5292,8387,8322
5297,8386,8323
5302,8387,8321
5307,8387,8319
5312,8386,8318
5317,8387,8319
5322,8387,8321
5327,8387,8320
5332,8387,8322
5337,8386,8321
5342,8385,8321
5347,8387,8322
5352,8386,8320
5357,8386,8321
5363,8387,8322
5368,8386,8321
5373,8387,8321
5378,8387,8320
5383,8387,8322
5388,8388,8322
5393,8388,8320
5398,8387,8322
5403,8387,8321
5408,8387,8325
5413,8387,8320
5418,8388,8322
5423,8387,8321
5428,8386,8323
5433,8388,8323
5438,8387,8322
5443,8387,8322
5448,8388,8321
5454,8388,8322
5459,8387,8321
5464,8388,8324
5469,8387,8321
5474,8388,8323
5479,8387,8322
5484,8388,8320
5489,8387,8325
5494,8387,8323
5499,8388,8322
5504,8387,8321
5509,8388,8321
5514,8388,8322
5519,8387,8321
5524,8387,8320
5529,8389,8323
5534,8388,8322
5539,8386,8321
5545,8386,8323
5550,8388,8323
5555,8387,8322
5560,8388,8323
5565,8388,8324
5570,8388,8324
5575,8387,8324
5580,8388,8323
5585,8386,8325
5590,8387,8324
5595,8389,8323
5600,8389,8324
5605,8389,8322
5610,8387,8323
5615,8388,8323
5620,8387,8324
5625,8388,8322
5630,8388,8322
5635,8388,8324
5641,8387,8325
5646,8387,8322
5651,8389,8323
5656,8387,8323
5661,8388,8323
5666,8388,8323
5671,8387,8324
5676,8387,8324
5681,8387,8322
5686,8389,8324
5691,8387,8324
5696,8388,8325
5701,8388,8326
5706,8388,8322
5711,8388,8324
5716,8387,8323
5721,8387,8326
5726,8387,8324
5732,8388,8325
5737,8389,8324
5742,8388,8323
5747,8388,8327
5752,8388,8323
5757,8388,8326
5762,8389,8326
5767,8388,8324
5772,8387,8326
5777,8388,8326
5782,8388,8323
5787,8388,8326
5792,8389,8325
5797,8388,8325
5802,8387,8325
5807,8388,8327
5812,8389,8325
5818,8388,8324
5823,8389,8326
5828,8388,8324
5833,8388,8325
5838,8388,8325
5843,8387,8325
5848,8389,8324
5853,8388,8324
5858,8388,8325
5863,8389,8327
5868,8387,8324
5873,8388,8324
5878,8390,8325
5883,8389,8326
5888,8389,8326
5893,8389,8325
5898,8388,8325
5903,8388,8326
5908,8388,8327
5914,8389,8325
5919,8389,8327
5924,8388,8325
5929,8389,8326
5934,8389,8327
5939,8389,8325
5944,8389,8327
5949,8389,8327
5954,8390,8326
5959,8389,8327
5964,8389,8326
5969,8387,8326
5974,8388,8325
5979,8388,8327
5984,8388,8325
5989,8388,8327
5994,8389,8327
5999,8388,8326
6005,8389,8328
6010,8390,8327
6015,8389,8328
6020,8390,8326
6025,8389,8326
6030,8388,8329
6035,8389,8327
6040,8388,8327
6045,8388,8327
6050,8389,8326
6055,8388,8327
6060,8389,8327
6065,8388,8326
6070,8389,8325
6075,8389,8327
6080,8389,8327
6085,8390,8328
6090,8388,8327
6096,8389,8326
6101,8388,8327
6106,8389,8328
6111,8390,8326
6116,8389,8328
6121,8389,8326
6126,8389,8328
6131,8389,8327
6136,8388,8326
6141,8389,8328
6146,8388,8328
6151,8388,8327
6156,8388,8327
6161,8388,8327
6166,8389,8327
6171,8388,8328
6176,8389,8329
6181,8388,8329
6186,8389,8328
6192,8388,8327
6197,8388,8329
6202,8388,8329
6207,8389,8328
6212,8388,8328
6217,8388,8327
6222,8388,8328
6227,8388,8327
6232,8388,8327
6237,8389,8328
6242,8388,8327
6247,8387,8329
6252,8388,8330
6257,8387,8328
6262,8387,8329
6267,8388,8329
6272,8388,8329
6277,8388,8329
6283,8387,8329
6288,8386,8330
6293,8388,8327
6298,8387,8329
6303,8388,8327
6308,8387,8329
6313,8387,8328
6318,8388,8329
6323,8386,8329
6328,8387,8329
6333,8387,8331
6338,8387,8330
6343,8386,8330
6348,8387,8330
6353,8387,8330
6358,8387,8329
6363,8387,8329
6368,8387,8330
6374,8386,8332
6379,8386,8330
6384,8386,8329
6389,8386,8329
6394,8385,8330
6399,8386,8329
6404,8386,8329
6409,8385,8329
6414,8386,8328
6419,8385,8330
6424,8385,8330
6429,8386,8330
6434,8385,8331
6439,8385,8329
6444,8385,8330
6449,8385,8329
6454,8386,8329
6459,8384,8330
6464,8384,8330
6470,8385,8331
6475,8384,8329
6480,8384,8330
6485,8384,8332
6490,8384,8330
6495,8383,8330
6500,8385,8333
6505,8384,8331
6510,8385,8331
6515,8383,8330
6520,8384,8333
6525,8383,8330
6530,8383,8330
6535,8384,8331
6540,8383,8329
6545,8384,8332
6550,8384,8332
6555,8382,8330
6561,8384,8331
6566,8382,8333
6571,8382,8332
6576,8383,8331
6581,8382,8331
6586,8383,8330
6591,8382,8332
6596,8383,8331
6601,8382,8331
6606,8383,8329
6611,8382,8332
6616,8382,8332
6621,8381,8330
6626,8382,8331
6631,8381,8330
6636,8381,8332
6641,8381,8331
6646,8381,8333
6652,8381,8332
6657,8381,8332
6662,8381,8331
6667,8380,8331
6672,8380,8330
6677,8379,8332
6682,8380,8333
6687,8380,8333
6692,8380,8332
6697,8379,8332
6702,8380,8332
6707,8380,8331
6712,8378,8334
6717,8380,8332
6722,8377,8331
6727,8378,8333
6732,8378,8333
6737,8378,8331
6743,8377,8332
6748,8377,8331
6753,8378,8333
6758,8378,8332
6763,8378,8333
6768,8377,8331
6773,8378,8333
6778,8378,8332
6783,8378,8332
6788,8376,8333
6793,8378,8334
6798,8376,8333
6803,8376,8333
6808,8376,8332
6813,8377,8333
6818,8376,8332
6823,8376,8333
6828,8376,8332
6833,8376,8333
6839,8376,8333
6844,8376,8333
6849,8376,8332
6854,8375,8331
6859,8375,8334
6864,8375,8332
6869,8375,8334
6874,8376,8331
6879,8375,8333
6884,8374,8333
6889,8375,8333
6894,8374,8334
6899,8374,8334
6904,8374,8334
6909,8373,8332
6914,8373,8333
6919,8374,8332
6924,8374,8334
6930,8374,8333
6935,8373,8334
6940,8374,8333
6945,8372,8333
6950,8372,8333
6955,8373,8335
6960,8373,8333
6965,8373,8334
6970,8372,8334
6975,8373,8332
6980,8370,8333
6985,8372,8333
6990,8372,8335
6995,8371,8332
7000,8371,8334
7005,8371,8334
7010,8370,8334
7016,8371,8335
7021,8370,8334
7026,8370,8334
7031,8370,8333
7036,8371,8335
7041,8369,8333
7046,8370,8335
7051,8370,8333
7056,8370,8333
7061,8370,8335
7066,8369,8334
7071,8370,8334
7076,8369,8334
7081,8369,8335
7086,8369,8334
7091,8370,8334
7096,8369,8334
7101,8369,8334
7106,8368,8334
7112,8369,8334
7117,8369,8335
7122,8368,8335
7127,8368,8334
7132,8368,8335
7137,8369,8332
7142,8368,8333
7147,8368,8334
7152,8368,8335
7157,8368,8335
7162,8367,8333
7167,8367,8334
7172,8367,8335
7177,8366,8334
7182,8367,8335
7187,8367,8334
7192,8366,8334
7197,8366,8335
7203,8367,8334
7208,8366,8334
7213,8366,8334
7218,8367,8334
7223,8367,8334
7228,8366,8335
7233,8367,8335
7238,8365,8335
7243,8366,8334
7248,8365,8335
7253,8366,8335
7258,8365,8334
7263,8365,8334
7268,8365,8334
7273,8365,8334
7278,8365,8335
7283,8365,8334
7288,8365,8334
7294,8364,8334
7299,8364,8334
7304,8364,8334
7309,8364,8335
7314,8365,8335
7319,8364,8334
7324,8364,8335
7329,8364,8335
7334,8363,8335
7339,8364,8335
7344,8364,8335
7349,8363,8334
7354,8364,8334
7359,8363,8334
7364,8364,8334
7369,8363,8335
7374,8363,8334
7379,8363,8335
7384,8363,8335
7390,8363,8334
7395,8363,8335
7400,8363,8334
7405,8362,8335
7410,8362,8334
7415,8362,8334
7420,8363,8335
7425,8362,8335
7430,8362,8336
7435,8361,8336
7440,8361,8335
7445,8362,8335
7450,8361,8335
7455,8362,8335
7460,8361,8335
7465,8361,8335
7470,8360,8335
7475,8361,8336
7481,8361,8335
7486,8361,8334
7491,8361,8335
7496,8361,8335
7501,8361,8333
7506,8361,8335
7511,8360,8336
7516,8361,8334
7521,8360,8334
7526,8360,8335
7531,8360,8336
7536,8360,8334
7541,8361,8335
7546,8359,8335
7551,8360,8335
7556,8360,8335
7561,8360,8335
7566,8360,8334
7572,8359,8335
7577,8359,8334
7582,8360,8335
7587,8359,8335
7592,8359,8334
7597,8359,8335
7602,8359,8336
7607,8359,8335
7612,8358,8335
7617,8359,8335
7622,8359,8336
7627,8359,8334
7632,8359,8334
7637,8359,8335
7642,8358,8334
7647,8358,8334
7652,8359,8336
7657,8359,8334
7663,8358,8336
7668,8357,8335
7673,8358,8335
7678,8358,8335
7683,8357,8335
7688,8358,8335
7693,8358,8334
7698,8357,8335
7703,8357,8334
7708,8358,8335
7713,8357,8333
7718,8357,8334
7723,8358,8334
7728,8358,8335
7733,8357,8334
7738,8357,8335
7743,8357,8335
7748,8356,8335
7753,8357,8334
7759,8357,8335
7764,8357,8335
7769,8357,8335
7774,8357,8334
7779,8357,8335
7784,8356,8335
7789,8356,8335
7794,8356,8335
7799,8356,8334
7804,8356,8334
7809,8356,8336
7814,8356,8335
7819,8355,8335
7824,8355,8335
7829,8356,8335
7834,8356,8334
7839,8354,8335
7844,8356,8334
7850,8355,8335
7855,8355,8334
7860,8356,8334
7865,8355,8334
7870,8355,8335
7875,8355,8334
7880,8355,8335
7885,8355,8334
7890,8355,8335
7895,8354,8334
7900,8355,8335
7905,8355,8334
7910,8355,8334
7915,8355,8334
7920,8354,8335
7925,8355,8334
7930,8354,8334
7935,8353,8335
7941,8355,8334
7946,8354,8334
7951,8355,8335
7956,8354,8334
7961,8354,8335
7966,8353,8334
7971,8355,8334
7976,8354,8335
7981,8353,8334
7986,8354,8334
7991,8353,8335
7996,8354,8334
8001,8355,8334
8006,8354,8333
8011,8354,8333
8016,8353,8333
8021,8353,8334
8026,8353,8335
8032,8353,8334
8037,8353,8334
8042,8354,8334
8047,8353,8333
8052,8353,8334
8057,8352,8334
8062,8353,8334
8067,8353,8334
8072,8353,8334
8077,8352,8334
8082,8352,8334
8087,8353,8334
8092,8352,8334
8097,8352,8334
8102,8352,8333
8107,8352,8333
8112,8352,8334
8117,8352,8333
8122,8352,8334
8128,8352,8334
8133,8353,8333
8138,8352,8334
8143,8352,8334
8148,8352,8333
8153,8352,8335
8158,8353,8334
8163,8352,8334
8168,8352,8334
8173,8352,8333
8178,8352,8334
8183,8352,8334
8188,8352,8333
8193,8352,8334
8198,8352,8334
8203,8351,8334
8208,8351,8333
8214,8351,8333
8219,8351,8334
8224,8351,8334
8229,8351,8333
8234,8351,8334
8239,8351,8333
8244,8351,8332
8249,8351,8333
8254,8351,8334
8259,8351,8333
8264,8351,8333
8269,8351,8333
8274,8350,8334
8279,8351,8333
8284,8351,8333
8289,8351,8333
8294,8350,8333
8299,8350,8334
8305,8350,8333
8310,8350,8333
8315,8350,8334
8320,8351,8332
8325,8351,8333
8330,8349,8333
8335,8350,8332
8340,8350,8333
8345,8351,8332
8350,8350,8334
8355,8350,8333
8360,8350,8333
8365,8350,8333
8370,8349,8333
8375,8350,8332
8380,8349,8332
8385,8351,8332
8390,8349,8333
8395,8349,8332
8401,8349,8333
8406,8349,8332
8411,8349,8332
8416,8350,8333
8421,8350,8331
8426,8350,8333
8431,8349,8333
8436,8349,8333
8441,8348,8334
8446,8349,8333
8451,8349,8333
8456,8349,8332
8461,8349,8333
8466,8349,8333
8471,8348,8333
8476,8349,8332
8481,8349,8332
8486,8349,8332
8492,8348,8332
8497,8349,8333
8502,8348,8333
8507,8349,8333
8512,8349,8333
8517,8348,8333
8522,8348,8332
8527,8348,8333
8532,8348,8332
8537,8348,8332
8542,8348,8331
8547,8348,8332
8552,8348,8332
8557,8348,8332
8562,8348,8332
8567,8348,8333
8572,8348,8333
8577,8348,8332
8583,8348,8332
8588,8347,8331
8593,8347,8333
8598,8348,8331
8603,8348,8332
8608,8348,8332
8613,8347,8332
8618,8348,8332
8623,8347,8332
8628,8347,8332
8633,8347,8332
8638,8347,8331
8643,8347,8332
8648,8347,8333
8653,8347,8331
8658,8347,8332
8663,8346,8332
8668,8347,8332
8674,8348,8332
8679,8348,8332
8684,8347,8331
8689,8347,8332
8694,8347,8331
8699,8348,8332
8704,8346,8331
8709,8347,8330
8714,8348,8332
8719,8347,8332
8724,8347,8331
8729,8347,8331
8734,8347,8331
8739,8346,8331
8744,8346,8331
8749,8346,8332
8754,8345,8332
8759,8347,8331
8764,8346,8332
8770,8347,8331
8775,8346,8331
8780,8346,8330
8785,8346,8332
8790,8346,8331
8795,8346,8331
8800,8346,8331
8805,8346,8331
8810,8346,8331
8815,8345,8331
8820,8346,8331
8825,8346,8331
8830,8347,8330
8835,8345,8331
8840,8345,8330
8845,8347,8332
8850,8347,8331
8855,8346,8331
8861,8346,8330
8866,8346,8330
8871,8346,8330
8876,8346,8331
8881,8346,8331
8886,8346,8331
8891,8345,8331
8896,8346,8330
8901,8346,8330
8906,8345,8330
8911,8345,8331
8916,8345,8331
8921,8345,8330
8926,8345,8330
8931,8344,8330
8936,8345,8330
8942,8345,8330
8947,8345,8330
8952,8345,8330
8957,8345,8330
8962,8345,8330
8967,8346,8330
8972,8345,8330
8977,8344,8330
8982,8345,8330
8987,8346,8330
8992,8345,8331
8997,8345,8330
9002,8344,8330
9007,8345,8330
9012,8345,8330
9017,8344,8330
9022,8345,8330
9027,8344,8331
9032,8344,8330
9038,8345,8331
9043,8343,8330
9048,8345,8330
9053,8344,8329
9058,8344,8329
9063,8345,8330
9068,8345,8330
9073,8345,8329
9078,8344,8330
9083,8344,8330
9088,8345,8330
9093,8345,8330
9098,8344,8330
9103,8344,8330
9108,8345,8329
9113,8344,8329
9118,8344,8330
9123,8344,8330
9129,8345,8329
9134,8343,8330
9139,8344,8328
9144,8344,8329
9149,8345,8330
9154,8344,8329
9159,8344,8329
9164,8345,8330
9169,8343,8329
9174,8344,8330
9179,8343,8330
9184,8344,8329
9189,8344,8330
9194,8344,8329
9199,8343,8329
9204,8344,8330
9209,8343,8330
9214,8344,8330
9220,8344,8329
9225,8343,8329
9230,8342,8329
9235,8343,8329
9240,8344,8329
9245,8343,8330
9250,8343,8329
9255,8343,8329
9260,8344,8329
9265,8343,8330
9270,8343,8329
9275,8343,8329
9280,8343,8329
9285,8344,8329
9290,8343,8329
9295,8344,8329
9300,8343,8328
9305,8343,8329
9311,8343,8330
9316,8343,8329
9321,8344,8329
9326,8343,8328
9331,8343,8328
9336,8343,8328
9341,8342,8329
9346,8343,8330
9351,8342,8329
9356,8342,8328
9361,8343,8328
9366,8342,8328
9371,8343,8329
9376,8342,8328
9381,8342,8329
9386,8342,8329
9391,8343,8328
9396,8343,8328
9401,8342,8328
9407,8342,8328
9412,8342,8328
9417,8343,8329
9422,8342,8328
9427,8342,8328
9432,8342,8328
9437,8343,8329
9442,8343,8328
9447,8343,8328
9452,8342,8328
9457,8343,8327
9462,8341,8328
9467,8341,8328
9472,8342,8328
9477,8342,8328
9482,8341,8328
9487,8342,8328
9492,8342,8328
9498,8342,8328
9503,8341,8328
9508,8342,8328
9513,8341,8328
9518,8342,8328
9523,8341,8328
9528,8342,8327
9533,8343,8329
9538,8341,8328
9543,8342,8328
9548,8341,8328
9553,8342,8327
9558,8341,8327
9563,8342,8328
9568,8341,8328
9573,8341,8328
9578,8341,8327
9583,8341,8327
9589,8341,8327
9594,8342,8327
9599,8341,8326
9604,8341,8327
9609,8342,8327
9614,8341,8327
9619,8341,8327
9624,8341,8328
9629,8341,8328
9634,8342,8328
9639,8341,8327
9644,8341,8327
9649,8341,8326
9654,8341,8327
9659,8341,8326
9664,8341,8327
9670,8342,8328
9675,8341,8327
9680,8341,8327
9685,8342,8327
9690,8341,8326
9695,8340,8328
9700,8340,8327
9705,8341,8327
9710,8340,8327
9715,8341,8326
9720,8341,8327
9725,8341,8327
9730,8341,8325
9735,8340,8327
9740,8340,8327
9745,8340,8326
9750,8342,8326
9755,8341,8327
9761,8340,8327
9766,8341,8325
9771,8340,8327
9776,8341,8327
9781,8341,8326
9786,8340,8326
9791,8341,8327
9796,8340,8326
9801,8341,8326
9806,8341,8326
9811,8341,8325
9816,8339,8327
9821,8340,8326
9826,8341,8326
9831,8340,8326
9836,8339,8326
9841,8340,8326
9846,8340,8327
9851,8339,8326
9857,8340,8326
9862,8341,8326
9867,8340,8326
9872,8341,8325
9877,8340,8326
9882,8340,8325
9887,8340,8326
9892,8339,8325
9897,8340,8325
9902,8340,8326
9907,8339,8326
9912,8340,8326
9917,8340,8326
9922,8340,8326
9927,8340,8325
9932,8340,8326
9937,8340,8325
9942,8340,8326
9948,8338,8326
9953,8340,8327
9958,8340,8325
9963,8340,8326
9968,8339,8326
9973,8339,8326
9978,8339,8325
9983,8340,8326
9988,8340,8325
9993,8339,8324
9998,8339,8325
10003,8339,8325
10008,8339,8326
10013,8338,8326
10018,8340,8325
10023,8338,8325
10028,8340,8326
10033,8339,8325
10039,8339,8325
10044,8339,8326
10049,8339,8326
10054,8339,8325
10059,8338,8326
10064,8339,8325
10069,8338,8325
10074,8339,8324
10079,8340,8325
10084,8339,8325
10089,8338,8325
10094,8339,8324
10099,8338,8325
10104,8339,8324
10109,8340,8325
10114,8338,8325
10119,8340,8324
10125,8339,8325
10130,8338,8324
10135,8340,8325
10140,8338,8324
10145,8339,8324
10150,8340,8325
10155,8339,8324
10160,8339,8325
10165,8338,8324
10170,8339,8324
10175,8338,8325
10180,8339,8325
10185,8339,8324
10190,8339,8325
10195,8339,8325
10200,8339,8325
10205,8338,8325
10210,8339,8325
10216,8339,8324
10221,8338,8324
10226,8338,8325
10231,8339,8325
10236,8338,8325
10241,8339,8324
10246,8338,8324
10251,8338,8324
10256,8338,8324
10261,8339,8324
10266,8338,8325
10271,8339,8324
10276,8338,8323
10281,8339,8324
10286,8338,8324
10291,8339,8324
10296,8338,8324
10301,8338,8324
10307,8339,8324
10312,8338,8324
10317,8338,8324
10322,8339,8324
10327,8338,8324
10332,8338,8324
10337,8337,8323
10342,8338,8323
10347,8337,8324
10352,8338,8324
10357,8337,8324
10362,8339,8323
10367,8338,8324
10372,8338,8324
10377,8338,8323
10382,8338,8322
10387,8337,8323
10392,8337,8322
10398,8337,8324
10403,8338,8323
10408,8339,8324
10413,8338,8324
10418,8337,8323
10423,8337,8323
10428,8338,8323
10433,8338,8324
10438,8338,8323
10443,8338,8323
10448,8338,8323
10453,8337,8323
10458,8338,8323
10463,8338,8324
10468,8337,8323
10473,8338,8323
10478,8338,8322
10483,8338,8324
10489,8338,8323
10494,8338,8323
10499,8337,8323
10504,8337,8323
10509,8336,8322
10514,8337,8324
10519,8338,8323
10524,8337,8322
10529,8337,8324
10534,8337,8323
10539,8338,8323
10544,8337,8323
10549,8336,8324
10554,8338,8323
10559,8338,8322
10564,8336,8323
10569,8336,8323
10574,8336,8323
10580,8337,8322
10585,8338,8322
10590,8336,8321
10595,8336,8322
10600,8337,8322
10605,8338,8323
10610,8337,8323
10615,8337,8322
10620,8337,8322
10625,8337,8322
10630,8337,8322
10635,8336,8322
10640,8337,8322
10645,8336,8322
10650,8337,8323
10655,8336,8321
10660,8336,8322
10665,8337,8322
10671,8337,8322
10676,8336,8321
10681,8337,8323
10686,8336,8323
10691,8337,8323
10696,8337,8322
10701,8337,8322
10706,8336,8323
10711,8337,8322
10716,8337,8322
10721,8337,8321
10726,8337,8322
10731,8337,8323
10736,8337,8321
10741,8337,8322
10746,8337,8322
10751,8337,8322
10756,8337,8322
10762,8336,8322
10767,8337,8321
10772,8336,8322
10777,8336,8322
10782,8336,8321
10787,8337,8322
10792,8336,8322
10797,8337,8322
10802,8336,8322
10807,8336,8321
10812,8337,8322
10817,8337,8321
10822,8336,8321
10827,8336,8323
10832,8336,8321
10837,8336,8322
10842,8336,8321
10848,8336,8321
10853,8336,8321
10858,8336,8320
10863,8337,8321
10868,8336,8321
10873,8335,8322
10878,8336,8322
10883,8336,8321
10888,8336,8322
10893,8336,8321
10898,8336,8320
10903,8336,8321
10908,8336,8322
10913,8336,8321
10918,8336,8321
10923,8336,8321
10928,8336,8321
10933,8335,8321
10939,8336,8320
10944,8336,8321
10949,8336,8321
10954,8337,8320
10959,8335,8321
10964,8335,8321
10969,8336,8321
10974,8336,8321
10979,8336,8321
10984,8336,8321
10989,8335,8321
10994,8336,8321
10999,8336,8321
11004,8336,8321
11009,8336,8321
11014,8335,8321
11019,8336,8321
11025,8335,8321
11030,8336,8320
11035,8335,8321
11040,8336,8321
11045,8336,8321
11050,8335,8320
11055,8336,8320
11060,8335,8320
11065,8336,8320
11070,8335,8320
11075,8336,8321
11080,8335,8320
11085,8335,8321
11090,8335,8321
11095,8336,8320
11100,8335,8320
11105,8335,8320
11110,8335,8320
11116,8336,8320
11121,8335,8319
11126,8335,8321
11131,8336,8321
11136,8335,8320
11141,8335,8320
11146,8336,8321
11151,8335,8319
11156,8336,8320
11161,8336,8320
11166,8335,8320
11171,8335,8320
11176,8335,8321
11181,8336,8319
11186,8335,8319
11191,8336,8320
11196,8335,8320
11201,8336,8320
11207,8335,8320
11212,8335,8319
11217,8335,8320
11222,8336,8320
11227,8335,8320
11232,8335,8320
11237,8335,8320
11242,8335,8319
11247,8334,8320
11252,8335,8319
11257,8335,8319
11262,8335,8320
11267,8335,8319
11272,8335,8319
11277,8335,8320
11282,8335,8320
11287,8335,8319
11292,8336,8319
11298,8335,8320
11303,8335,8320
11308,8335,8320
11313,8334,8319
11318,8335,8319
11323,8335,8320
11328,8335,8320
11333,8335,8319
11338,8335,8320
11343,8335,8320
11348,8335,8319
11353,8335,8320
11358,8334,8319
11363,8335,8319
11368,8335,8319
11373,8335,8319
11378,8334,8319
11383,8335,8318
11389,8335,8319
11394,8334,8319
11399,8335,8319
11404,8335,8320
11409,8335,8319
11414,8336,8319
11419,8335,8319
11424,8335,8318
11429,8335,8320
11434,8335,8320
11439,8335,8317
11444,8335,8319
11449,8335,8318
11454,8335,8320
11459,8335,8320
11464,8335,8319
11469,8335,8319
11474,8334,8319
11480,8336,8319
11485,8335,8319
11490,8334,8318
11495,8334,8318
11500,8335,8319
11505,8334,8320
11510,8335,8318
11515,8334,8319
11520,8335,8319
11525,8334,8318
11530,8335,8318
11535,8334,8319
11540,8335,8319
11545,8333,8319
11550,8334,8318
11555,8334,8318
11560,8334,8319
11565,8334,8318
11571,8334,8319
11576,8335,8318
11581,8335,8318
11586,8334,8319
11591,8334,8318
11596,8335,8318
11601,8334,8318
11606,8334,8318
11611,8335,8318
11616,8334,8318
11621,8334,8318
11626,8335,8318
11631,8334,8319
11636,8334,8319
11641,8334,8318
11646,8334,8318
11651,8334,8317
11656,8335,8318
11662,8334,8318
11667,8334,8318
11672,8334,8318
11677,8334,8318
11682,8334,8319
11687,8334,8318
11692,8334,8318
11697,8335,8318
11702,8334,8317
11707,8334,8318
11712,8335,8318
11717,8335,8318
11722,8335,8317
11727,8334,8317
11732,8334,8317
11737,8334,8317
11742,8334,8318
11748,8334,8318
11753,8335,8317
11758,8335,8318
11763,8334,8318
11768,8334,8318
11773,8334,8318
11778,8334,8318
11783,8334,8318
11788,8334,8318
11793,8333,8317
11798,8335,8317
11803,8334,8316
11808,8334,8317
11813,8334,8317
11818,8334,8318
11823,8334,8317
11828,8334,8318
11833,8334,8317
11839,8334,8318
11844,8334,8317
11849,8334,8317
11854,8335,8317
11859,8334,8318
11864,8334,8317
11869,8333,8317
11874,8333,8316
11879,8334,8318
11884,8335,8317
11889,8335,8317
11894,8334,8317
11899,8334,8318
11904,8334,8318
11909,8334,8316
11914,8333,8317
11919,8333,8317
11924,8333,8318
11930,8334,8317
11935,8333,8317
11940,8334,8317
11945,8333,8318
11950,8334,8317
11955,8335,8317
11960,8334,8317
11965,8334,8317
11970,8334,8317
11975,8334,8316
11980,8335,8317
11985,8334,8317
11990,8333,8317
11995,8333,8317
12000,8333,8316
12005,8333,8316
12010,8333,8316
12015,8334,8317
12021,8334,8317
12026,8333,8317
12031,8334,8317
12036,8334,8316
12041,8333,8317
12046,8334,8317
12051,8333,8317
12056,8334,8316
12061,8334,8317
12066,8333,8317
12071,8334,8316
12076,8333,8317
12081,8334,8316
12086,8334,8317
12091,8333,8316
12096,8333,8317
12101,8334,8316
12107,8334,8317
12112,8332,8315
12117,8333,8317
12122,8334,8316
12127,8333,8316
12132,8332,8316
12137,8333,8317
12142,8334,8317
12147,8333,8317
12152,8333,8317
12157,8333,8316
12162,8333,8316
12167,8333,8316
12172,8334,8317
12177,8334,8317
12182,8333,8316
12187,8333,8315
12192,8333,8316
12198,8334,8316
12203,8333,8316
12208,8333,8316
12213,8333,8316
12218,8333,8316
12223,8334,8315
12228,8334,8316
12233,8333,8316
12238,8332,8315
12243,8334,8316
12248,8334,8315
12253,8333,8316
12258,8334,8317
12263,8333,8316
12268,8332,8315
12273,8333,8316
12278,8333,8315
12283,8333,8314
12289,8333,8315
12294,8333,8316
12299,8333,8315
12304,8334,8315
12309,8333,8316
12314,8333,8316
12319,8333,8316
12324,8333,8316
12329,8332,8315
12334,8332,8316
12339,8334,8315
12344,8333,8316
12349,8333,8315
12354,8332,8315
12359,8333,8316
12364,8332,8315
12369,8333,8315
12374,8333,8316
12380,8332,8315
12385,8334,8314
12390,8333,8315
12395,8333,8315
12400,8334,8315
12405,8333,8315
12410,8333,8316
12415,8332,8316
12420,8332,8315
12425,8333,8315
12430,8332,8316
12435,8332,8316
12440,8333,8315
12445,8333,8314
12450,8333,8315
12455,8332,8314
12460,8333,8315
12466,8333,8315
12471,8333,8315
12476,8333,8315
12481,8332,8315
12486,8332,8315
12491,8332,8315
12496,8332,8315
12501,8332,8315
12506,8332,8315
12511,8333,8315
12516,8332,8315
12521,8333,8315
12526,8332,8314
12531,8332,8314
12536,8333,8314
12541,8333,8315
12546,8332,8316
12551,8332,8315
12557,8333,8315
12562,8333,8315
12567,8333,8315
12572,8332,8315
12577,8332,8315
12582,8333,8314
12587,8333,8315
12592,8333,8315
12597,8333,8315
12602,8333,8315
12607,8333,8314
12612,8332,8315
12617,8332,8314
12622,8332,8314
12627,8333,8314
12632,8332,8315
12637,8333,8314
12642,8331,8315
12648,8332,8314
12653,8332,8315
12658,8332,8314
12663,8332,8314
12668,8333,8314
12673,8332,8315
12678,8332,8316
12683,8333,8315
12688,8332,8314
12693,8332,8315
12698,8332,8315
12703,8332,8314
12708,8332,8315
12713,8332,8314
12718,8333,8315
12723,8333,8315
12728,8331,8315
12733,8333,8315
12739,8332,8314
12744,8332,8313
12749,8332,8314
12754,8332,8314
12759,8332,8314
12764,8332,8315
12769,8332,8314
12774,8332,8315
12779,8332,8315
12784,8332,8314
12789,8332,8315
12794,8332,8314
12799,8332,8315
12804,8332,8315
12809,8332,8314
12814,8332,8314
12819,8332,8315
12824,8332,8314
12830,8332,8315
12835,8332,8313
12840,8331,8314
12845,8332,8315
12850,8332,8314
12855,8332,8313
12860,8332,8314
12865,8333,8314
12870,8333,8313
12875,8331,8314
12880,8331,8313
12885,8332,8314
12890,8332,8314
12895,8332,8314
12900,8332,8313
12905,8333,8313
12910,8332,8314
12915,8332,8314
12921,8332,8315
12926,8332,8314
12931,8332,8314
12936,8332,8313
12941,8332,8314
12946,8331,8314
12951,8332,8314
12956,8331,8314
12961,8332,8314
12966,8332,8313
12971,8332,8314
12976,8331,8313
12981,8331,8313
12986,8332,8313
12991,8332,8314
12996,8331,8314
13001,8332,8313
13007,8332,8313
13012,8332,8313
13017,8331,8313
13022,8332,8313
13027,8332,8314
13032,8332,8314
13037,8332,8313
13042,8331,8313
13047,8332,8314
13052,8332,8313
13057,8332,8313
13062,8331,8313
13067,8332,8312
13072,8331,8312
13077,8331,8314
13082,8331,8314
13087,8332,8314
13092,8332,8313
13098,8331,8313
13103,8331,8313
13108,8332,8314
13113,8331,8314
13118,8331,8313
13123,8331,8314
13128,8331,8313
13133,8331,8314
13138,8331,8313
13143,8331,8314
13148,8331,8313
13153,8331,8313
13158,8331,8313
13163,8332,8313
13168,8331,8313
13173,8332,8312
13178,8331,8314
13183,8332,8313
13189,8332,8312
13194,8331,8314
13199,8332,8312
13204,8332,8313
13209,8332,8312
13214,8331,8313
13219,8331,8313
13224,8331,8313
13229,8332,8313
13234,8331,8312
13239,8331,8313
13244,8331,8313
13249,8331,8313
13254,8332,8312
13259,8332,8313
13264,8331,8312
13269,8331,8313
13275,8331,8313
13280,8332,8312
13285,8331,8312
13290,8331,8313
13295,8331,8312
13300,8332,8313
13305,8331,8313
13310,8331,8312
13315,8331,8312
13320,8331,8312
13325,8330,8313
13330,8332,8313
13335,8332,8313
13340,8332,8313
13345,8331,8313
13350,8331,8314
13355,8332,8312
13360,8331,8312
13366,8331,8313
13371,8332,8313
13376,8331,8312
13381,8332,8312
13386,8331,8312
13391,8331,8313
13396,8332,8312
13401,8331,8313
13406,8331,8312
13411,8331,8313
13416,8332,8311
13421,8331,8312
13426,8331,8313
13431,8330,8312
13436,8331,8312
13441,8330,8312
13446,8331,8312
13451,8331,8312
13457,8331,8312
13462,8332,8312
13467,8330,8313
13472,8331,8312
13477,8331,8311
13482,8331,8312
13487,8331,8312
13492,8331,8312
13497,8330,8312
13502,8331,8312
13507,8330,8313
13512,8330,8312
13517,8331,8312
13522,8330,8313
13527,8330,8314
13532,8331,8311
13537,8331,8312
13542,8331,8312
13548,8332,8312
13553,8331,8312
13558,8331,8312
13563,8331,8312
13568,8331,8311
13573,8331,8312
13578,8330,8313
13583,8331,8312
13588,8332,8311
13593,8330,8312
13598,8330,8310
13603,8331,8312
13608,8330,8312
13613,8331,8312
13618,8331,8311
13623,8330,8312
13628,8330,8311
13634,8331,8311
13639,8331,8312
13644,8331,8311
13649,8330,8312
13654,8330,8312
13659,8331,8311
13664,8331,8312
13669,8331,8312
13674,8331,8311
13679,8331,8312
13684,8330,8310
13689,8330,8311
13694,8331,8312
13699,8330,8312
13704,8330,8312
13709,8330,8312
13714,8330,8312
13719,8331,8312
13725,8331,8311
13730,8330,8311
13735,8331,8312
13740,8331,8311
13745,8331,8312
13750,8330,8311
13755,8330,8311
13760,8330,8311
13765,8331,8311
13770,8330,8311
13775,8330,8312
13780,8330,8312
13785,8331,8311
13790,8331,8311
13795,8330,8311
13800,8331,8311
13805,8330,8312
13810,8329,8311
13816,8330,8310
13821,8330,8311
13826,8330,8310
13831,8331,8311
13836,8331,8312
13841,8330,8313
13846,8330,8311
13851,8331,8311
13856,8330,8312
13861,8330,8311
13866,8330,8310
13871,8331,8311
13876,8330,8312
13881,8330,8311
13886,8330,8311
13891,8331,8311
13896,8331,8312
13901,8330,8311
13907,8330,8311
13912,8330,8311
13917,8330,8311
13922,8331,8311
13927,8330,8311
13932,8330,8311
13937,8330,8312
13942,8330,8311
13947,8330,8311
13952,8330,8312
13957,8330,8311
13962,8330,8311
13967,8330,8311
13972,8330,8311
13977,8330,8311
13982,8330,8311
13987,8331,8310
13992,8331,8311
13998,8330,8310
14003,8330,8311
14008,8330,8310
14013,8330,8310
14018,8330,8309
14023,8330,8311
14028,8329,8311
14033,8330,8312
14038,8330,8310
14043,8331,8311
14048,8330,8310
14053,8330,8311
14058,8330,8311
14063,8330,8311
14068,8330,8311
14073,8329,8310
14078,8331,8310
14083,8330,8311
14089,8330,8310
14094,8330,8311
14099,8330,8310
14104,8330,8310
14109,8330,8310
14114,8330,8311
14119,8330,8311
14124,8329,8311
14129,8330,8311
14134,8330,8310
14139,8330,8311
14144,8329,8310
14149,8329,8310
14154,8330,8310
14159,8330,8311
14164,8330,8310
14169,8330,8311
14175,8330,8310
14180,8330,8310
14185,8330,8310
14190,8329,8310
14195,8330,8310
14200,8330,8311
14205,8330,8311
14210,8329,8311
14215,8330,8310
14220,8330,8310
14225,8330,8310
14230,8329,8310
14235,8329,8311
14240,8330,8310
14245,8330,8311
14250,8329,8311
14255,8329,8310
14260,8329,8311
14266,8330,8310
14271,8330,8310
14276,8328,8310
14281,8329,8311
14286,8329,8310
14291,8330,8310
14296,8329,8310
14301,8330,8310
14306,8330,8310
14311,8330,8310
14316,8329,8308
14321,8329,8310
14326,8329,8310
14331,8329,8310
14336,8329,8310
14341,8329,8310
14346,8330,8311
14351,8330,8310
14357,8330,8309
14362,8329,8311
14367,8330,8310
14372,8330,8309
14377,8329,8310
14382,8329,8310
14387,8330,8309
14392,8330,8310
14397,8330,8311
14402,8330,8310
14407,8330,8310
14412,8329,8310
14417,8330,8311
14422,8329,8310
14427,8329,8310
14432,8330,8309
14437,8329,8309
14443,8329,8309
14448,8329,8309
14453,8329,8311
14458,8329,8309
14463,8329,8310
14468,8330,8309
14473,8329,8311
14478,8329,8310
14483,8330,8310
14488,8330,8309
14493,8329,8311
14498,8329,8309
14503,8330,8310
14508,8329,8310
14513,8330,8310
14518,8329,8310
14523,8329,8309
14528,8330,8310
14534,8330,8309
14539,8329,8309
14544,8330,8309
14549,8329,8310
14554,8329,8309
14559,8330,8310
14564,8329,8309
14569,8329,8309
14574,8328,8310
14579,8329,8310
14584,8328,8310
14589,8329,8309
14594,8329,8309
14599,8329,8309
14604,8329,8310
14609,8329,8309
14614,8330,8310
14619,8329,8310
14625,8329,8309
14630,8329,8310
14635,8329,8309
14640,8328,8310
14645,8331,8309
14650,8329,8309
14655,8329,8309
14660,8330,8309
14665,8329,8309
14670,8329,8310
14675,8328,8310
14680,8330,8310
14685,8328,8309
14690,8329,8310
14695,8329,8308
14700,8329,8309
14705,8329,8309
14711,8329,8309
14716,8328,8309
14721,8330,8309
14726,8329,8309
14731,8328,8309
14736,8329,8308
14741,8328,8309
14746,8329,8309
14751,8328,8308
14756,8329,8309
14761,8329,8309
14766,8329,8309
14771,8329,8309
14776,8329,8308
14781,8328,8310
14786,8329,8309
14791,8328,8309
14796,8328,8309
14802,8329,8309
14807,8329,8309
14812,8329,8308
14817,8329,8309
14822,8329,8309
14827,8329,8309
14832,8329,8308
14837,8329,8308
14842,8329,8309
14847,8329,8309
14852,8329,8308
14857,8328,8309
14862,8330,8308
14867,8329,8308
14872,8329,8310
14877,8329,8309
14882,8329,8309
14887,8329,8309
14893,8328,8308
14898,8329,8309
14903,8329,8309
14908,8329,8309
14913,8329,8309
14918,8328,8309
14923,8328,8308
14928,8328,8310
14933,8329,8308
14938,8328,8308
14943,8329,8309
14948,8329,8308
14953,8328,8309
14958,8329,8310
14963,8329,8309
14968,8329,8309
14973,8328,8309
14978,8328,8308
14984,8328,8309
14989,8329,8308
14994,8329,8309
14999,8329,8309
15004,8328,8308
15009,8328,8309
15014,8329,8309
15019,8328,8308
15024,8328,8309
15029,8329,8309
15034,8329,8308
15039,8329,8308
15044,8328,8309
15049,8329,8309
15054,8329,8308
15059,8329,8308
15064,8329,8309
15069,8328,8309
15075,8329,8308
15080,8328,8308
15085,8329,8309
15090,8329,8308
15095,8328,8308
15100,8329,8308
15105,8328,8309
15110,8328,8309
15115,8328,8309
15120,8328,8308
15125,8328,8308
15130,8328,8307
15135,8329,8308
15140,8328,8309
15145,8328,8309
15150,8329,8309
15155,8328,8308
15161,8329,8308
15166,8328,8308
15171,8328,8308
15176,8328,8308
15181,8329,8308
15186,8329,8308
15191,8328,8308
15196,8328,8307
15201,8329,8308
15206,8328,8308
15211,8328,8308
15216,8328,8308
15221,8328,8308
15226,8328,8308
15231,8329,8309
15236,8328,8308
15241,8329,8307
15246,8328,8308
15252,8329,8308
15257,8328,8308
15262,8328,8307
15267,8328,8308
15272,8328,8308
15277,8328,8307
15282,8328,8308
15287,8328,8309
15292,8328,8308
15297,8328,8308
15302,8328,8308
15307,8328,8309
15312,8328,8309
15317,8329,8307
15322,8328,8308
15327,8328,8308
15332,8328,8307
15337,8329,8307
15343,8328,8308
15348,8328,8308
15353,8328,8307
15358,8328,8308
15363,8328,8307
15368,8328,8307
15373,8328,8308
15378,8328,8309
15383,8327,8307
15388,8328,8308
15393,8328,8308
15398,8328,8308
15403,8328,8307
15408,8329,8308
15413,8329,8308
15418,8328,8307
15423,8328,8308
15428,8328,8307
15434,8328,8308
15439,8329,8308
15444,8329,8308
15449,8328,8308
15454,8328,8307
15459,8328,8307
15464,8327,8307
15469,8328,8308
15474,8327,8308
15479,8329,8307
15484,8328,8307
15489,8329,8307
15494,8328,8308
15499,8327,8308
15504,8328,8308
15509,8328,8308
15514,8327,8308
15520,8328,8307
15525,8328,8308
15530,8326,8308
15535,8328,8308
15540,8328,8308
15545,8328,8308
15550,8328,8308
15555,8328,8308
15560,8328,8308
15565,8328,8308
15570,8327,8307
15575,8329,8307
15580,8328,8307
15585,8329,8308
15590,8327,8308
15595,8328,8307
15600,8328,8307
15605,8328,8308
15611,8327,8308
15616,8329,8307
15621,8328,8307
15626,8328,8308
15631,8327,8308
15636,8328,8308
15641,8327,8308
15646,8328,8307
15651,8328,8307
15656,8328,8308
15661,8328,8307
15666,8327,8307
15671,8328,8308
15676,8328,8308
15681,8328,8307
15686,8328,8307
15691,8327,8307
15697,8328,8307
15702,8327,8306
15707,8328,8308
15712,8328,8307
15717,8329,8307
15722,8328,8307
15727,8328,8307
15732,8327,8307
15737,8328,8308
15742,8328,8308
15747,8328,8308
15752,8328,8307
15757,8328,8308
15762,8328,8307
15767,8328,8306
15772,8327,8308
15777,8328,8307
15782,8327,8306
15788,8327,8308
15793,8327,8307
15798,8327,8307
15803,8328,8307
15808,8327,8307
15813,8328,8307
15818,8329,8308
15823,8327,8307
15828,8328,8308
15833,8328,8307
15838,8327,8309
15843,8328,8306
15848,8328,8307
15853,8329,8307
15858,8327,8307
15863,8328,8307
15868,8327,8307
15873,8328,8307
15879,8327,8307
15884,8328,8307
15889,8327,8307
15894,8327,8307
15899,8327,8307
15904,8327,8308
15909,8328,8307
15914,8328,8306
15919,8328,8307
15924,8328,8308
15929,8328,8307
15934,8328,8307
15939,8327,8306
15944,8328,8307
15949,8328,8307
15954,8327,8307
15959,8328,8307
15964,8328,8307
15970,8327,8306
15975,8329,8308
15980,8328,8307
15985,8327,8306
15990,8327,8306
15995,8327,8305
16000,8328,8306
16005,8329,8307
16010,8327,8307
16015,8327,8306
16020,8327,8306
16025,8327,8308
16030,8327,8308
16035,8327,8307
16040,8327,8308
16045,8328,8306
16050,8327,8308
16056,8327,8306
16061,8327,8306
16066,8327,8307
16071,8327,8307
16076,8327,8307
16081,8327,8307
16086,8327,8307
16091,8328,8306
16096,8327,8306
16101,8328,8306
16106,8327,8307
16111,8327,8307
16116,8326,8307
16121,8327,8307
16126,8326,8306
16131,8327,8307
16136,8327,8306
16141,8327,8306
16147,8326,8306
16152,8327,8306
16157,8328,8307
16162,8328,8306
16167,8327,8307
16172,8327,8306
16177,8328,8306
16182,8328,8306
16187,8326,8306
16192,8327,8307
16197,8327,8306
16202,8327,8307
16207,8327,8306
16212,8327,8307
16217,8327,8308
16222,8327,8306
16227,8326,8306
16232,8327,8306
16238,8327,8306
16243,8326,8306
16248,8327,8307
16253,8327,8306
16258,8327,8307
16263,8326,8306
16268,8327,8307
16273,8327,8306
16278,8327,8305
16283,8328,8307
16288,8327,8306
16293,8326,8306
16298,8327,8306
16303,8326,8307
16308,8328,8306
16313,8326,8306
16318,8327,8306
16323,8327,8306
16329,8327,8307
16334,8327,8305
16339,8327,8305
16344,8327,8306
16349,8327,8306
16354,8327,8306
16359,8327,8307
16364,8326,8305
16369,8327,8306
16374,8327,8306
16379,8327,8306
16384,8326,8306
16389,8326,8305
16394,8326,8306
16399,8326,8305
16404,8327,8307
16409,8327,8306
16415,8327,8307
16420,8327,8305
16425,8326,8306
16430,8327,8306
16435,8327,8305
16440,8327,8306
16445,8326,8305
16450,8328,8305
16455,8328,8306
16460,8327,8305
16465,8326,8306
16470,8328,8306
16475,8327,8306
16480,8327,8307
16485,8326,8306
16490,8327,8306
16495,8327,8306
16500,8327,8306
16506,8327,8305
16511,8327,8306
16516,8327,8306
16521,8327,8305
16526,8326,8305
16531,8327,8306
16536,8327,8306
16541,8326,8306
16546,8327,8306
16551,8327,8306
16556,8326,8306
16561,8326,8306
16566,8326,8305
16571,8327,8306
16576,8327,8305
16581,8328,8305
16586,8327,8305
16591,8327,8306
16597,8326,8305
16602,8327,8307
16607,8327,8305
16612,8326,8305
16617,8327,8305
16622,8327,8305
16627,8326,8305
16632,8327,8306
16637,8326,8305
16642,8326,8306
16647,8327,8306
16652,8327,8306
16657,8326,8304
16662,8326,8306
16667,8327,8305
16672,8326,8306
16677,8326,8306
16682,8327,8306
16688,8326,8305
16693,8326,8306
16698,8326,8305
16703,8326,8305
16708,8326,8307
16713,8327,8305
16718,8326,8306
16723,8327,8306
16728,8326,8304
16733,8325,8305
16738,8326,8305
16743,8326,8306
16748,8325,8305
16753,8325,8305
16758,8325,8306
16763,8326,8306
16768,8325,8306
16773,8325,8305
16779,8326,8305
16784,8326,8305
16789,8326,8305
16794,8326,8306
16799,8326,8305
16804,8325,8305
16809,8327,8305
16814,8327,8305
16819,8325,8305
16824,8326,8305
16829,8325,8305
16834,8326,8306
16839,8325,8305
16844,8326,8305
16849,8326,8305
16854,8326,8306
16860,8326,8306
16865,8326,8305
16870,8326,8306
16875,8326,8304
16880,8325,8305
16885,8325,8305
16890,8325,8306
16895,8326,8305
16900,8325,8305
16905,8326,8306
16910,8325,8304
16915,8325,8305
16920,8325,8305
16925,8325,8305
16930,8325,8305
16935,8325,8304
16940,8325,8306
16945,8326,8305
16951,8325,8305
16956,8326,8305
16961,8325,8305
16966,8326,8304
16971,8325,8305
16976,8325,8305
16981,8326,8305
16986,8326,8306
16991,8325,8305
16996,8325,8306
17001,8326,8306
17006,8325,8306
17011,8325,8305
17016,8325,8306
17021,8325,8305
17026,8325,8305
17031,8324,8306
17036,8325,8305
17042,8325,8305
17047,8325,8304
17052,8325,8305
17057,8325,8305
17062,8326,8304
17067,8324,8305
17072,8325,8305
17077,8325,8306
17082,8325,8305
17087,8325,8304
17092,8325,8304
17097,8324,8306
17102,8325,8306
17107,8325,8305
17112,8325,8305
17117,8325,8306
17122,8325,8306
17127,8325,8305
17133,8325,8304
17138,8324,8303
17143,8325,8304
17148,8325,8305
17153,8324,8305
17158,8323,8305
17163,8325,8304
17168,8324,8305
17173,8325,8305
17178,8324,8304
17183,8325,8305
17188,8324,8305
17193,8325,8306
17198,8325,8305
17203,8325,8304
17208,8325,8304
17213,8325,8305
17219,8325,8305
17224,8325,8305
17229,8325,8305
17234,8325,8304
17239,8324,8304
17244,8324,8305
17249,8324,8305
17254,8324,8304
17259,8324,8305
17264,8324,8304
17269,8325,8303
17274,8324,8304
17279,8324,8305
17284,8324,8305
17289,8324,8303
17294,8323,8304
17299,8324,8305
17304,8324,8303
17310,8325,8305
17315,8325,8304
17320,8324,8304
17325,8324,8305
17330,8324,8304
17335,8324,8304
17340,8324,8305
17345,8325,8303
17350,8324,8305
17355,8324,8305
17360,8324,8305
17365,8323,8305
17370,8324,8304
17375,8324,8304
17380,8324,8304
17385,8323,8304
17390,8324,8304
17395,8324,8305
17401,8324,8304
17406,8323,8304
17411,8324,8304
17416,8324,8304
17421,8324,8305
17426,8324,8304
17431,8323,8305
17436,8324,8305
17441,8324,8304
17446,8324,8304
17451,8324,8305
17456,8324,8304
17461,8324,8304
17466,8323,8305
17471,8323,8304
17476,8324,8305
17481,8323,8304
17486,8323,8304
17492,8324,8305
17497,8324,8304
17502,8323,8305
17507,8324,8304
17512,8324,8303
17517,8324,8304
17522,8324,8305
17527,8323,8304
17532,8324,8305
17537,8324,8305
17542,8323,8304
17547,8324,8304
17552,8324,8303
17557,8323,8303
17562,8323,8304
17567,8324,8304
17573,8323,8304
17578,8324,8304
17583,8323,8305
17588,8324,8304
17593,8323,8304
17598,8323,8304
17603,8324,8303
17608,8324,8304
17613,8324,8303
17618,8323,8303
17623,8323,8304
17628,8324,8304
17633,8323,8304
17638,8323,8304
17643,8323,8305
17648,8323,8303
17653,8323,8304
17659,8323,8304
17664,8323,8304
17669,8323,8304
17674,8323,8303
17679,8324,8304
17684,8324,8304
17689,8324,8303
17694,8323,8304
17699,8323,8304
17704,8323,8304
17709,8323,8304
17714,8324,8304
17719,8323,8302
17724,8323,8303
17729,8323,8304
17734,8323,8303
17739,8322,8303
17744,8323,8304
17750,8323,8304
17755,8323,8304
17760,8323,8303
17765,8322,8303
17770,8323,8303
17775,8324,8303
17780,8323,8304
17785,8323,8304
17790,8323,8304
17795,8323,8304
17800,8323,8303
17805,8323,8304
17810,8322,8304
17815,8323,8304
17820,8322,8304
17825,8323,8303
17830,8324,8303
17835,8323,8303
17841,8323,8304
17846,8323,8304
17851,8323,8303
17856,8322,8303
17861,8322,8304
17866,8323,8304
17871,8323,8304
17876,8323,8303
17881,8323,8304
17886,8322,8304
17891,8323,8303
17896,8323,8304
17901,8323,8304
17906,8322,8304
17911,8323,8303
17916,8323,8303
17921,8323,8303
17926,8322,8303
17932,8322,8303
17937,8324,8304
17942,8323,8304
17947,8323,8304
17952,8323,8303
17957,8323,8304
17962,8323,8302
17967,8323,8303
17972,8323,8303
17977,8323,8303
17982,8323,8302
17987,8322,8303
17992,8322,8304
17997,8322,8304
18002,8323,8303
18007,8323,8303
18012,8322,8303
18018,8322,8303
18023,8322,8302
18028,8322,8303
18033,8322,8303
18038,8322,8303
18043,8323,8303
18048,8323,8305
18053,8322,8303
18058,8322,8304
18063,8322,8304
18068,8322,8303
18073,8322,8303
18078,8322,8303
18083,8322,8303
18088,8322,8303
18093,8322,8303
18098,8322,8303
18103,8322,8302
18109,8322,8303
18114,8323,8303
18119,8323,8302
18124,8322,8303
18129,8322,8303
18134,8322,8302
18139,8322,8303
18144,8322,8303
18149,8322,8302
18154,8323,8303
18159,8323,8303
18164,8321,8303
18169,8322,8303
18174,8322,8302
18179,8322,8302
18184,8322,8303
18189,8322,8303
18194,8323,8303
18200,8322,8302
18205,8322,8302
18210,8322,8304
18215,8323,8303
18220,8322,8302
18225,8323,8303
18230,8322,8303
18235,8322,8303
18240,8322,8302
18245,8322,8303
18250,8322,8302
18255,8321,8303
18260,8322,8302
18265,8322,8303
18270,8322,8303
18275,8322,8303
18280,8321,8303
18285,8322,8303
18291,8322,8303
18296,8322,8303
18301,8322,8302
18306,8322,8302
18311,8322,8302
18316,8321,8302
18321,8322,8304
18326,8321,8302
18331,8322,8302
18336,8322,8302
18341,8321,8302
18346,8322,8303
18351,8322,8302
18356,8321,8302
18361,8322,8302
18366,8322,8303
18371,8322,8303
18377,8322,8303
18382,8322,8303
18387,8322,8302
18392,8322,8303
18397,8322,8303
18402,8322,8302
18407,8322,8303
18412,8321,8302
18417,8322,8302
18422,8321,8302
18427,8322,8303
18432,8322,8301
18437,8321,8303
18442,8321,8301
18447,8321,8302
18452,8322,8303
18457,8321,8303
18462,8321,8302
18468,8322,8301
18473,8321,8302
18478,8322,8302
18483,8321,8303
18488,8322,8302
18493,8321,8301
18498,8322,8303
18503,8321,8302
18508,8321,8302
18513,8322,8302
18518,8322,8302
18523,8322,8303
18528,8322,8303
18533,8322,8302
18538,8321,8302
18543,8322,8302
18548,8321,8303
18553,8321,8301
18559,8322,8302
18564,8322,8302
18569,8322,8302
18574,8322,8303
18579,8322,8302
18584,8322,8302
18589,8322,8302
18594,8321,8302
18599,8321,8302
18604,8321,8302
18609,8321,8302
18614,8322,8301
18619,8321,8302
18624,8322,8302
18629,8321,8302
18634,8321,8302
18639,8321,8301
18644,8321,8302
18650,8321,8302
18655,8321,8302
18660,8321,8301
18665,8321,8301
18670,8322,8302
18675,8320,8302
18680,8322,8303
18685,8321,8302
18690,8320,8301
18695,8321,8302
18700,8320,8301
18705,8321,8301
18710,8322,8303
18715,8321,8302
18720,8321,8302
18725,8320,8301
18730,8322,8302
18736,8321,8302
18741,8321,8302
18746,8321,8301
18751,8321,8301
18756,8322,8300
18761,8321,8303
18766,8321,8302
18771,8321,8301
18776,8320,8301
18781,8321,8302
18786,8321,8301
18791,8321,8301
18796,8321,8302
18801,8321,8301
18806,8321,8301
18811,8321,8301
18816,8321,8302
18822,8321,8302
18827,8322,8301
18832,8321,8301
18837,8321,8302
18842,8321,8302
18847,8321,8302
18852,8321,8302
18857,8321,8302
18862,8321,8302
18867,8320,8302
18872,8321,8301
18877,8321,8301
18882,8320,8302
18887,8321,8301
18892,8321,8301
18897,8321,8301
18902,8321,8302
18907,8321,8301
18913,8320,8302
18918,8320,8301
18923,8321,8302
18928,8321,8301
18933,8320,8300
18938,8320,8301
18943,8321,8302
18948,8321,8302
18953,8321,8301
18958,8322,8301
18963,8320,8301
18968,8320,8301
18973,8320,8301
18978,8320,8302
18983,8319,8302
18988,8320,8301
18993,8320,8301
18998,8321,8301
19004,8320,8300
19009,8321,8301
19014,8321,8300
19019,8321,8301
19024,8319,8301
19029,8320,8301
19034,8320,8301
19039,8321,8301
19044,8320,8300
19049,8321,8301
19054,8321,8302
19059,8321,8302
19064,8320,8301
19069,8321,8301
19074,8320,8301
19079,8321,8301
19084,8321,8300
19090,8320,8301
19095,8321,8301
19100,8320,8301
19105,8321,8301
19110,8320,8301
19115,8320,8301
19120,8320,8301
19125,8320,8301
19130,8321,8301
19135,8320,8301
19140,8320,8301
19145,8319,8301
19150,8320,8302
19155,8321,8300
19160,8320,8301
19165,8320,8301
19170,8320,8301
19175,8319,8300
19181,8320,8301
19186,8320,8301
19191,8320,8301
19196,8320,8300
19201,8319,8301
19206,8320,8300
19211,8321,8300
19216,8320,8300
19221,8322,8301
19226,8321,8301
19231,8320,8300
19236,8320,8300
19241,8320,8301
19246,8321,8301
19251,8320,8300
19256,8320,8300
19261,8321,8301
19266,8320,8301
19272,8320,8300
19277,8320,8301
19282,8320,8301
19287,8320,8301
19292,8320,8301
19297,8319,8300
19302,8320,8300
19307,8320,8300
19312,8320,8300
19317,8320,8301
19322,8320,8301
19327,8320,8300
19332,8321,8300
19337,8320,8300
19342,8320,8300
19347,8321,8301
19352,8320,8300
19357,8320,8301
19363,8320,8300
19368,8319,8301
19373,8319,8301
19378,8320,8300
19383,8320,8301
19388,8320,8300
19393,8319,8301
19398,8320,8300
19403,8319,8300
19408,8320,8300
19413,8320,8300
19418,8320,8299
19423,8320,8300
19428,8320,8301
19433,8321,8300
19438,8320,8301
19443,8319,8300
19449,8320,8300
19454,8320,8301
19459,8319,8301
19464,8320,8300
19469,8320,8301
19474,8319,8300
19479,8320,8300
19484,8320,8300
19489,8320,8301
19494,8321,8300
19499,8319,8300
19504,8320,8300
19509,8321,8300
19514,8320,8301
19519,8320,8301
19524,8319,8300
19529,8320,8300
19534,8320,8300
19540,8320,8300
19545,8320,8300
19550,8320,8299
19555,8321,8300
19560,8319,8300
19565,8320,8300
19570,8320,8300
19575,8319,8300
19580,8320,8301
19585,8319,8301
19590,8319,8301
19595,8319,8300
19600,8319,8300
19605,8320,8300
19610,8319,8300
19615,8319,8300
19620,8320,8300
19625,8320,8300
19631,8320,8300
19636,8320,8301
19641,8319,8300
19646,8319,8300
19651,8320,8300
19656,8320,8300
19661,8319,8300
19666,8319,8299
19671,8320,8300
19676,8319,8300
19681,8319,8300
19686,8319,8299
19691,8319,8299
19696,8320,8300
19701,8319,8300
19706,8319,8300
19711,8319,8300
19717,8319,8300
19722,8320,8300
19727,8319,8300
19732,8320,8299
19737,8319,8301
19742,8319,8300
19747,8318,8300
19752,8319,8299
19757,8319,8299
19762,8320,8300
19767,8319,8300
19772,8320,8299
19777,8320,8300
19782,8320,8300
19787,8320,8301
19792,8320,8300
19797,8319,8299
19802,8319,8299
19808,8319,8300
19813,8319,8300
19818,8319,8299
19823,8319,8298
19828,8319,8300
19833,8320,8301
19838,8320,8300
19843,8319,8299
19848,8320,8300
19853,8320,8300
19858,8319,8300
19863,8320,8299
19868,8319,8300
19873,8319,8300
19878,8320,8299
19883,8320,8300
19888,8319,8299
19893,8320,8299
19899,8319,8299
19904,8319,8300
19909,8319,8300
19914,8319,8300
19919,8320,8300
19924,8319,8299
19929,8319,8300
19934,8319,8299
19939,8319,8300
19944,8319,8299
19949,8319,8300
19954,8320,8299
19959,8320,8299
19964,8320,8299
19969,8319,8300
19974,8319,8300
19979,8319,8299
19985,8319,8299
19990,8320,8298
19995,8319,8299
20000,8319,8299
20005,8319,8299
20010,8319,8298
20015,8319,8300
20020,8319,8300
20025,8319,8299
20030,8319,8300
20035,8319,8300
20040,8319,8299
20045,8319,8299
20050,8319,8299
20055,8319,8299
20060,8319,8299
20065,8319,8299
20071,8319,8299
20076,8318,8299
20081,8319,8301
20086,8319,8299
20091,8319,8298
20096,8319,8299
20101,8320,8300
20106,8319,8298
20111,8319,8299
20116,8319,8299
20121,8320,8299
20126,8319,8299
20131,8319,8298
20136,8319,8299
20141,8319,8299
20146,8319,8298
20151,8319,8299
20156,8319,8299
20162,8319,8300
20167,8319,8299
20172,8319,8300
20177,8319,8299
20182,8319,8299
20187,8319,8299
20192,8318,8299
20197,8319,8299
20202,8319,8299
20207,8319,8299
20212,8319,8300
20217,8319,8298
20222,8319,8299
20227,8319,8299
20232,8318,8299
20237,8319,8300
20242,8319,8299
20247,8319,8300
20253,8319,8299
20258,8319,8300
20263,8319,8299
20268,8319,8298
20273,8319,8299
20278,8319,8299
20283,8318,8298
20288,8319,8298
20293,8319,8300
20298,8318,8299
20303,8319,8299
20308,8319,8299
20313,8319,8300
20318,8319,8298
20323,8320,8298
20328,8319,8299
20333,8318,8299
20339,8319,8298
20344,8319,8299
20349,8319,8299
20354,8319,8299
20359,8319,8298
20364,8319,8299
20369,8318,8299
20374,8318,8299
20379,8319,8299
20384,8318,8298
20389,8318,8299
20394,8319,8298
20399,8319,8299
20404,8318,8299
20409,8319,8298
20414,8319,8299
20419,8319,8298
20424,8319,8299
20430,8319,8299
20435,8318,8299
20440,8319,8299
20445,8319,8299
20450,8319,8299
20455,8318,8299
20460,8318,8299
20465,8318,8299
20470,8318,8299
20475,8318,8298
20480,8318,8297
20485,8319,8298
20490,8318,8299
20495,8318,8299
20500,8319,8299
20505,8318,8298
20510,8319,8298
20515,8318,8298
20521,8319,8298
20526,8319,8298
20531,8318,8298
20536,8318,8298
20541,8319,8298
20546,8319,8298
20551,8318,8299
20556,8318,8298
20561,8318,8298
20566,8318,8299
20571,8318,8298
20576,8319,8298
20581,8319,8297
20586,8318,8298
20591,8319,8299
20596,8318,8297
20601,8319,8299
20606,8318,8298
20612,8318,8299
20617,8318,8298
20622,8318,8298
20627,8318,8299
20632,8317,8298
20637,8318,8298
20642,8318,8298
20647,8318,8298
20652,8319,8298
20657,8319,8298
20662,8318,8299
20667,8318,8299
20672,8318,8298
20677,8319,8298
20682,8318,8299
20687,8319,8298
20692,8318,8299
20698,8318,8299
20703,8317,8299
20708,8319,8298
20713,8318,8298
20718,8318,8298
20723,8318,8298
20728,8318,8298
20733,8319,8298
20738,8318,8297
20743,8319,8299
20748,8318,8298
20753,8317,8298
20758,8318,8297
20763,8318,8297
20768,8318,8298
20773,8318,8298
20779,8318,8298
20784,8318,8298
20789,8318,8298
20794,8318,8298
20799,8318,8297
20804,8318,8298
20809,8318,8298
20814,8319,8297
20819,8318,8298
20824,8318,8298
20829,8318,8298
20834,8318,8298
20839,8319,8298
20844,8319,8298
20849,8318,8297
20854,8318,8298
20859,8317,8298
20864,8318,8298
20870,8318,8298
20875,8317,8298
20880,8318,8298
20885,8318,8298
20890,8318,8298
20895,8318,8297
20900,8318,8298
20905,8318,8297
20910,8319,8298
20915,8318,8298
20920,8319,8298
20925,8318,8298
20930,8319,8297
20935,8318,8298
20940,8318,8298
20945,8318,8298
20950,8318,8299
20956,8318,8298
20961,8318,8299
20966,8318,8297
20971,8318,8298
20976,8317,8297
20981,8318,8298
20986,8319,8298
20991,8318,8297
20996,8318,8297
21001,8318,8296
21006,8317,8297
21011,8318,8297
21016,8317,8299
21021,8318,8298
21026,8318,8298
21031,8318,8299
21036,8318,8297
21041,8317,8298
21047,8318,8297
21052,8317,8297
21057,8318,8297
21062,8318,8297
21067,8318,8297
21072,8319,8298
21077,8318,8298
21082,8318,8297
21087,8318,8296
21092,8318,8297
21097,8317,8297
21102,8318,8298
21107,8318,8298
21112,8318,8297
21117,8317,8297
21122,8317,8298
21127,8318,8297
21133,8317,8297
21138,8318,8298
21143,8318,8297
21148,8318,8298
21153,8318,8297
21158,8318,8298
21163,8317,8297
21168,8318,8297
21173,8318,8298
21178,8318,8297
21183,8318,8298
21188,8318,8298
21193,8318,8298
21198,8317,8297
21203,8317,8298
21208,8318,8297
21213,8318,8297
21219,8317,8296
21224,8318,8297
21229,8318,8298
21234,8318,8297
21239,8317,8299
21244,8318,8297
21249,8317,8297
21254,8317,8298
21259,8318,8298
21264,8318,8297
21269,8318,8298
21274,8317,8297
21279,8317,8297
21284,8318,8298
21289,8318,8297
21294,8318,8297
21299,8317,8298
21304,8318,8297
21310,8317,8297
21315,8318,8297
21320,8317,8298
21325,8318,8297
21330,8317,8298
21335,8317,8297
21340,8318,8298
21345,8317,8298
21350,8317,8297
21355,8317,8297
21360,8317,8298
21365,8317,8297
21370,8318,8297
21375,8318,8297
21380,8318,8297
21385,8318,8297
21390,8316,8297
21396,8317,8297
21401,8317,8298
21406,8318,8297
21411,8317,8297
21416,8318,8298
21421,8318,8297
21426,8318,8297
21431,8319,8298
21436,8317,8297
21441,8317,8297
21446,8316,8297
21451,8317,8298
21456,8318,8297
21461,8318,8297
21466,8318,8297
21471,8317,8297
21476,8318,8296
21481,8317,8297
21487,8317,8297
21492,8317,8298
21497,8317,8296
21502,8317,8297
21507,8317,8297
21512,8316,8297
21517,8317,8297
21522,8318,8297
21527,8316,8296
21532,8318,8297
21537,8317,8297
21542,8317,8297
21547,8318,8298
21552,8317,8297
21557,8318,8297
21562,8317,8297
21567,8317,8297
21573,8317,8297
21578,8318,8297
21583,8317,8297
21588,8316,8296
21593,8317,8297
21598,8317,8296
21603,8317,8296
21608,8318,8297
21613,8318,8297
21618,8317,8297
21623,8317,8298
21628,8317,8298
21633,8317,8297
21638,8317,8297
21643,8317,8297
21648,8317,8298
21653,8317,8297
21659,8318,8297
21664,8317,8296
21669,8317,8296
21674,8317,8295
21679,8317,8297
21684,8316,8297
21689,8317,8297
21694,8317,8297
21699,8317,8297
21704,8317,8297
21709,8317,8297
21714,8317,8297
21719,8317,8297
21724,8317,8297
21729,8317,8297
21734,8318,8297
21739,8317,8296
21744,8317,8296
21750,8317,8296
21755,8317,8296
21760,8317,8297
21765,8317,8296
21770,8317,8297
21775,8316,8296
21780,8316,8297
21785,8317,8297
21790,8317,8297
21795,8317,8296
21800,8318,8297
21805,8316,8296
21810,8316,8297
21815,8317,8296
21820,8318,8296
21825,8317,8297
21830,8317,8296
21836,8317,8296
21841,8317,8297
21846,8318,8297
21851,8318,8297
21856,8317,8296
21861,8317,8296
21866,8317,8297
21871,8317,8296
21876,8317,8296
21881,8317,8296
21886,8317,8297
21891,8317,8297
21896,8317,8297
21901,8316,8297
21906,8316,8296
21911,8317,8296
21917,8317,8296
21922,8317,8297
21927,8317,8297
21932,8317,8297
21937,8317,8296
21942,8317,8296
21947,8316,8297
21952,8317,8296
21957,8316,8297
21962,8317,8297
21967,8317,8297
21972,8318,8297
21977,8317,8297
21982,8317,8296
21987,8317,8297
21992,8316,8296
21997,8317,8296
22002,8317,8296
22008,8317,8296
22013,8316,8296
22018,8316,8296
22023,8316,8296
22028,8316,8296
22033,8317,8296
22038,8317,8296
22043,8316,8296
22048,8317,8297
22053,8317,8295
22058,8317,8296
22063,8317,8295
22068,8316,8297
22073,8317,8295
22078,8317,8296
22083,8317,8297
22088,8317,8295
22094,8317,8295
22099,8318,8297
22104,8317,8296
22109,8316,8296
22114,8316,8296
22119,8317,8296
22124,8317,8296
22129,8316,8295
22134,8317,8295
22139,8316,8296
22144,8317,8296
22149,8317,8296
22154,8315,8296
22159,8316,8295
22164,8317,8296
22169,8317,8297
22174,8316,8296
22179,8317,8295
22185,8316,8296
22190,8317,8296
22195,8316,8296
22200,8316,8295
22205,8316,8296
22210,8317,8298
22215,8317,8296
22220,8316,8296
22225,8317,8296
22230,8316,8297
22235,8316,8296
22240,8317,8296
22245,8316,8296
22250,8317,8296
22255,8316,8297
22260,8317,8295
22265,8316,8295
22271,8316,8296
22276,8316,8296
22281,8317,8297
22286,8317,8297
22291,8317,8296
22296,8316,8296
22301,8316,8296
22306,8316,8296
22311,8316,8296
22316,8317,8297
22321,8317,8296
22326,8317,8296
22331,8317,8296
22336,8316,8296
22341,8316,8296
22346,8316,8296
22351,8316,8296
22357,8317,8297
22362,8317,8296
22367,8316,8296
22372,8316,8296
22377,8316,8295
22382,8317,8296
22387,8317,8295
22392,8316,8295
22397,8316,8295
22402,8317,8296
22407,8317,8295
22412,8316,8296
22417,8318,8296
22422,8317,8296
22427,8316,8295
22432,8317,8295
22437,8316,8296
22442,8317,8296
22448,8317,8295
22453,8317,8296
22458,8317,8296
22463,8316,8295
22468,8316,8296
22473,8317,8296
22478,8317,8296
22483,8317,8295
22488,8316,8295
22493,8318,8295
22498,8316,8295
22503,8316,8296
22508,8316,8295
22513,8316,8296
22518,8316,8295
22523,8316,8296
22528,8316,8296
22534,8316,8296
22539,8317,8296
22544,8316,8295
22549,8317,8296
22554,8316,8296
22559,8317,8295
22564,8316,8296
22569,8316,8296
22574,8316,8295
22579,8316,8296
22584,8317,8295
22589,8316,8296
22594,8317,8295
22599,8316,8296
22604,8316,8295
22609,8316,8296
22614,8316,8295
22620,8316,8296
22625,8316,8295
22630,8317,8295
22635,8316,8295
22640,8316,8297
22645,8317,8295
22650,8317,8296
22655,8316,8295
22660,8315,8296
22665,8315,8295
22670,8317,8295
22675,8317,8295
22680,8316,8295
22685,8316,8296
22690,8316,8295
22695,8315,8296
22700,8316,8296
22705,8317,8295
22711,8316,8296
22716,8316,8295
22721,8317,8296
22726,8316,8296
22731,8316,8296
22736,8316,8295
22741,8317,8295
22746,8316,8296
22751,8315,8295
22756,8316,8295
22761,8316,8295
22766,8316,8295
22771,8316,8295
22776,8316,8295
22781,8316,8295
22786,8316,8294
22791,8317,8295
22797,8317,8295
22802,8316,8296
22807,8316,8296
22812,8316,8295
22817,8317,8295
22822,8317,8295
22827,8316,8294
22832,8317,8294
22837,8317,8295
22842,8316,8296
22847,8316,8296
22852,8316,8296
22857,8315,8295
22862,8316,8295
22867,8316,8296
22872,8316,8296
22877,8315,8294
22883,8316,8295
22888,8316,8296
22893,8315,8296
22898,8315,8295
22903,8316,8295
22908,8315,8294
22913,8316,8296
22918,8316,8295
22923,8316,8294
22928,8317,8295
22933,8316,8295
22938,8316,8295
22943,8316,8295
22948,8315,8295
22953,8316,8295
22958,8316,8295
22963,8316,8296
22968,8315,8295
22974,8316,8295
22979,8316,8295
22984,8316,8295
22989,8316,8295
22994,8315,8295
22999,8316,8296
23004,8316,8295
23009,8316,8294
23014,8316,8295
23019,8316,8294
23024,8316,8295
23029,8316,8294
23034,8316,8295
23039,8317,8295
23044,8316,8294
23049,8316,8295
23054,8316,8295
23060,8316,8295
23065,8316,8294
23070,8317,8295
23075,8316,8295
23080,8317,8296
23085,8316,8294
23090,8316,8294
23095,8316,8294
23100,8316,8294
23105,8315,8295
23110,8316,8296
23115,8316,8295
23120,8317,8295
23125,8316,8295
23130,8315,8295
23135,8315,8296
23141,8317,8295
23146,8316,8295
23151,8316,8295
23156,8315,8294
23161,8315,8294
23166,8316,8295
23171,8316,8295
23176,8315,8295
23181,8316,8295
23186,8316,8295
23191,8316,8296
23196,8316,8295
23201,8316,8295
23206,8317,8294
23211,8317,8295
23216,8317,8295
23221,8315,8295
23226,8315,8295
23232,8316,8295
23237,8315,8295
23242,8316,8295
23247,8315,8295
23252,8315,8294
23257,8316,8295
23262,8316,8295
23267,8316,8294
23272,8316,8295
23277,8316,8294
23282,8316,8294
23287,8316,8294
23292,8315,8295
23297,8316,8295
23302,8315,8294
23307,8316,8295
23312,8316,8294
23318,8315,8296
23323,8317,8295
23328,8316,8295
23333,8315,8295
23338,8316,8295
23343,8316,8294
23348,8316,8294
23353,8316,8295
23358,8315,8295
23363,8315,8294
23368,8315,8293
23373,8316,8294
23378,8316,8295
23383,8315,8295
23388,8316,8294
23393,8315,8295
23398,8315,8294
23404,8316,8295
23409,8316,8294
23414,8316,8295
23419,8315,8295
23424,8316,8295
23429,8315,8294
23434,8315,8294
23439,8316,8295
23444,8315,8294
23449,8315,8295
23454,8316,8295
23459,8316,8295
23464,8315,8294
23469,8315,8293
23474,8316,8296
23479,8315,8295
23484,8316,8294
23489,8315,8294
23495,8316,8294
23500,8315,8294
23505,8315,8295
23510,8316,8294
23515,8315,8295
23520,8316,8294
23525,8316,8293
23530,8315,8295
23535,8315,8295
23540,8316,8295
23545,8314,8295
23550,8315,8295
23555,8315,8295
23560,8316,8294
23565,8315,8294
23570,8315,8295
23575,8316,8294
23581,8316,8293
23586,8315,8294
23591,8316,8294
23596,8316,8294
23601,8315,8294
23606,8315,8294
23611,8316,8294
23616,8316,8294
23621,8316,8295
23626,8315,8295
23631,8315,8294
23636,8315,8294
23641,8315,8294
23646,8315,8295
23651,8315,8294
23656,8316,8294
23661,8315,8294
23667,8315,8294
23672,8315,8294
23677,8316,8294
23682,8315,8294
23687,8316,8295
23692,8316,8294
23697,8315,8294
23702,8315,8295
23707,8315,8295
23712,8315,8294
23717,8316,8294
23722,8315,8294
23727,8315,8294
23732,8315,8294
23737,8315,8294
23742,8315,8294
23747,8315,8294
23752,8316,8295
23758,8315,8294
23763,8315,8295
23768,8316,8294
23773,8315,8294
23778,8315,8294
23783,8315,8294
23788,8315,8293
23793,8315,8294
23798,8315,8294
23803,8315,8294
23808,8315,8294
23813,8315,8294
23818,8316,8294
23823,8315,8295
23828,8315,8294
23833,8315,8294
23838,8315,8293
23844,8315,8294
23849,8315,8294
23854,8315,8294
23859,8316,8294
23864,8315,8294
23869,8315,8294
23874,8316,8295
23879,8316,8295
23884,8316,8293
23889,8315,8294
23894,8316,8294
23899,8315,8294
23904,8315,8294
23909,8314,8295
23914,8315,8294
23919,8316,8295
23924,8315,8294
23930,8315,8294
23935,8315,8293
23940,8315,8295
23945,8316,8294
23950,8315,8294
23955,8316,8294
23960,8316,8294
23965,8315,8294
23970,8315,8294
23975,8315,8294
23980,8315,8294
23985,8315,8293
23990,8315,8295
23995,8315,8294
24000,8315,8294
24005,8315,8294
24010,8315,8293
24015,8315,8293
24021,8314,8294
24026,8315,8293
24031,8315,8294
24036,8315,8294
24041,8315,8294
24046,8315,8293
24051,8315,8294
24056,8315,8295
24061,8316,8294
24066,8315,8294
24071,8315,8294
24076,8315,8294
24081,8315,8294
24086,8316,8295
24091,8315,8293
24096,8314,8293
24101,8315,8294
24107,8315,8294
24112,8316,8294
24117,8315,8293
24122,8316,8294
24127,8315,8293
24132,8315,8293
24137,8316,8294
24142,8316,8293
24147,8315,8294
24152,8315,8293
24157,8316,8293
24162,8315,8293
24167,8315,8293
24172,8315,8293
24177,8315,8293
24182,8315,8294
24187,8315,8294
24193,8316,8293
24198,8314,8294
24203,8315,8293
24208,8316,8294
24213,8314,8294
24218,8315,8294
24223,8315,8293
24228,8315,8294
24233,8314,8293
24238,8315,8293
24243,8314,8294
24248,8315,8294
24253,8314,8294
24258,8315,8293
24263,8315,8295
24268,8315,8294
24273,8315,8293
24278,8315,8292
24284,8314,8294
24289,8314,8294
24294,8314,8294
24299,8315,8293
24304,8314,8293
24309,8315,8293
24314,8315,8293
24319,8315,8293
24324,8315,8293
24329,8315,8294
24334,8315,8294
24339,8315,8293
24344,8315,8293
24349,8316,8293
24354,8315,8294
24359,8315,8294
24365,8315,8294
24370,8314,8294
24375,8314,8293
24380,8315,8294
24385,8315,8293
24390,8315,8293
24395,8314,8293
24400,8316,8293
24405,8315,8293
24410,8316,8293
24415,8314,8294
24420,8315,8294
24425,8316,8294
24430,8315,8293
24435,8315,8294
24440,8314,8293
24445,8315,8293
24450,8315,8293
24456,8314,8293
24461,8315,8294
24466,8315,8294
24471,8314,8293
24476,8315,8294
24481,8315,8293
24486,8315,8293
24491,8315,8294
24496,8315,8293
24501,8314,8294
24506,8315,8293
24511,8315,8293
24516,8313,8294
24521,8315,8293
24526,8314,8294
24531,8315,8294
24536,8315,8294
24542,8315,8293
24547,8314,8293
24552,8315,8293
24557,8316,8293
24562,8315,8294
24567,8315,8293
24572,8314,8293
24577,8315,8294
24582,8315,8293
24587,8315,8294
24592,8314,8293
24597,8314,8294
24602,8314,8293
24607,8315,8294
24612,8315,8294
24617,8315,8294
24622,8315,8294
24628,8314,8293
24633,8314,8293
24638,8315,8294
24643,8315,8292
24648,8314,8294
24653,8315,8294
24658,8315,8293
24663,8314,8294
24668,8314,8293
24673,8315,8294
24678,8315,8294
24683,8315,8293
24688,8315,8293
24693,8315,8293
24698,8314,8292
24703,8315,8293
24708,8315,8293
24714,8315,8293
24719,8314,8292
24724,8315,8293
24729,8314,8292
24734,8314,8294
24739,8315,8292
24744,8315,8293
24749,8315,8294
24754,8314,8293
24759,8315,8294
24764,8315,8293
24769,8315,8293
24774,8315,8293
24779,8313,8294
24784,8314,8293
24789,8314,8294
24794,8314,8293
24800,8314,8294
24805,8314,8293
24810,8315,8293
24815,8314,8292
24820,8314,8293
24825,8314,8293
24830,8314,8293
24835,8315,8294
24840,8315,8293
24845,8314,8293
24850,8314,8293
24855,8315,8293
24860,8314,8293
24865,8314,8294
24870,8314,8293
24875,8314,8292
24881,8315,8292
24886,8314,8293
24891,8314,8293
24896,8314,8293
24901,8315,8292
24906,8314,8292
24911,8315,8293
24916,8314,8293
24921,8314,8294
24926,8314,8293
24931,8314,8294
24936,8314,8292
24941,8314,8293
24946,8315,8292
24951,8314,8292
24956,8315,8293
24961,8316,8293
24967,8314,8293
24972,8315,8293
24977,8314,8293
24982,8314,8292
24987,8314,8292
24992,8315,8292
24997,8315,8293
25002,8314,8293
25007,8315,8293
25012,8315,8293
25017,8315,8293
25022,8314,8292
25027,8315,8293
25032,8315,8293
25037,8314,8293
25042,8314,8292
25047,8315,8292
25052,8315,8293
25058,8315,8293
25063,8315,8293
25068,8314,8292
25073,8314,8293
25078,8315,8293
25083,8315,8293
25088,8315,8293
25093,8314,8292
25098,8314,8293
25103,8314,8293
25108,8315,8293
25113,8313,8293
25118,8314,8293
25123,8314,8293
25128,8314,8292
25133,8315,8293
25138,8314,8293
25144,8314,8293
25149,8314,8293
25154,8314,8293
25159,8315,8293
25164,8315,8292
25169,8314,8293
25174,8314,8292
25179,8314,8292
25184,8314,8293
25189,8314,8292
25194,8314,8293
25199,8314,8293
25204,8315,8292
25209,8314,8293
25214,8315,8293
25219,8314,8292
25224,8314,8292
25230,8314,8293
25235,8313,8293
25240,8315,8293
25245,8314,8292
25250,8314,8292
25255,8314,8293
25260,8314,8292
25265,8315,8292
