Time (s),PT0a (ohms-Hex),PT0b (ohms-Hex)
0.0,8323,8280
4.999999912,8322,8280
10.00000045,8322,8280
15.00000036,8323,8281
20.00000027,8323,8281
25.00000019,8323,8281
31.00000033,8323,8281
36.00000024,8323,8280
41.00000015,8324,8281
46.00000007,8324,8281
50.99999998,8324,8282
55.99999989,8323,8287
61.00000043,8324,8293
66.00000034,8324,8298
71.00000025,8324,8303
76.00000016,8324,8311
81.00000008,8324,8318
85.99999999,8325,8324
90.9999999,8325,8329
96.00000044,8325,8334
101.0000004,8325,8340
106.0000003,8325,8345
111.0000002,8324,8354
116.0000001,8325,8357
122.0000002,8324,8366
127.0000001,8324,8373
132.0000001,8324,8374
137.0,8325,8383
141.9999999,8324,8389
147.0000004,8324,8391
152.0000003,8324,8396
157.0000002,8324,8397
162.0000002,8324,8399
167.0000001,8324,8399
172.0,8324,8402
176.9999999,8324,8407
182.0000004,8324,8409
187.0000003,8323,8413
192.0000002,8323,8413
197.0000002,8323,8417
202.0000001,8323,8419
207.0,8324,8420
211.9999999,8323,8423
218.0,8323,8424
223.0,8324,8426
227.9999999,8323,8427
233.0000004,8322,8427
238.0000003,8322,8428
243.0000002,8323,8431
248.0000001,8323,8432
253.0,8323,8433
258.0,8324,8432
262.9999999,8322,8431
268.0000004,8323,8434
273.0000003,8323,8435
278.0000002,8323,8436
283.0000001,8323,8438
288.0000001,8324,8437
293.0,8323,8438
297.9999999,8324,8438
304.0,8324,8439
308.9999999,8323,8438
313.9999999,8323,8439
319.0000004,8323,8439
324.0000003,8322,8440
329.0000002,8323,8442
334.0000001,8323,8441
339.0,8322,8442
343.9999999,8322,8442
348.9999999,8324,8441
354.0000004,8323,8443
359.0000003,8323,8444
364.0000002,8323,8442
369.0000001,8323,8442
374.0,8323,8444
379.0,8322,8444
383.9999999,8323,8445
389.0000004,8323,8444
394.9999999,8322,8444
400.0000005,8323,8443
405.0000004,8323,8444
410.0000003,8322,8445
415.0000002,8322,8445
420.0000001,8322,8445
425.0,8322,8446
429.9999999,8322,8446
435.0000005,8323,8446
440.0000004,8322,8447
445.0000003,8323,8445
450.0000002,8323,8445
455.0000001,8322,8446
460.0,8323,8447
464.9999999,8324,8446
469.9999999,8322,8447
475.0000004,8322,8446
480.0000003,8323,8447
485.0000002,8322,8446
491.0000004,8323,8447
496.0000003,8322,8446
501.0000002,8323,8447
506.0000001,8323,8448
511.0,8323,8447
515.9999999,8323,8446
521.0000005,8322,8446
526.0000004,8321,8447
531.0000003,8322,8446
536.0000002,8322,8447
541.0000001,8323,8448
546.0,8322,8447
550.9999999,8321,8447
556.0000005,8322,8446
561.0000004,8322,8448
566.0000003,8322,8447
571.0000002,8322,8447
576.0000001,8322,8447
582.0000003,8323,8447
587.0000002,8323,8448
592.0000001,8323,8448
597.0,8322,8447
601.9999999,8323,8448
607.0000004,8322,8447
612.0000004,8323,8447
617.0000003,8323,8447
622.0000002,8323,8447
627.0000001,8323,8447
632.0,8323,8447
636.9999999,8321,8447
642.0000005,8322,8447
647.0000004,8323,8448
652.0000003,8323,8449
657.0000002,8323,8448
662.0000001,8323,8446
667.0,8323,8448
673.0000002,8322,8448
678.0000001,8322,8448
683.0,8322,8449
687.9999999,8323,8450
693.0000004,8322,8448
698.0000003,8323,8447
703.0000003,8322,8448
708.0000002,8322,8448
713.0000001,8323,8448
718.0,8322,8446
722.9999999,8323,8448
728.0000004,8323,8448
733.0000004,8323,8448
738.0000003,8322,8448
743.0000002,8323,8447
748.0000001,8322,8448
753.0,8323,8448
757.9999999,8322,8449
764.0000001,8323,8449
769.0,8323,8448
773.9999999,8323,8448
779.0000004,8322,8447
784.0000003,8323,8448
789.0000002,8323,8449
794.0000002,8323,8447
799.0000001,8323,8448
804.0,8322,8448
808.9999999,8322,8449
814.0000004,8323,8449
819.0000003,8323,8447
824.0000003,8323,8448
829.0000002,8323,8449
834.0000001,8323,8448
839.0,8324,8447
843.9999999,8324,8448
849.0000004,8323,8448
855.0,8323,8449
859.9999999,8323,8448
865.0000004,8324,8448
870.0000003,8323,8451
875.0000002,8323,8449
880.0000001,8324,8449
885.0000001,8324,8448
890.0,8323,8449
894.9999999,8324,8449
900.0000004,8323,8450
905.0000003,8323,8448
910.0000002,8324,8448
915.0000002,8324,8448
920.0000001,8324,8449
925.0,8323,8448
929.9999999,8324,8449
935.0000004,8324,8449
940.0000003,8323,8449
945.9999999,8324,8449
951.0000004,8323,8450
956.0000003,8323,8449
961.0000002,8323,8450
966.0000001,8324,8450
971.0,8324,8449
976.0,8324,8449
980.9999999,8323,8449
986.0000004,8324,8449
991.0000003,8324,8449
996.0000002,8324,8449
1001.0,8324,8450
1006.0,8324,8449
1011.0,8325,8449
1016.0,8324,8448
1021.0,8324,8449
1026.0,8324,8449
1031.0,8324,8449
1037.0,8324,8449
1042.0,8323,8450
1047.0,8325,8449
1052.0,8324,8450
1057.0,8324,8450
1062.0,8325,8450
1067.0,8324,8449
1072.0,8323,8449
1077.0,8324,8448
1082.0,8324,8449
1087.0,8324,8449
1092.0,8324,8449
1097.0,8325,8449
1102.0,8325,8449
1107.0,8324,8450
1112.0,8324,8450
1117.0,8323,8449
1122.0,8325,8448
1127.0,8324,8448
1133.0,8324,8449
1138.0,8324,8450
1143.0,8324,8449
1148.0,8325,8448
1153.0,8325,8449
1158.0,8325,8449
1163.0,8325,8449
1168.0,8325,8451
1173.0,8325,8448
1178.0,8325,8449
1183.0,8324,8450
1188.0,8325,8450
1193.0,8324,8449
1198.0,8325,8448
1203.0,8325,8449
1208.0,8325,8449
1213.0,8325,8449
1219.0,8325,8449
1224.0,8325,8451
1229.0,8324,8449
1234.0,8325,8451
1239.0,8325,8449
1244.0,8324,8450
1249.0,8325,8450
1254.0,8324,8450
1259.0,8325,8450
1264.0,8326,8449
1269.0,8325,8449
1274.0,8325,8450
1279.0,8325,8450
1284.0,8326,8450
1289.0,8325,8449
1294.0,8326,8447
1299.0,8325,8451
1304.0,8325,8449
1310.0,8325,8448
1315.0,8325,8448
1320.0,8326,8449
1325.0,8326,8450
1330.0,8326,8449
1335.0,8326,8450
1340.0,8325,8449
1345.0,8325,8450
1350.0,8325,8451
1355.0,8326,8450
1360.0,8325,8450
1365.0,8326,8449
1370.0,8326,8449
1375.0,8325,8450
1380.0,8325,8449
1385.0,8325,8448
1390.0,8325,8449
1395.0,8325,8449
1401.0,8326,8449
1406.0,8326,8448
1411.0,8326,8449
1416.0,8325,8449
1421.0,8325,8450
1426.0,8325,8447
1431.0,8325,8450
1436.0,8326,8450
1441.0,8325,8449
1446.0,8326,8449
1451.0,8327,8449
1456.0,8325,8450
1461.0,8326,8449
1466.0,8327,8451
1471.0,8326,8449
1476.0,8326,8449
1481.0,8326,8448
1486.0,8326,8449
1492.0,8325,8449
1497.0,8326,8449
1502.0,8326,8449
1507.0,8326,8448
1512.0,8325,8449
1517.0,8325,8449
1522.0,8326,8450
1527.0,8326,8450
1532.0,8326,8450
1537.0,8326,8449
1542.0,8325,8449
1547.0,8326,8449
1552.0,8325,8448
1557.0,8325,8449
1562.0,8325,8450
1567.0,8326,8449
1572.0,8326,8449
1577.0,8326,8448
1583.0,8326,8447
1588.0,8325,8449
1593.0,8326,8449
1598.0,8326,8449
1603.0,8326,8450
1608.0,8326,8450
1613.0,8326,8450
1618.0,8327,8450
1623.0,8328,8448
1628.0,8327,8449
1633.0,8327,8447
1638.0,8327,8451
1643.0,8327,8449
1648.0,8327,8450
1653.0,8326,8449
1658.0,8327,8449
1663.0,8327,8449
1668.0,8326,8449
1673.0,8327,8447
1679.0,8328,8446
1684.0,8328,8448
1689.0,8328,8448
1694.0,8328,8447
1699.0,8327,8447
1704.0,8327,8448
1709.0,8326,8447
1714.0,8327,8446
1719.0,8328,8448
1724.0,8327,8448
1729.0,8327,8448
1734.0,8327,8447
1739.0,8327,8447
1744.0,8327,8448
1749.0,8327,8446
1754.0,8327,8447
1759.0,8327,8447
1764.0,8327,8448
1770.0,8327,8446
1775.0,8327,8448
1780.0,8327,8447
1785.0,8327,8447
1790.0,8327,8447
1795.0,8327,8446
1800.0,8326,8448
1805.0,8327,8447
1810.0,8328,8448
1815.0,8327,8447
1820.0,8327,8447
1825.0,8326,8446
1830.0,8327,8448
1835.0,8327,8447
1840.0,8328,8447
1845.0,8328,8446
1850.0,8327,8447
1855.0,8327,8447
1861.0,8328,8447
1866.0,8326,8447
1871.0,8327,8446
1876.0,8328,8446
1881.0,8326,8448
1886.0,8328,8447
1891.0,8327,8446
1896.0,8327,8446
1901.0,8327,8446
1906.0,8327,8446
1911.0,8327,8446
1916.0,8327,8446
1921.0,8327,8445
1926.0,8328,8446
1931.0,8327,8447
1936.0,8328,8444
1941.0,8327,8445
1946.0,8327,8447
1952.0,8327,8445
1957.0,8328,8446
1962.0,8327,8445
1967.0,8327,8445
1972.0,8327,8445
1977.0,8327,8445
1982.0,8327,8445
1987.0,8327,8444
1992.0,8327,8444
1997.0,8326,8445
2002.0,8328,8443
2007.0,8327,8446
2012.0,8326,8445
2017.0,8327,8444
2022.0,8326,8445
2027.0,8327,8443
2032.0,8328,8444
2037.0,8327,8445
2043.0,8327,8443
2048.0,8327,8444
2053.0,8327,8443
2058.0,8328,8444
2063.0,8327,8443
2068.0,8327,8443
2073.0,8327,8445
2078.0,8327,8445
2083.0,8327,8445
2088.0,8328,8445
2093.0,8328,8444
2098.0,8326,8444
2103.0,8327,8443
2108.0,8328,8443
2113.0,8327,8442
2118.0,8328,8444
2123.0,8326,8443
2128.0,8327,8445
2134.0,8328,8443
2139.0,8327,8444
2144.0,8328,8443
2149.0,8327,8445
2154.0,8327,8443
2159.0,8328,8445
2164.0,8329,8443
2169.0,8327,8445
2174.0,8327,8442
2179.0,8328,8443
2184.0,8328,8443
2189.0,8327,8443
2194.0,8328,8442
2199.0,8328,8443
2204.0,8328,8443
2209.0,8328,8443
2214.0,8329,8443
2219.0,8328,8443
2225.0,8328,8442
2230.0,8328,8442
2235.0,8326,8443
2240.0,8329,8443
2245.0,8327,8444
2250.0,8328,8441
2255.0,8328,8442
2260.0,8328,8441
2265.0,8328,8443
2270.0,8328,8443
2275.0,8328,8443
2280.0,8328,8442
2285.0,8328,8442
2290.0,8328,8443
2295.0,8329,8442
2300.0,8328,8442
2305.0,8328,8443
2310.0,8328,8441
2316.0,8327,8442
2321.0,8328,8442
2326.0,8327,8442
2331.0,8328,8443
2336.0,8328,8441
2341.0,8327,8443
2346.0,8328,8442
2351.0,8328,8442
2356.0,8327,8442
2361.0,8327,8441
2366.0,8328,8442
2371.0,8328,8442
2376.0,8327,8439
2381.0,8329,8441
2386.0,8329,8440
2391.0,8328,8440
2396.0,8327,8441
2402.0,8328,8441
2407.0,8328,8442
2412.0,8328,8441
2417.0,8328,8439
2422.0,8329,8441
2427.0,8328,8441
2432.0,8329,8442
2437.0,8327,8439
2442.0,8328,8440
2447.0,8328,8442
2452.0,8328,8440
2457.0,8328,8441
2462.0,8327,8440
2467.0,8328,8442
2472.0,8329,8438
2477.0,8329,8441
2482.0,8328,8440
2487.0,8328,8441
2493.0,8328,8440
2498.0,8328,8440
2503.0,8328,8440
2508.0,8327,8439
2513.0,8328,8440
2518.0,8328,8439
2523.0,8328,8440
2528.0,8328,8439
2533.0,8329,8440
2538.0,8329,8439
2543.0,8328,8440
2548.0,8327,8440
2553.0,8328,8441
2558.0,8328,8438
2563.0,8328,8439
2568.0,8328,8439
2573.0,8328,8440
2578.0,8328,8440
2583.0,8329,8439
2589.0,8329,8438
2594.0,8328,8439
2599.0,8328,8440
2604.0,8329,8440
2609.0,8329,8440
2614.0,8328,8438
2619.0,8328,8437
2624.0,8329,8439
2629.0,8329,8440
2634.0,8329,8440
2639.0,8329,8439
2644.0,8328,8439
2649.0,8328,8438
2654.0,8329,8438
2659.0,8328,8439
2664.0,8329,8438
2669.0,8329,8439
2674.0,8329,8437
2680.0,8329,8438
2685.0,8328,8439
2690.0,8327,8439
2695.0,8328,8438
2700.0,8329,8437
2705.0,8328,8437
2710.0,8328,8438
2715.0,8328,8438
2720.0,8329,8439
2725.0,8328,8439
2730.0,8328,8439
2735.0,8328,8437
2740.0,8329,8438
2745.0,8328,8439
2750.0,8330,8438
2755.0,8329,8438
2760.0,8329,8438
2765.0,8329,8438
2771.0,8329,8438
2776.0,8328,8438
2781.0,8327,8439
2786.0,8328,8437
2791.0,8328,8438
2796.0,8327,8436
2801.0,8328,8438
2806.0,8329,8436
2811.0,8329,8438
2816.0,8329,8438
2821.0,8328,8437
2826.0,8330,8437
2831.0,8328,8438
2836.0,8328,8438
2841.0,8329,8437
2846.0,8329,8436
2851.0,8329,8437
2856.0,8329,8438
2862.0,8328,8437
2867.0,8329,8436
2872.0,8329,8438
2877.0,8329,8437
2882.0,8328,8436
2887.0,8329,8437
2892.0,8329,8436
2897.0,8328,8437
2902.0,8329,8436
2907.0,8328,8436
2912.0,8329,8436
2917.0,8330,8437
2922.0,8329,8437
2927.0,8330,8436
2932.0,8330,8436
2937.0,8329,8437
2942.0,8330,8436
2947.0,8329,8436
2953.0,8329,8436
2958.0,8329,8435
2963.0,8329,8434
2968.0,8329,8438
2973.0,8330,8435
2978.0,8329,8437
2983.0,8328,8436
2988.0,8329,8436
2993.0,8329,8436
2998.0,8329,8436
3003.0,8329,8436
3008.0,8329,8435
3013.0,8328,8436
3018.0,8329,8436
3023.0,8329,8436
3028.0,8329,8435
3033.0,8330,8434
3038.0,8329,8436
3044.0,8329,8435
3049.0,8330,8436
3054.0,8329,8436
3059.0,8329,8435
3064.0,8329,8435
3069.0,8329,8436
3074.0,8329,8434
3079.0,8329,8435
3084.0,8329,8435
3089.0,8330,8436
3094.0,8329,8434
3099.0,8328,8435
3104.0,8330,8434
3109.0,8330,8435
3114.0,8330,8435
3119.0,8329,8435
3124.0,8330,8435
3129.0,8328,8435
3135.0,8329,8435
3140.0,8329,8434
3145.0,8329,8436
3150.0,8329,8434
3155.0,8329,8435
3160.0,8329,8435
3165.0,8330,8434
3170.0,8329,8435
3175.0,8330,8434
3180.0,8329,8436
3185.0,8329,8434
3190.0,8329,8434
3195.0,8330,8435
3200.0,8329,8434
3205.0,8329,8433
3210.0,8329,8434
3215.0,8329,8434
3220.0,8330,8435
3226.0,8330,8433
3231.0,8329,8433
3236.0,8329,8434
3241.0,8329,8433
3246.0,8328,8434
3251.0,8328,8433
3256.0,8329,8433
3261.0,8330,8434
3266.0,8330,8433
3271.0,8330,8434
3276.0,8329,8436
3281.0,8330,8434
3286.0,8329,8433
3291.0,8329,8432
3296.0,8330,8433
3301.0,8329,8434
3306.0,8330,8431
3311.0,8330,8434
3317.0,8329,8433
3322.0,8329,8433
3327.0,8329,8433
3332.0,8329,8434
3337.0,8330,8434
3342.0,8330,8434
3347.0,8329,8433
3352.0,8329,8432
3357.0,8329,8433
3362.0,8329,8433
3367.0,8329,8433
3372.0,8330,8433
3377.0,8330,8433
3382.0,8330,8433
3387.0,8330,8433
3392.0,8330,8432
3397.0,8331,8432
3402.0,8330,8434
3408.0,8330,8434
3413.0,8330,8432
3418.0,8329,8434
3423.0,8330,8433
3428.0,8330,8433
3433.0,8329,8432
3438.0,8330,8433
3443.0,8331,8432
3448.0,8329,8432
3453.0,8328,8432
3458.0,8330,8431
3463.0,8329,8432
3468.0,8330,8432
3473.0,8329,8432
3478.0,8330,8431
3483.0,8330,8432
3488.0,8330,8433
3493.0,8329,8433
3499.0,8329,8431
3504.0,8329,8431
3509.0,8330,8432
3514.0,8330,8431
3519.0,8330,8433
3524.0,8329,8432
3529.0,8329,8431
3534.0,8329,8433
3539.0,8329,8432
3544.0,8329,8431
3549.0,8329,8431
3554.0,8329,8432
3559.0,8330,8431
3564.0,8329,8431
3569.0,8329,8432
3574.0,8328,8430
3579.0,8329,8432
3584.0,8329,8432
3589.0,8330,8431
3595.0,8328,8431
3600.0,8329,8430
3605.0,8329,8431
3610.0,8328,8431
3615.0,8329,8431
3620.0,8329,8432
3625.0,8329,8431
3630.0,8330,8430
3635.0,8329,8433
3640.0,8329,8430
3645.0,8330,8431
3650.0,8329,8429
3655.0,8328,8431
3660.0,8329,8431
3665.0,8330,8431
3670.0,8329,8432
3675.0,8329,8432
3681.0,8329,8430
3686.0,8329,8431
3691.0,8329,8431
3696.0,8329,8432
3701.0,8329,8432
3706.0,8330,8430
3711.0,8329,8430
3716.0,8329,8431
3721.0,8330,8431
3726.0,8329,8431
3731.0,8329,8430
3736.0,8329,8432
3741.0,8329,8430
3746.0,8330,8431
3751.0,8329,8430
3756.0,8328,8431
3761.0,8329,8431
3766.0,8330,8430
3772.0,8329,8431
3777.0,8329,8429
3782.0,8329,8430
3787.0,8329,8431
3792.0,8329,8430
3797.0,8330,8429
3802.0,8330,8429
3807.0,8328,8431
3812.0,8328,8430
3817.0,8329,8429
3822.0,8328,8430
3827.0,8328,8430
3832.0,8329,8430
3837.0,8328,8430
3842.0,8328,8430
3847.0,8328,8431
3852.0,8329,8429
3857.0,8329,8430
3863.0,8328,8430
3868.0,8329,8430
3873.0,8328,8430
3878.0,8328,8430
3883.0,8328,8431
3888.0,8328,8429
3893.0,8327,8431
3898.0,8329,8429
3903.0,8328,8427
3908.0,8328,8429
3913.0,8328,8430
3918.0,8329,8429
3923.0,8329,8430
3928.0,8328,8429
3933.0,8328,8428
3938.0,8329,8429
3943.0,8328,8429
3948.0,8328,8429
3954.0,8329,8429
3959.0,8328,8429
3964.0,8328,8429
3969.0,8329,8429
3974.0,8328,8430
3979.0,8328,8430
3984.0,8328,8428
3989.0,8328,8429
3994.0,8329,8429
3999.0,8329,8429
4004.0,8328,8428
4009.0,8329,8429
4014.0,8328,8428
4019.0,8328,8429
4024.0,8329,8428
4029.0,8328,8430
4034.0,8329,8428
4039.0,8327,8429
4045.0,8328,8429
4050.0,8329,8429
4055.0,8329,8429
4060.0,8328,8429
4065.0,8329,8429
4070.0,8328,8428
4075.0,8329,8427
4080.0,8329,8428
4085.0,8328,8429
4090.0,8329,8428
4095.0,8329,8427
4100.0,8329,8430
4105.0,8330,8428
4110.0,8328,8428
4115.0,8328,8428
4120.0,8328,8428
4125.0,8329,8427
4130.0,8328,8430
4136.0,8329,8427
4141.0,8329,8427
4146.0,8328,8427
4151.0,8329,8427
4156.0,8329,8427
4161.0,8329,8429
4166.0,8330,8428
4171.0,8329,8427
4176.0,8329,8427
4181.0,8329,8428
4186.0,8328,8427
4191.0,8330,8428
4196.0,8329,8429
4201.0,8329,8426
4206.0,8328,8427
4211.0,8329,8428
4216.0,8329,8427
4221.0,8329,8428
4227.0,8329,8427
4232.0,8329,8428
4237.0,8329,8428
4242.0,8329,8427
4247.0,8328,8427
4252.0,8329,8427
4257.0,8329,8428
4262.0,8331,8425
4267.0,8330,8427
4272.0,8329,8427
4277.0,8328,8429
4282.0,8329,8426
4287.0,8329,8427
4292.0,8330,8427
4297.0,8329,8428
4302.0,8329,8427
4307.0,8329,8427
4312.0,8330,8427
4318.0,8329,8426
4323.0,8329,8428
4328.0,8329,8427
4333.0,8329,8426
4338.0,8330,8425
4343.0,8329,8426
4348.0,8329,8428
4353.0,8328,8427
4358.0,8330,8426
4363.0,8329,8427
4368.0,8329,8427
4373.0,8330,8426
4378.0,8329,8426
4383.0,8329,8426
4388.0,8329,8427
4393.0,8329,8427
4398.0,8329,8427
4404.0,8328,8428
4409.0,8329,8427
4414.0,8329,8427
4419.0,8330,8426
4424.0,8329,8427
4429.0,8330,8427
4434.0,8329,8426
4439.0,8329,8427
4444.0,8329,8426
4449.0,8329,8427
4454.0,8329,8426
4459.0,8329,8426
4464.0,8329,8426
4469.0,8330,8425
4474.0,8329,8427
4479.0,8329,8427
4484.0,8330,8426
4489.0,8330,8425
4495.0,8330,8426
4500.0,8330,8425
4505.0,8330,8426
4510.0,8330,8427
4515.0,8329,8425
4520.0,8329,8426
4525.0,8330,8426
4530.0,8331,8427
4535.0,8329,8425
4540.0,8330,8425
4545.0,8329,8425
4550.0,8329,8425
4555.0,8330,8426
4560.0,8330,8426
4565.0,8329,8427
4570.0,8329,8427
4575.0,8330,8426
4580.0,8330,8425
4586.0,8329,8426
4591.0,8329,8426
4596.0,8329,8425
4601.0,8329,8426
4606.0,8329,8426
4611.0,8329,8426
4616.0,8330,8425
4621.0,8330,8426
4626.0,8329,8424
4631.0,8330,8425
4636.0,8330,8426
4641.0,8328,8426
4646.0,8330,8425
4651.0,8329,8425
4656.0,8329,8426
4661.0,8330,8424
4666.0,8330,8425
4671.0,8330,8425
4677.0,8329,8425
4682.0,8330,8424
4687.0,8329,8425
4692.0,8330,8425
4697.0,8330,8426
4702.0,8330,8426
4707.0,8330,8425
4712.0,8331,8425
4717.0,8330,8424
4722.0,8330,8426
4727.0,8329,8426
4732.0,8330,8425
4737.0,8330,8425
4742.0,8330,8424
4747.0,8330,8425
4752.0,8329,8425
4757.0,8331,8425
4762.0,8330,8424
4768.0,8330,8424
4773.0,8330,8424
4778.0,8330,8425
4783.0,8330,8425
4788.0,8329,8425
4793.0,8331,8424
4798.0,8330,8423
4803.0,8330,8425
4808.0,8330,8425
4813.0,8330,8426
4818.0,8330,8425
4823.0,8330,8424
4828.0,8330,8425
4833.0,8329,8425
4838.0,8330,8424
4843.0,8329,8424
4848.0,8330,8423
4853.0,8330,8424
4859.0,8331,8423
4864.0,8331,8424
4869.0,8330,8424
4874.0,8330,8423
4879.0,8331,8424
4884.0,8330,8423
4889.0,8330,8424
4894.0,8329,8424
4899.0,8329,8424
4904.0,8330,8425
4909.0,8330,8425
4914.0,8330,8424
4919.0,8331,8425
4924.0,8331,8425
4929.0,8330,8424
4934.0,8330,8425
4939.0,8330,8424
4944.0,8329,8423
4950.0,8330,8425
4955.0,8330,8422
4960.0,8330,8425
4965.0,8330,8423
4970.0,8330,8424
4975.0,8330,8424
4980.0,8330,8422
4985.0,8331,8424
4990.0,8330,8427
4995.0,8329,8425
5000.0,8330,8424
5005.0,8330,8424
5010.0,8331,8424
5015.0,8331,8423
5020.0,8331,8423
5025.0,8331,8422
5030.0,8331,8424
5035.0,8329,8424
5041.0,8330,8423
5046.0,8331,8423
5051.0,8331,8423
5056.0,8330,8424
5061.0,8330,8425
5066.0,8330,8422
5071.0,8330,8423
5076.0,8331,8423
5081.0,8330,8422
5086.0,8329,8425
5091.0,8331,8424
5096.0,8331,8422
5101.0,8330,8422
5106.0,8331,8423
5111.0,8330,8423
5116.0,8330,8423
5121.0,8331,8423
5126.0,8331,8422
5132.0,8331,8422
5137.0,8331,8424
5142.0,8331,8422
5147.0,8330,8424
5152.0,8331,8423
5157.0,8330,8423
5162.0,8330,8422
5167.0,8330,8422
5172.0,8331,8421
5177.0,8329,8424
5182.0,8330,8423
5187.0,8331,8422
5192.0,8330,8422
5197.0,8330,8422
5202.0,8330,8424
5207.0,8330,8425
5212.0,8330,8422
5217.0,8331,8423
5223.0,8330,8424
5228.0,8331,8421
5233.0,8331,8422
5238.0,8329,8422
5243.0,8331,8423
5248.0,8331,8422
5253.0,8331,8421
5258.0,8332,8423
5263.0,8331,8421
5268.0,8330,8424
5273.0,8330,8422
5278.0,8330,8422
5283.0,8331,8423
5288.0,8330,8421
5293.0,8331,8422
5298.0,8330,8423
5303.0,8330,8423
5308.0,8332,8423
5314.0,8330,8422
5319.0,8331,8420
5324.0,8330,8423
5329.0,8331,8420
5334.0,8330,8422
5339.0,8331,8422
5344.0,8331,8422
5349.0,8330,8423
5354.0,8331,8421
5359.0,8331,8422
5364.0,8330,8423
5369.0,8330,8421
5374.0,8330,8423
5379.0,8331,8420
5384.0,8331,8422
5389.0,8330,8422
5394.0,8331,8422
5399.0,8331,8423
5405.0,8330,8422
5410.0,8331,8421
5415.0,8331,8421
5420.0,8331,8422
5425.0,8331,8421
5430.0,8331,8422
5435.0,8330,8423
5440.0,8331,8422
5445.0,8330,8421
5450.0,8331,8421
5455.0,8330,8421
5460.0,8331,8422
5465.0,8331,8421
5470.0,8330,8423
5475.0,8331,8420
5480.0,8331,8421
5485.0,8331,8421
5490.0,8330,8421
5496.0,8330,8422
5501.0,8331,8422
5506.0,8330,8421
5511.0,8331,8420
5516.0,8331,8422
5521.0,8330,8421
5526.0,8330,8421
5531.0,8331,8420
5536.0,8331,8422
5541.0,8330,8420
5546.0,8330,8420
5551.0,8331,8421
5556.0,8331,8421
5561.0,8331,8421
5566.0,8331,8419
5571.0,8331,8420
5576.0,8331,8420
5582.0,8331,8422
5587.0,8331,8421
5592.0,8332,8421
5597.0,8333,8420
5602.0,8332,8421
5607.0,8332,8421
5612.0,8332,8420
5617.0,8333,8421
5622.0,8331,8420
5627.0,8332,8421
5632.0,8332,8419
5637.0,8331,8420
5642.0,8332,8420
5647.0,8332,8421
5652.0,8332,8420
5657.0,8332,8419
5662.0,8333,8421
5667.0,8332,8421
5673.0,8333,8421
5678.0,8333,8420
5683.0,8334,8420
5688.0,8333,8419
5693.0,8333,8420
5698.0,8334,8420
5703.0,8333,8421
5708.0,8333,8421
5713.0,8333,8420
5718.0,8333,8419
5723.0,8333,8419
5728.0,8334,8419
5733.0,8333,8419
5738.0,8333,8419
5743.0,8333,8421
5748.0,8333,8420
5753.0,8332,8420
5758.0,8333,8421
5764.0,8334,8419
5769.0,8332,8421
5774.0,8334,8420
5779.0,8333,8420
5784.0,8333,8418
5789.0,8331,8421
5794.0,8332,8419
5799.0,8333,8422
5804.0,8332,8420
5809.0,8332,8420
5814.0,8332,8419
5819.0,8332,8420
5824.0,8332,8419
5829.0,8333,8419
5834.0,8333,8420
5839.0,8333,8420
5844.0,8333,8420
5849.0,8333,8420
5855.0,8332,8420
5860.0,8332,8421
5865.0,8332,8420
5870.0,8333,8421
5875.0,8332,8419
5880.0,8332,8419
5885.0,8331,8420
5890.0,8332,8419
5895.0,8332,8419
5900.0,8331,8419
5905.0,8332,8419
5910.0,8333,8420
5915.0,8333,8419
5920.0,8333,8420
5925.0,8332,8419
5930.0,8333,8419
5935.0,8332,8417
5940.0,8332,8418
5946.0,8332,8419
5951.0,8332,8418
5956.0,8333,8419
5961.0,8332,8418
5966.0,8333,8419
5971.0,8333,8418
5976.0,8332,8417
5981.0,8332,8416
5986.0,8333,8415
5991.0,8332,8415
5996.0,8332,8415
6001.0,8332,8413
6006.0,8333,8413
6011.0,8333,8413
6016.0,8332,8413
6021.0,8332,8412
6026.0,8332,8412
6031.0,8333,8412
6037.0,8332,8410
6042.0,8333,8411
6047.0,8333,8410
6052.0,8333,8410
6057.0,8333,8409
6062.0,8332,8408
6067.0,8334,8408
6072.0,8332,8407
6077.0,8333,8404
6082.0,8332,8406
6087.0,8333,8404
6092.0,8332,8404
6097.0,8333,8404
6102.0,8332,8402
6107.0,8333,8404
6112.0,8332,8401
6117.0,8332,8400
6122.0,8333,8401
6128.0,8332,8400
6133.0,8332,8398
6138.0,8333,8397
6143.0,8333,8400
6148.0,8333,8397
6153.0,8332,8397
6158.0,8333,8396
6163.0,8333,8395
6168.0,8333,8393
6173.0,8334,8394
6178.0,8334,8393
6183.0,8333,8392
6188.0,8333,8391
6193.0,8333,8391
6198.0,8334,8390
6203.0,8334,8389
6208.0,8333,8387
6213.0,8333,8387
6219.0,8333,8387
6224.0,8332,8385
6229.0,8332,8385
6234.0,8333,8385
6239.0,8332,8384
6244.0,8333,8382
6249.0,8332,8382
6254.0,8333,8382
6259.0,8333,8381
6264.0,8332,8379
6269.0,8333,8379
6274.0,8333,8378
6279.0,8333,8377
6284.0,8333,8378
6289.0,8333,8377
6294.0,8333,8375
6299.0,8332,8374
6304.0,8332,8374
6310.0,8333,8374
6315.0,8333,8372
6320.0,8333,8371
6325.0,8333,8371
6330.0,8332,8370
6335.0,8333,8370
6340.0,8333,8367
6345.0,8333,8366
6350.0,8332,8366
6355.0,8332,8367
6360.0,8332,8365
6365.0,8333,8364
6370.0,8333,8364
6375.0,8334,8363
6380.0,8333,8362
6385.0,8333,8361
6390.0,8334,8361
6395.0,8334,8359
6401.0,8333,8358
6406.0,8333,8358
6411.0,8333,8358
6416.0,8333,8357
6421.0,8333,8354
6426.0,8333,8355
6431.0,8333,8354
6436.0,8334,8353
6441.0,8334,8355
6446.0,8334,8352
6451.0,8332,8351
6456.0,8333,8351
6461.0,8333,8350
6466.0,8332,8348
6471.0,8334,8349
6476.0,8333,8347
6481.0,8333,8348
6486.0,8334,8346
6492.0,8333,8345
6497.0,8333,8344
6502.0,8334,8344
6507.0,8333,8343
6512.0,8333,8341
6517.0,8335,8341
6522.0,8334,8342
6527.0,8334,8339
6532.0,8332,8340
6537.0,8333,8339
6542.0,8334,8337
6547.0,8334,8336
6552.0,8333,8338
6557.0,8335,8334
6562.0,8335,8334
6567.0,8334,8333
6572.0,8334,8334
6577.0,8334,8333
6583.0,8334,8331
6588.0,8334,8331
6593.0,8335,8329
6598.0,8334,8328
6603.0,8334,8327
6608.0,8334,8327
6613.0,8335,8326
6618.0,8334,8328
6623.0,8335,8327
6628.0,8335,8325
6633.0,8335,8322
6638.0,8335,8322
6643.0,8334,8320
6648.0,8335,8321
6653.0,8335,8321
6658.0,8335,8321
6663.0,8335,8319
6668.0,8334,8319
6673.0,8335,8317
6679.0,8335,8318
6684.0,8335,8317
6689.0,8334,8315
6694.0,8334,8314
6699.0,8336,8315
6704.0,8335,8313
6709.0,8335,8311
6714.0,8334,8311
6719.0,8335,8311
6724.0,8335,8309
6729.0,8335,8310
6734.0,8335,8309
6739.0,8335,8307
6744.0,8336,8308
6749.0,8334,8308
6754.0,8336,8304
6759.0,8335,8305
6765.0,8335,8305
6770.0,8335,8304
6775.0,8336,8303
6780.0,8335,8302
6785.0,8336,8302
6790.0,8336,8300
6795.0,8336,8299
6800.0,8335,8298
6805.0,8335,8297
6810.0,8336,8296
6815.0,8335,8296
6820.0,8335,8296
6825.0,8336,8295
6830.0,8336,8295
6835.0,8336,8293
6840.0,8336,8294
6845.0,8337,8293
6850.0,8336,8291
6856.0,8336,8290
6861.0,8335,8291
6866.0,8336,8288
6871.0,8337,8289
6876.0,8337,8288
6881.0,8336,8287
6886.0,8336,8287
6891.0,8336,8287
6896.0,8336,8286
6901.0,8336,8287
6906.0,8336,8286
6911.0,8336,8286
6916.0,8336,8286
6921.0,8336,8286
6926.0,8336,8283
6931.0,8336,8283
6936.0,8336,8286
6941.0,8335,8285
6947.0,8336,8284
6952.0,8337,8283
6957.0,8336,8285
6962.0,8336,8284
6967.0,8336,8284
6972.0,8336,8283
6977.0,8337,8283
6982.0,8336,8283
6987.0,8336,8285
6992.0,8336,8282
6997.0,8337,8282
7002.0,8336,8283
7007.0,8336,8281
7012.0,8337,8283
7017.0,8336,8284
7022.0,8337,8280
7027.0,8336,8282
7032.0,8336,8282
7038.0,8336,8283
7043.0,8336,8281
7048.0,8337,8283
7053.0,8337,8284
7058.0,8337,8282
7063.0,8337,8284
7068.0,8337,8283
7073.0,8336,8285
7078.0,8337,8284
7083.0,8337,8284
7088.0,8336,8283
7093.0,8336,8283
7098.0,8336,8284
7103.0,8336,8282
7108.0,8337,8282
7113.0,8336,8283
7118.0,8337,8284
7123.0,8336,8283
7129.0,8336,8280
7134.0,8337,8281
7139.0,8337,8283
7144.0,8336,8283
7149.0,8336,8284
7154.0,8337,8283
7159.0,8337,8282
7164.0,8336,8283
7169.0,8335,8282
7174.0,8336,8283
7179.0,8337,8284
7184.0,8336,8283
7189.0,8336,8283
7194.0,8337,8283
7199.0,8336,8283
7204.0,8336,8284
7209.0,8337,8282
7214.0,8336,8283
7220.0,8337,8283
7225.0,8337,8283
7230.0,8337,8282
7235.0,8337,8283
7240.0,8337,8283
7245.0,8336,8281
7250.0,8337,8284
7255.0,8336,8284
7260.0,8337,8283
7265.0,8337,8282
7270.0,8337,8282
7275.0,8337,8282
7280.0,8337,8281
7285.0,8337,8280
7290.0,8337,8283
7295.0,8337,8282
7300.0,8337,8282
7305.0,8336,8281
7311.0,8338,8281
7316.0,8336,8282
7321.0,8337,8281
7326.0,8336,8282
7331.0,8338,8283
7336.0,8337,8282
7341.0,8336,8283
7346.0,8338,8280
7351.0,8337,8281
7356.0,8337,8282
7361.0,8337,8281
7366.0,8337,8281
7371.0,8337,8281
7376.0,8337,8282
7381.0,8337,8282
7386.0,8336,8282
7391.0,8337,8281
7396.0,8337,8282
7402.0,8337,8281
7407.0,8337,8282
7412.0,8336,8282
7417.0,8336,8281
7422.0,8337,8284
7427.0,8338,8283
7432.0,8336,8283
7437.0,8337,8282
7442.0,8337,8284
7447.0,8338,8283
7452.0,8338,8283
7457.0,8337,8285
7462.0,8337,8285
7467.0,8338,8281
7472.0,8337,8283
7477.0,8338,8283
7482.0,8337,8283
7487.0,8337,8282
7493.0,8337,8282
7498.0,8337,8282
7503.0,8337,8283
7508.0,8338,8281
7513.0,8337,8281
7518.0,8337,8283
7523.0,8337,8282
7528.0,8338,8281
7533.0,8337,8283
7538.0,8338,8283
7543.0,8337,8282
7548.0,8338,8283
7553.0,8337,8282
7558.0,8337,8283
7563.0,8338,8284
7568.0,8337,8284
7573.0,8337,8281
7578.0,8337,8283
7584.0,8337,8286
7589.0,8337,8283
7594.0,8338,8281
7599.0,8337,8283
7604.0,8337,8282
7609.0,8337,8282
7614.0,8337,8281
7619.0,8338,8281
7624.0,8337,8280
7629.0,8337,8283
7634.0,8337,8283
7639.0,8337,8282
7644.0,8337,8279
7649.0,8337,8282
7654.0,8337,8283
7659.0,8336,8283
7664.0,8337,8283
7669.0,8337,8282
7675.0,8337,8281
7680.0,8337,8282
7685.0,8337,8282
7690.0,8337,8282
7695.0,8337,8282
7700.0,8337,8284
7705.0,8337,8283
7710.0,8338,8283
7715.0,8337,8284
7720.0,8337,8285
7725.0,8337,8281
7730.0,8337,8283
7735.0,8337,8282
7740.0,8338,8282
7745.0,8337,8281
7750.0,8338,8284
7755.0,8338,8283
7761.0,8337,8284
7766.0,8337,8284
7771.0,8337,8283
7776.0,8337,8284
7781.0,8338,8284
7786.0,8337,8282
7791.0,8337,8284
7796.0,8338,8285
7801.0,8337,8280
7806.0,8338,8284
7811.0,8337,8284
7816.0,8338,8283
7821.0,8338,8284
7826.0,8337,8283
7831.0,8339,8282
7836.0,8338,8283
7841.0,8338,8281
7846.0,8337,8281
7852.0,8337,8283
7857.0,8337,8282
7862.0,8339,8282
7867.0,8338,8284
7872.0,8339,8286
7877.0,8338,8284
7882.0,8337,8285
7887.0,8337,8283
7892.0,8337,8284
7897.0,8337,8284
7902.0,8337,8284
7907.0,8338,8281
7912.0,8338,8282
7917.0,8338,8282
7922.0,8339,8282
7927.0,8338,8282
7932.0,8338,8283
7937.0,8339,8282
7943.0,8338,8284
7948.0,8338,8284
7953.0,8338,8284
7958.0,8338,8284
7963.0,8339,8284
7968.0,8338,8285
7973.0,8338,8283
7978.0,8339,8282
7983.0,8337,8283
7988.0,8338,8285
7993.0,8338,8286
7998.0,8337,8283
8003.0,8338,8282
8008.0,8338,8283
8013.0,8338,8282
8018.0,8338,8282
8023.0,8338,8283
8028.0,8338,8281
8034.0,8338,8281
8039.0,8337,8280
8044.0,8338,8283
8049.0,8339,8281
8054.0,8338,8281
8059.0,8337,8280
8064.0,8338,8281
8069.0,8337,8280
8074.0,8338,8281
8079.0,8338,8284
8084.0,8338,8282
8089.0,8339,8283
8094.0,8337,8283
8099.0,8338,8283
8104.0,8338,8284
8109.0,8338,8283
8114.0,8338,8283
8119.0,8338,8282
8125.0,8338,8283
8130.0,8338,8282
8135.0,8338,8282
8140.0,8339,8282
8145.0,8337,8282
8150.0,8338,8283
8155.0,8338,8282
8160.0,8338,8284
8165.0,8339,8280
8170.0,8338,8283
8175.0,8338,8282
8180.0,8338,8284
8185.0,8338,8283
8190.0,8337,8283
8195.0,8338,8283
8200.0,8338,8284
8205.0,8338,8283
8210.0,8338,8283
8216.0,8338,8283
8221.0,8338,8284
8226.0,8338,8282
8231.0,8338,8284
8236.0,8339,8281
8241.0,8338,8283
8246.0,8337,8284
8251.0,8338,8284
8256.0,8339,8283
8261.0,8338,8285
8266.0,8337,8283
8271.0,8338,8283
8276.0,8338,8282
8281.0,8339,8282
8286.0,8339,8283
8291.0,8338,8281
8296.0,8337,8283
8301.0,8338,8283
8307.0,8338,8281
8312.0,8338,8283
8317.0,8337,8281
8322.0,8338,8282
8327.0,8338,8283
8332.0,8339,8284
8337.0,8338,8282
8342.0,8338,8282
8347.0,8338,8284
8352.0,8338,8283
8357.0,8337,8282
8362.0,8339,8282
8367.0,8337,8282
8372.0,8338,8283
8377.0,8338,8280
8382.0,8338,8282
8387.0,8338,8282
8392.0,8338,8282
8398.0,8338,8283
8403.0,8338,8284
8408.0,8338,8284
8413.0,8338,8283
8418.0,8338,8284
8423.0,8339,8284
8428.0,8338,8282
8433.0,8337,8283
8438.0,8338,8281
8443.0,8338,8283
8448.0,8339,8281
8453.0,8337,8281
8458.0,8338,8281
8463.0,8338,8283
8468.0,8338,8282
8473.0,8338,8282
8478.0,8338,8282
8484.0,8338,8282
8489.0,8338,8282
8494.0,8338,8282
8499.0,8338,8281
8504.0,8339,8282
8509.0,8338,8284
8514.0,8337,8284
8519.0,8339,8282
8524.0,8338,8283
8529.0,8339,8281
8534.0,8339,8284
8539.0,8339,8282
8544.0,8337,8282
8549.0,8338,8281
8554.0,8338,8282
8559.0,8337,8282
8564.0,8338,8282
8569.0,8338,8282
8575.0,8338,8283
8580.0,8339,8284
8585.0,8338,8284
8590.0,8339,8282
8595.0,8337,8283
8600.0,8339,8284
8605.0,8339,8283
8610.0,8338,8284
8615.0,8338,8284
8620.0,8338,8283
8625.0,8338,8282
8630.0,8339,8282
8635.0,8338,8282
8640.0,8338,8282
8645.0,8339,8282
8650.0,8338,8282
8655.0,8338,8283
8660.0,8340,8281
8666.0,8339,8281
8671.0,8339,8283
8676.0,8339,8284
8681.0,8338,8283
8686.0,8339,8283
8691.0,8339,8282
8696.0,8338,8283
8701.0,8339,8281
8706.0,8338,8284
8711.0,8339,8282
8716.0,8338,8282
8721.0,8339,8283
8726.0,8339,8281
8731.0,8338,8284
8736.0,8339,8284
8741.0,8338,8283
8746.0,8339,8283
8751.0,8339,8283
8757.0,8339,8284
8762.0,8338,8284
8767.0,8338,8283
8772.0,8338,8284
8777.0,8338,8283
8782.0,8339,8282
8787.0,8339,8282
8792.0,8339,8281
8797.0,8339,8282
8802.0,8340,8283
8807.0,8339,8283
8812.0,8338,8284
8817.0,8339,8284
8822.0,8339,8282
8827.0,8339,8281
8832.0,8339,8283
8837.0,8339,8283
8842.0,8339,8282
8848.0,8339,8282
8853.0,8338,8283
8858.0,8339,8284
8863.0,8337,8283
8868.0,8339,8281
8873.0,8340,8283
8878.0,8339,8282
8883.0,8339,8283
8888.0,8339,8285
8893.0,8339,8283
8898.0,8338,8283
8903.0,8339,8283
8908.0,8339,8282
8913.0,8339,8281
8918.0,8339,8282
8923.0,8339,8283
8928.0,8338,8284
8933.0,8339,8284
8939.0,8339,8281
8944.0,8339,8284
8949.0,8338,8280
8954.0,8339,8281
8959.0,8339,8283
8964.0,8338,8283
8969.0,8338,8282
8974.0,8339,8282
8979.0,8338,8282
8984.0,8338,8283
8989.0,8338,8283
8994.0,8339,8284
8999.0,8339,8283
9004.0,8338,8283
9009.0,8339,8286
9014.0,8339,8284
9019.0,8338,8283
9024.0,8338,8283
9030.0,8339,8285
9035.0,8339,8285
9040.0,8339,8284
9045.0,8339,8283
9050.0,8339,8282
9055.0,8339,8283
9060.0,8339,8282
9065.0,8339,8283
9070.0,8339,8284
9075.0,8339,8282
9080.0,8338,8285
9085.0,8338,8285
9090.0,8339,8283
9095.0,8339,8282
9100.0,8340,8283
9105.0,8339,8283
9110.0,8340,8284
9115.0,8338,8284
9121.0,8339,8283
9126.0,8338,8284
9131.0,8340,8285
9136.0,8339,8282
9141.0,8339,8284
9146.0,8339,8284
9151.0,8339,8282
9156.0,8339,8282
9161.0,8339,8283
9166.0,8339,8283
9171.0,8338,8284
9176.0,8339,8283
9181.0,8339,8284
9186.0,8339,8282
9191.0,8339,8283
9196.0,8339,8283
9201.0,8339,8286
9207.0,8339,8283
9212.0,8340,8283
9217.0,8339,8283
9222.0,8339,8284
9227.0,8339,8284
9232.0,8340,8283
9237.0,8340,8282
9242.0,8340,8283
9247.0,8340,8281
9252.0,8339,8281
9257.0,8339,8284
9262.0,8340,8282
9267.0,8339,8282
9272.0,8339,8284
9277.0,8339,8282
9282.0,8339,8281
9287.0,8339,8282
9292.0,8339,8282
9298.0,8339,8284
9303.0,8340,8284
9308.0,8339,8283
9313.0,8339,8283
9318.0,8339,8284
9323.0,8339,8284
9328.0,8340,8283
9333.0,8339,8283
9338.0,8340,8282
9343.0,8340,8283
9348.0,8339,8284
9353.0,8339,8283
9358.0,8339,8283
9363.0,8339,8283
9368.0,8340,8282
9373.0,8339,8282
9378.0,8340,8282
9383.0,8340,8283
9389.0,8339,8282
9394.0,8339,8282
9399.0,8339,8282
9404.0,8339,8283
9409.0,8339,8283
9414.0,8339,8281
9419.0,8339,8282
9424.0,8340,8282
9429.0,8340,8282
9434.0,8340,8282
9439.0,8338,8284
9444.0,8339,8282
9449.0,8339,8281
9454.0,8339,8282
9459.0,8339,8282
9464.0,8339,8283
9469.0,8339,8283
9474.0,8340,8282
9480.0,8339,8282
9485.0,8339,8282
9490.0,8339,8282
9495.0,8339,8282
9500.0,8340,8283
9505.0,8339,8285
9510.0,8339,8282
9515.0,8339,8283
9520.0,8340,8281
9525.0,8339,8281
9530.0,8339,8282
9535.0,8340,8283
9540.0,8339,8281
9545.0,8340,8283
9550.0,8340,8283
9555.0,8339,8282
9560.0,8340,8280
9565.0,8339,8283
9571.0,8340,8283
9576.0,8340,8283
9581.0,8341,8282
9586.0,8339,8282
9591.0,8339,8282
9596.0,8339,8282
9601.0,8340,8285
9606.0,8340,8281
9611.0,8340,8281
9616.0,8340,8282
9621.0,8339,8283
9626.0,8339,8282
9631.0,8339,8283
9636.0,8339,8283
9641.0,8340,8283
9646.0,8339,8284
9651.0,8340,8283
9656.0,8340,8283
9662.0,8339,8282
9667.0,8339,8283
9672.0,8339,8284
9677.0,8339,8281
9682.0,8339,8283
9687.0,8339,8284
9692.0,8339,8285
9697.0,8339,8283
9702.0,8339,8284
9707.0,8340,8282
9712.0,8339,8284
9717.0,8339,8282
9722.0,8339,8283
9727.0,8340,8282
9732.0,8340,8283
9737.0,8340,8284
9742.0,8340,8284
9747.0,8339,8284
9753.0,8339,8282
9758.0,8340,8284
9763.0,8340,8283
9768.0,8340,8281
9773.0,8339,8281
9778.0,8339,8283
9783.0,8339,8284
9788.0,8339,8282
9793.0,8340,8283
9798.0,8340,8284
9803.0,8339,8284
9808.0,8340,8283
9813.0,8339,8283
9818.0,8339,8283
9823.0,8339,8282
9828.0,8340,8282
9833.0,8339,8283
9838.0,8339,8283
9844.0,8340,8282
9849.0,8339,8283
9854.0,8339,8284
9859.0,8340,8283
9864.0,8340,8284
9869.0,8339,8284
9874.0,8339,8284
9879.0,8339,8284
9884.0,8339,8283
9889.0,8340,8284
9894.0,8340,8282
9899.0,8339,8283
9904.0,8340,8284
9909.0,8339,8283
9914.0,8340,8282
9919.0,8340,8283
9924.0,8340,8283
9929.0,8339,8283
9935.0,8340,8285
9940.0,8340,8281
9945.0,8340,8282
9950.0,8340,8280
9955.0,8341,8281
9960.0,8339,8282
9965.0,8339,8281
9970.0,8339,8284
9975.0,8339,8283
9980.0,8340,8284
9985.0,8340,8283
9990.0,8341,8285
9995.0,8340,8284
10000.0,8339,8285
10005.0,8339,8284
10010.0,8339,8281
10015.0,8339,8284
10020.0,8340,8284
10026.0,8339,8284
10031.0,8340,8283
10036.0,8340,8282
10041.0,8339,8284
10046.0,8340,8283
10051.0,8340,8284
10056.0,8339,8283
10061.0,8340,8283
10066.0,8339,8283
10071.0,8339,8283
10076.0,8340,8284
10081.0,8340,8283
10086.0,8341,8283
10091.0,8339,8281
10096.0,8339,8283
10101.0,8339,8282
10106.0,8340,8282
10112.0,8340,8283
10117.0,8339,8281
10122.0,8340,8284
10127.0,8340,8285
10132.0,8339,8282
10137.0,8339,8282
10142.0,8340,8283
10147.0,8339,8283
10152.0,8339,8284
10157.0,8340,8284
10162.0,8339,8283
10167.0,8340,8283
10172.0,8340,8284
10177.0,8340,8284
10182.0,8340,8284
10187.0,8340,8282
10192.0,8339,8283
10197.0,8340,8284
10203.0,8340,8283
10208.0,8340,8284
10213.0,8340,8283
10218.0,8341,8283
10223.0,8340,8283
10228.0,8341,8285
10233.0,8340,8284
10238.0,8340,8282
10243.0,8340,8282
10248.0,8339,8283
10253.0,8340,8284
10258.0,8340,8284
10263.0,8339,8283
10268.0,8340,8284
10273.0,8340,8284
10278.0,8339,8283
10283.0,8340,8283
10288.0,8340,8282
10294.0,8340,8282
10299.0,8340,8283
10304.0,8341,8282
10309.0,8340,8284
10314.0,8340,8282
10319.0,8341,8283
10324.0,8340,8284
10329.0,8340,8283
10334.0,8340,8282
10339.0,8340,8283
10344.0,8340,8283
10349.0,8340,8282
10354.0,8341,8284
10359.0,8341,8285
10364.0,8340,8284
10369.0,8340,8282
10374.0,8340,8284
10380.0,8341,8283
10385.0,8340,8283
10390.0,8340,8282
10395.0,8341,8282
10400.0,8340,8283
10405.0,8341,8286
10410.0,8339,8282
10415.0,8341,8283
10420.0,8341,8283
10425.0,8340,8283
10430.0,8340,8283
10435.0,8340,8282
10440.0,8340,8283
10445.0,8341,8282
10450.0,8339,8284
10455.0,8339,8282
10460.0,8340,8283
10465.0,8340,8285
10471.0,8340,8284
10476.0,8341,8284
10481.0,8341,8285
10486.0,8340,8282
10491.0,8340,8282
10496.0,8339,8281
10501.0,8340,8282
10506.0,8340,8283
10511.0,8340,8283
10516.0,8341,8284
10521.0,8340,8284
10526.0,8341,8283
10531.0,8340,8283
10536.0,8340,8284
10541.0,8341,8283
10546.0,8340,8283
10551.0,8339,8282
10556.0,8340,8283
10562.0,8340,8283
10567.0,8341,8286
10572.0,8340,8285
10577.0,8341,8284
10582.0,8341,8283
10587.0,8341,8282
10592.0,8341,8283
10597.0,8340,8282
10602.0,8341,8284
10607.0,8340,8282
10612.0,8340,8283
10617.0,8340,8284
10622.0,8341,8282
10627.0,8341,8282
10632.0,8340,8283
10637.0,8340,8282
10643.0,8340,8282
10648.0,8341,8282
10653.0,8341,8281
10658.0,8341,8282
10663.0,8340,8282
10668.0,8342,8281
10673.0,8340,8284
10678.0,8341,8282
10683.0,8340,8283
10688.0,8340,8283
10693.0,8341,8283
10698.0,8342,8284
10703.0,8340,8281
10708.0,8341,8282
10713.0,8340,8285
10718.0,8341,8282
10723.0,8341,8282
10728.0,8341,8284
10734.0,8341,8284
10739.0,8341,8283
10744.0,8340,8282
10749.0,8340,8281
10754.0,8341,8283
10759.0,8341,8282
10764.0,8341,8283
10769.0,8340,8282
10774.0,8341,8284
10779.0,8341,8285
10784.0,8341,8283
10789.0,8341,8284
10794.0,8340,8282
10799.0,8341,8282
10804.0,8340,8281
10809.0,8341,8282
10814.0,8341,8284
10819.0,8340,8285
10825.0,8341,8284
10830.0,8340,8283
10835.0,8341,8283
10840.0,8341,8282
10845.0,8341,8283
10850.0,8342,8283
10855.0,8341,8284
10860.0,8340,8282
10865.0,8341,8282
10870.0,8341,8281
10875.0,8341,8281
10880.0,8340,8282
10885.0,8341,8282
10890.0,8341,8282
10895.0,8341,8281
10900.0,8341,8283
10905.0,8342,8282
10910.0,8341,8283
10916.0,8341,8284
10921.0,8341,8281
10926.0,8341,8282
10931.0,8341,8284
10936.0,8341,8283
10941.0,8342,8283
10946.0,8342,8282
10951.0,8342,8284
10956.0,8341,8283
10961.0,8342,8282
10966.0,8341,8282
10971.0,8341,8281
10976.0,8341,8283
10981.0,8341,8285
10986.0,8341,8283
10991.0,8341,8282
10996.0,8342,8283
11002.0,8342,8282
11007.0,8342,8283
11012.0,8342,8283
11017.0,8342,8283
11022.0,8341,8283
11027.0,8341,8284
11032.0,8341,8284
11037.0,8341,8285
11042.0,8341,8287
11047.0,8341,8285
11052.0,8342,8285
11057.0,8341,8287
11062.0,8342,8284
11067.0,8342,8287
11072.0,8341,8287
11077.0,8341,8285
11082.0,8341,8286
11087.0,8342,8287
11093.0,8341,8287
11098.0,8341,8288
11103.0,8341,8287
11108.0,8342,8287
11113.0,8342,8287
11118.0,8341,8286
11123.0,8341,8288
11128.0,8342,8289
11133.0,8341,8289
11138.0,8341,8290
11143.0,8341,8288
11148.0,8341,8288
11153.0,8341,8287
11158.0,8341,8287
11163.0,8341,8286
11168.0,8340,8288
11173.0,8342,8287
11178.0,8341,8288
11184.0,8341,8287
11189.0,8341,8287
11194.0,8341,8288
11199.0,8342,8288
11204.0,8341,8287
11209.0,8342,8287
11214.0,8341,8288
11219.0,8341,8287
11224.0,8341,8288
11229.0,8341,8287
11234.0,8342,8287
11239.0,8340,8287
11244.0,8340,8287
11249.0,8341,8286
11254.0,8341,8290
11259.0,8340,8288
11264.0,8341,8289
11270.0,8341,8288
11275.0,8341,8289
11280.0,8341,8289
11285.0,8341,8291
11290.0,8340,8287
11295.0,8341,8288
11300.0,8341,8287
11305.0,8341,8289
11310.0,8341,8288
11315.0,8340,8288
11320.0,8342,8288
11325.0,8341,8287
11330.0,8341,8287
11335.0,8341,8287
11340.0,8342,8289
11345.0,8341,8289
11350.0,8341,8288
11355.0,8341,8287
11361.0,8341,8289
11366.0,8342,8289
11371.0,8341,8287
11376.0,8341,8286
11381.0,8341,8290
11386.0,8341,8288
11391.0,8340,8286
11396.0,8341,8288
11401.0,8341,8287
11406.0,8341,8288
11411.0,8341,8287
11416.0,8342,8286
11421.0,8341,8288
11426.0,8342,8287
11431.0,8341,8287
11436.0,8341,8289
11441.0,8342,8287
11447.0,8341,8288
11452.0,8342,8288
11457.0,8341,8290
11462.0,8340,8288
11467.0,8341,8287
11472.0,8341,8288
11477.0,8341,8290
11482.0,8342,8287
11487.0,8341,8289
11492.0,8341,8288
11497.0,8342,8287
11502.0,8342,8289
11507.0,8342,8287
11512.0,8342,8286
11517.0,8341,8285
11522.0,8342,8288
11527.0,8342,8289
11532.0,8341,8288
11538.0,8342,8289
11543.0,8342,8290
11548.0,8342,8286
11553.0,8342,8288
11558.0,8341,8287
11563.0,8341,8288
11568.0,8341,8288
11573.0,8341,8289
11578.0,8341,8286
11583.0,8341,8287
11588.0,8342,8287
11593.0,8342,8288
11598.0,8342,8287
11603.0,8342,8289
11608.0,8341,8290
11613.0,8342,8290
11618.0,8342,8289
11623.0,8342,8289
11629.0,8342,8287
11634.0,8342,8287
11639.0,8342,8287
11644.0,8341,8287
11649.0,8341,8288
11654.0,8341,8288
11659.0,8342,8288
11664.0,8342,8289
11669.0,8341,8290
11674.0,8341,8289
11679.0,8341,8289
11684.0,8341,8288
11689.0,8342,8287
11694.0,8342,8289
11699.0,8342,8288
11704.0,8342,8287
11709.0,8342,8287
11715.0,8342,8288
11720.0,8342,8288
11725.0,8342,8287
11730.0,8342,8287
11735.0,8342,8289
11740.0,8342,8287
11745.0,8342,8287
11750.0,8343,8288
11755.0,8342,8287
11760.0,8341,8288
11765.0,8342,8288
11770.0,8341,8287
11775.0,8342,8287
11780.0,8342,8290
11785.0,8342,8288
11790.0,8342,8287
11795.0,8342,8286
11801.0,8342,8289
11806.0,8343,8287
11811.0,8342,8288
11816.0,8343,8288
11821.0,8341,8285
11826.0,8344,8286
11831.0,8342,8288
11836.0,8342,8287
11841.0,8342,8287
11846.0,8342,8289
11851.0,8342,8287
11856.0,8342,8289
11861.0,8342,8289
11866.0,8341,8288
11871.0,8341,8285
11876.0,8342,8288
11881.0,8342,8289
11887.0,8341,8289
11892.0,8342,8289
11897.0,8341,8289
11902.0,8342,8289
11907.0,8342,8289
11912.0,8341,8289
11917.0,8342,8289
11922.0,8342,8289
11927.0,8342,8289
11932.0,8341,8290
11937.0,8342,8291
11942.0,8342,8288
11947.0,8342,8288
11952.0,8343,8290
11957.0,8342,8287
11962.0,8342,8288
11967.0,8342,8290
11972.0,8342,8289
11978.0,8342,8288
11983.0,8342,8290
11988.0,8343,8290
11993.0,8342,8287
11998.0,8342,8290
12003.0,8343,8287
12008.0,8342,8287
12013.0,8342,8288
12018.0,8343,8288
12023.0,8342,8287
12028.0,8342,8287
12033.0,8342,8287
12038.0,8343,8288
12043.0,8342,8286
12048.0,8342,8286
12053.0,8343,8288
12058.0,8343,8290
12063.0,8342,8289
12069.0,8342,8285
12074.0,8343,8288
12079.0,8342,8289
12084.0,8342,8288
12089.0,8343,8286
12094.0,8342,8288
12099.0,8342,8287
12104.0,8342,8287
12109.0,8343,8289
12114.0,8342,8285
12119.0,8343,8287
12124.0,8342,8288
12129.0,8342,8287
12134.0,8342,8285
12139.0,8342,8286
12144.0,8342,8287
12149.0,8342,8287
12155.0,8342,8287
12160.0,8342,8285
12165.0,8343,8286
12170.0,8342,8286
12175.0,8343,8287
12180.0,8343,8287
12185.0,8342,8288
12190.0,8343,8288
12195.0,8343,8287
12200.0,8342,8287
12205.0,8343,8287
12210.0,8343,8288
12215.0,8342,8287
12220.0,8343,8288
12225.0,8343,8286
12230.0,8343,8288
12235.0,8342,8289
12240.0,8342,8288
12246.0,8343,8289
12251.0,8343,8289
12256.0,8343,8286
12261.0,8343,8289
12266.0,8343,8287
12271.0,8343,8287
12276.0,8343,8289
12281.0,8342,8289
12286.0,8342,8288
12291.0,8342,8290
12296.0,8342,8289
12301.0,8342,8289
12306.0,8342,8287
12311.0,8343,8289
12316.0,8342,8287
12321.0,8342,8289
12326.0,8342,8290
12332.0,8342,8287
12337.0,8343,8288
12342.0,8343,8288
12347.0,8342,8290
12352.0,8342,8289
12357.0,8343,8287
12362.0,8342,8287
12367.0,8343,8289
12372.0,8343,8289
12377.0,8343,8288
12382.0,8343,8287
12387.0,8342,8289
12392.0,8343,8287
12397.0,8343,8288
12402.0,8342,8286
12407.0,8343,8286
12412.0,8343,8287
12417.0,8343,8288
12423.0,8344,8287
12428.0,8343,8287
12433.0,8343,8287
12438.0,8343,8288
12443.0,8343,8285
12448.0,8342,8287
12453.0,8343,8286
12458.0,8343,8286
12463.0,8343,8286
12468.0,8343,8287
12473.0,8344,8287
12478.0,8343,8288
12483.0,8343,8288
12488.0,8343,8287
12493.0,8342,8288
12498.0,8343,8288
12503.0,8343,8288
12509.0,8343,8288
12514.0,8343,8288
12519.0,8343,8288
12524.0,8342,8288
12529.0,8343,8287
12534.0,8342,8290
12539.0,8343,8288
12544.0,8343,8287
12549.0,8344,8287
12554.0,8343,8287
12559.0,8343,8288
12564.0,8343,8288
12569.0,8343,8288
12574.0,8343,8287
12579.0,8343,8288
12584.0,8343,8289
12589.0,8343,8287
12594.0,8344,8288
12600.0,8342,8289
12605.0,8343,8287
12610.0,8342,8285
12615.0,8343,8288
12620.0,8344,8290
12625.0,8343,8287
12630.0,8344,8287
12635.0,8343,8289
12640.0,8343,8288
12645.0,8343,8286
12650.0,8343,8287
12655.0,8343,8287
12660.0,8343,8288
12665.0,8344,8287
12670.0,8343,8286
12675.0,8343,8287
12680.0,8343,8288
12685.0,8342,8287
12691.0,8343,8286
12696.0,8342,8287
12701.0,8342,8287
12706.0,8343,8287
12711.0,8343,8288
12716.0,8344,8291
12721.0,8343,8288
12726.0,8343,8289
12731.0,8343,8289
12736.0,8342,8287
12741.0,8344,8288
12746.0,8344,8289
12751.0,8343,8288
12756.0,8344,8288
12761.0,8342,8289
12766.0,8343,8286
12771.0,8344,8289
12777.0,8344,8288
12782.0,8344,8289
12787.0,8344,8287
12792.0,8342,8288
12797.0,8342,8288
12802.0,8344,8288
12807.0,8344,8289
12812.0,8344,8287
12817.0,8345,8287
12822.0,8344,8287
12827.0,8344,8289
12832.0,8344,8289
12837.0,8342,8288
12842.0,8344,8287
12847.0,8344,8287
12852.0,8343,8289
12857.0,8343,8288
12862.0,8344,8287
12868.0,8343,8286
12873.0,8344,8287
12878.0,8343,8287
12883.0,8343,8287
12888.0,8343,8286
12893.0,8344,8287
12898.0,8345,8288
12903.0,8344,8287
12908.0,8344,8288
12913.0,8344,8288
12918.0,8344,8287
12923.0,8343,8289
12928.0,8343,8287
12933.0,8344,8288
12938.0,8343,8287
12943.0,8344,8288
12948.0,8344,8286
12954.0,8344,8288
12959.0,8344,8289
12964.0,8344,8289
12969.0,8344,8287
12974.0,8343,8285
12979.0,8343,8287
12984.0,8343,8287
12989.0,8344,8288
12994.0,8343,8289
12999.0,8343,8287
13004.0,8343,8286
13009.0,8344,8289
13014.0,8343,8286
13019.0,8344,8288
13024.0,8343,8289
13029.0,8343,8290
13034.0,8342,8288
13040.0,8345,8288
13045.0,8344,8289
13050.0,8344,8286
13055.0,8344,8287
13060.0,8343,8287
13065.0,8344,8286
13070.0,8343,8287
13075.0,8343,8289
13080.0,8344,8289
13085.0,8344,8287
13090.0,8343,8287
13095.0,8343,8287
13100.0,8343,8288
13105.0,8344,8287
13110.0,8343,8287
13115.0,8343,8288
13120.0,8343,8286
13126.0,8342,8288
13131.0,8343,8288
13136.0,8344,8289
13141.0,8343,8287
13146.0,8343,8288
13151.0,8343,8287
13156.0,8344,8288
13161.0,8343,8288
13166.0,8343,8287
13171.0,8343,8290
13176.0,8343,8289
13181.0,8343,8287
13186.0,8344,8286
13191.0,8343,8288
13196.0,8343,8289
13201.0,8344,8288
13206.0,8343,8287
13211.0,8344,8290
13217.0,8344,8287
13222.0,8343,8286
13227.0,8344,8286
13232.0,8344,8288
13237.0,8344,8286
13242.0,8344,8288
13247.0,8343,8288
13252.0,8343,8288
13257.0,8344,8287
13262.0,8343,8288
13267.0,8344,8288
13272.0,8344,8288
13277.0,8343,8290
13282.0,8344,8289
13287.0,8344,8288
13292.0,8344,8286
13297.0,8344,8289
13302.0,8343,8289
13308.0,8344,8288
13313.0,8344,8288
13318.0,8344,8289
13323.0,8344,8288
13328.0,8344,8289
13333.0,8344,8291
13338.0,8344,8290
13343.0,8344,8287
13348.0,8344,8288
13353.0,8344,8289
13358.0,8343,8288
13363.0,8344,8287
13368.0,8344,8287
13373.0,8344,8288
13378.0,8344,8287
13383.0,8344,8288
13388.0,8344,8289
13394.0,8344,8289
13399.0,8343,8288
13404.0,8344,8289
13409.0,8344,8288
13414.0,8344,8287
13419.0,8345,8286
13424.0,8344,8288
13429.0,8344,8288
13434.0,8343,8288
13439.0,8344,8289
13444.0,8344,8287
13449.0,8344,8287
13454.0,8343,8288
13459.0,8344,8288
13464.0,8344,8290
13469.0,8344,8288
13474.0,8344,8289
13479.0,8344,8287
13485.0,8343,8287
13490.0,8344,8287
13495.0,8343,8288
13500.0,8344,8288
13505.0,8344,8288
13510.0,8343,8288
13515.0,8344,8287
13520.0,8344,8286
13525.0,8344,8288
13530.0,8343,8286
13535.0,8344,8288
13540.0,8343,8287
13545.0,8344,8289
13550.0,8344,8290
13555.0,8344,8289
13560.0,8343,8288
13565.0,8344,8286
13571.0,8343,8286
13576.0,8344,8288
13581.0,8344,8287
13586.0,8344,8289
13591.0,8343,8289
13596.0,8343,8289
13601.0,8344,8287
13606.0,8343,8289
13611.0,8344,8290
13616.0,8343,8288
13621.0,8344,8287
13626.0,8344,8289
13631.0,8345,8287
13636.0,8343,8289
13641.0,8343,8289
13646.0,8344,8290
13651.0,8343,8291
13656.0,8344,8289
13662.0,8344,8287
13667.0,8344,8289
13672.0,8343,8288
13677.0,8343,8285
13682.0,8344,8285
13687.0,8344,8287
13692.0,8344,8286
13697.0,8344,8287
13702.0,8345,8288
13707.0,8345,8286
13712.0,8345,8288
13717.0,8344,8285
13722.0,8344,8287
13727.0,8344,8287
13732.0,8344,8287
13737.0,8344,8288
13742.0,8344,8285
13748.0,8345,8286
13753.0,8345,8285
13758.0,8345,8287
13763.0,8345,8289
13768.0,8345,8291
13773.0,8344,8287
13778.0,8343,8289
13783.0,8344,8289
13788.0,8345,8289
13793.0,8345,8288
13798.0,8345,8289
13803.0,8344,8287
13808.0,8345,8287
13813.0,8344,8288
13818.0,8344,8286
13823.0,8344,8287
13828.0,8344,8288
13833.0,8345,8285
13839.0,8345,8288
13844.0,8344,8288
13849.0,8345,8285
13854.0,8345,8287
13859.0,8345,8289
13864.0,8344,8286
13869.0,8344,8288
13874.0,8345,8287
13879.0,8344,8287
13884.0,8345,8287
13889.0,8345,8288
13894.0,8346,8288
13899.0,8345,8288
13904.0,8345,8289
13909.0,8345,8287
13914.0,8344,8290
13919.0,8345,8288
13925.0,8346,8288
13930.0,8345,8287
13935.0,8345,8287
13940.0,8345,8288
13945.0,8345,8287
13950.0,8345,8288
13955.0,8345,8288
13960.0,8344,8288
13965.0,8345,8287
13970.0,8344,8287
13975.0,8343,8288
13980.0,8345,8286
13985.0,8345,8286
13990.0,8345,8288
13995.0,8345,8286
14000.0,8344,8289
14005.0,8344,8288
14010.0,8344,8288
14016.0,8345,8288
14021.0,8345,8287
14026.0,8345,8287
14031.0,8345,8286
14036.0,8345,8287
14041.0,8344,8288
14046.0,8345,8286
14051.0,8345,8288
14056.0,8345,8286
14061.0,8346,8288
14066.0,8344,8287
14071.0,8344,8286
14076.0,8344,8286
14081.0,8345,8288
14086.0,8344,8287
14091.0,8345,8286
14096.0,8345,8286
14102.0,8344,8287
14107.0,8345,8287
14112.0,8345,8285
14117.0,8345,8287
14122.0,8346,8289
14127.0,8345,8287
14132.0,8345,8287
14137.0,8345,8288
14142.0,8345,8288
14147.0,8345,8289
14152.0,8345,8287
14157.0,8345,8287
14162.0,8345,8289
14167.0,8345,8290
14172.0,8346,8289
14177.0,8345,8288
14182.0,8344,8287
14187.0,8345,8288
14193.0,8346,8285
14198.0,8345,8287
14203.0,8345,8286
14208.0,8345,8287
14213.0,8345,8288
14218.0,8345,8286
14223.0,8346,8288
14228.0,8345,8288
14233.0,8344,8288
14238.0,8345,8287
14243.0,8344,8286
14248.0,8345,8287
14253.0,8345,8286
14258.0,8345,8286
14263.0,8344,8288
14268.0,8345,8288
14273.0,8346,8289
14279.0,8345,8286
14284.0,8345,8288
14289.0,8346,8287
14294.0,8345,8288
14299.0,8345,8286
14304.0,8345,8288
14309.0,8345,8286
14314.0,8345,8286
14319.0,8345,8288
14324.0,8346,8287
14329.0,8345,8288
14334.0,8345,8287
14339.0,8345,8289
14344.0,8345,8288
14349.0,8346,8288
14354.0,8345,8288
14359.0,8345,8290
14365.0,8345,8287
14370.0,8347,8287
14375.0,8345,8288
14380.0,8345,8288
14385.0,8345,8287
14390.0,8346,8286
14395.0,8345,8287
14400.0,8347,8287
14405.0,8345,8287
14410.0,8346,8288
14415.0,8346,8286
14420.0,8346,8288
14425.0,8345,8286
14430.0,8346,8286
14435.0,8346,8287
14440.0,8346,8288
14445.0,8345,8288
14450.0,8346,8287
14456.0,8344,8286
14461.0,8346,8287
14466.0,8346,8288
14471.0,8345,8289
14476.0,8344,8289
14481.0,8345,8287
14486.0,8345,8287
14491.0,8346,8288
14496.0,8345,8289
14501.0,8345,8289
14506.0,8345,8287
14511.0,8345,8287
14516.0,8345,8289
14521.0,8345,8286
14526.0,8345,8289
14531.0,8346,8290
14536.0,8345,8288
14542.0,8344,8290
14547.0,8345,8291
14552.0,8346,8288
14557.0,8345,8288
14562.0,8346,8288
14567.0,8345,8287
14572.0,8345,8287
14577.0,8345,8286
14582.0,8345,8288
14587.0,8345,8289
14592.0,8345,8289
14597.0,8346,8289
14602.0,8346,8291
14607.0,8346,8289
14612.0,8345,8288
14617.0,8345,8289
14622.0,8345,8287
14627.0,8345,8287
14633.0,8346,8289
14638.0,8345,8285
14643.0,8345,8288
14648.0,8346,8287
14653.0,8345,8287
14658.0,8345,8288
14663.0,8345,8287
14668.0,8345,8286
14673.0,8346,8287
14678.0,8345,8288
14683.0,8345,8288
14688.0,8345,8289
14693.0,8344,8288
14698.0,8346,8287
14703.0,8345,8287
14708.0,8346,8288
14713.0,8345,8288
14719.0,8345,8288
14724.0,8345,8288
14729.0,8346,8286
14734.0,8345,8286
14739.0,8346,8287
14744.0,8345,8287
14749.0,8346,8287
14754.0,8345,8288
14759.0,8346,8287
14764.0,8345,8288
14769.0,8345,8287
14774.0,8346,8288
14779.0,8346,8286
14784.0,8345,8288
14789.0,8345,8287
14794.0,8345,8288
14799.0,8346,8289
14804.0,8345,8288
14810.0,8345,8289
14815.0,8346,8287
14820.0,8346,8289
14825.0,8344,8286
14830.0,8345,8287
14835.0,8346,8288
14840.0,8346,8288
14845.0,8346,8289
14850.0,8346,8289
14855.0,8346,8289
14860.0,8346,8289
14865.0,8346,8289
14870.0,8345,8287
14875.0,8346,8287
14880.0,8346,8288
14885.0,8346,8285
14890.0,8346,8287
14896.0,8345,8285
14901.0,8346,8286
14906.0,8345,8285
14911.0,8346,8287
14916.0,8345,8287
14921.0,8345,8289
14926.0,8346,8289
14931.0,8346,8288
14936.0,8346,8289
14941.0,8345,8287
14946.0,8346,8287
14951.0,8346,8286
14956.0,8346,8289
14961.0,8345,8287
14966.0,8346,8287
14971.0,8347,8286
14976.0,8346,8288
14981.0,8346,8289
14987.0,8346,8288
14992.0,8345,8287
14997.0,8345,8288
15002.0,8345,8287
15007.0,8346,8287
15012.0,8345,8287
15017.0,8346,8285
15022.0,8345,8287
15027.0,8345,8288
15032.0,8345,8289
15037.0,8345,8288
15042.0,8346,8289
15047.0,8346,8288
15052.0,8345,8287
15057.0,8346,8290
15062.0,8347,8287
15067.0,8345,8286
15073.0,8345,8288
15078.0,8347,8286
15083.0,8346,8289
15088.0,8346,8289
15093.0,8346,8286
15098.0,8345,8287
15103.0,8345,8286
15108.0,8346,8286
15113.0,8345,8289
15118.0,8345,8288
15123.0,8346,8288
15128.0,8346,8290
15133.0,8346,8288
15138.0,8345,8287
15143.0,8345,8288
15148.0,8345,8288
15153.0,8346,8288
15158.0,8346,8289
15164.0,8345,8286
15169.0,8346,8290
15174.0,8346,8288
15179.0,8345,8288
15184.0,8346,8291
15189.0,8345,8291
15194.0,8346,8288
15199.0,8345,8287
15204.0,8346,8288
15209.0,8346,8288
15214.0,8346,8289
15219.0,8346,8289
15224.0,8346,8287
15229.0,8346,8289
15234.0,8346,8287
15239.0,8346,8288
15244.0,8346,8288
15250.0,8346,8288
15255.0,8346,8287
15260.0,8346,8285
15265.0,8346,8288
15270.0,8346,8288
15275.0,8347,8287
15280.0,8346,8288
15285.0,8347,8287
15290.0,8346,8289
15295.0,8347,8287
15300.0,8347,8288
15305.0,8346,8285
15310.0,8346,8286
15315.0,8346,8287
15320.0,8346,8288
15325.0,8346,8286
15330.0,8345,8286
15335.0,8346,8288
15341.0,8346,8289
15346.0,8345,8288
15351.0,8346,8288
15356.0,8346,8289
15361.0,8346,8288
15366.0,8346,8290
15371.0,8346,8287
15376.0,8346,8287
15381.0,8346,8289
15386.0,8345,8284
15391.0,8346,8288
15396.0,8345,8287
15401.0,8346,8287
15406.0,8346,8287
15411.0,8346,8288
15416.0,8346,8287
15421.0,8345,8289
15427.0,8346,8287
15432.0,8345,8289
15437.0,8345,8288
15442.0,8346,8289
15447.0,8346,8289
15452.0,8346,8291
15457.0,8346,8290
15462.0,8345,8289
15467.0,8346,8287
15472.0,8346,8286
15477.0,8345,8286
15482.0,8346,8288
15487.0,8345,8287
15492.0,8346,8287
15497.0,8346,8287
15502.0,8346,8288
15507.0,8346,8286
15513.0,8346,8287
15518.0,8346,8286
15523.0,8347,8289
15528.0,8346,8290
15533.0,8347,8288
15538.0,8346,8289
15543.0,8346,8286
15548.0,8346,8288
15553.0,8347,8287
15558.0,8347,8288
15563.0,8347,8288
15568.0,8347,8288
15573.0,8346,8288
15578.0,8346,8289
15583.0,8346,8288
15588.0,8346,8288
15593.0,8346,8288
15598.0,8347,8289
15604.0,8346,8289
15609.0,8347,8288
15614.0,8347,8287
15619.0,8346,8287
15624.0,8345,8288
15629.0,8345,8286
15634.0,8347,8287
15639.0,8346,8286
15644.0,8346,8288
15649.0,8346,8288
15654.0,8347,8288
15659.0,8347,8285
15664.0,8346,8288
15669.0,8346,8287
15674.0,8345,8287
15679.0,8346,8286
15684.0,8346,8286
15690.0,8347,8289
15695.0,8346,8286
15700.0,8346,8285
15705.0,8346,8288
15710.0,8346,8287
15715.0,8347,8286
15720.0,8346,8289
15725.0,8347,8289
15730.0,8347,8289
15735.0,8348,8289
15740.0,8346,8290
15745.0,8346,8287
15750.0,8346,8288
15755.0,8347,8289
15760.0,8347,8289
15765.0,8347,8288
15770.0,8346,8288
15775.0,8346,8288
15781.0,8346,8288
15786.0,8347,8289
15791.0,8347,8288
15796.0,8346,8288
15801.0,8346,8288
15806.0,8346,8288
15811.0,8348,8288
15816.0,8347,8288
15821.0,8347,8288
15826.0,8346,8288
15831.0,8346,8287
15836.0,8347,8288
15841.0,8346,8286
15846.0,8347,8287
15851.0,8346,8286
15856.0,8346,8289
15861.0,8347,8288
15867.0,8346,8287
15872.0,8347,8289
15877.0,8347,8288
15882.0,8347,8287
15887.0,8346,8288
15892.0,8347,8286
15897.0,8346,8288
15902.0,8346,8286
15907.0,8346,8285
15912.0,8346,8288
15917.0,8347,8288
15922.0,8347,8288
15927.0,8346,8288
15932.0,8347,8288
15937.0,8347,8287
15942.0,8346,8288
15947.0,8346,8289
15952.0,8346,8289
15958.0,8347,8288
15963.0,8346,8287
15968.0,8346,8288
15973.0,8347,8287
15978.0,8347,8288
15983.0,8347,8287
15988.0,8347,8286
15993.0,8348,8287
15998.0,8347,8286
16003.0,8346,8290
16008.0,8348,8288
16013.0,8347,8289
16018.0,8347,8287
16023.0,8347,8290
16028.0,8347,8286
16033.0,8348,8289
16038.0,8347,8289
16044.0,8347,8290
16049.0,8347,8287
16054.0,8347,8288
16059.0,8347,8289
16064.0,8348,8288
16069.0,8347,8290
16074.0,8347,8289
16079.0,8347,8287
16084.0,8346,8286
16089.0,8346,8288
16094.0,8347,8287
16099.0,8347,8287
16104.0,8347,8288
16109.0,8347,8288
16114.0,8347,8287
16119.0,8347,8286
16124.0,8346,8288
16129.0,8347,8287
16135.0,8347,8286
16140.0,8346,8287
16145.0,8346,8286
16150.0,8347,8285
16155.0,8347,8287
16160.0,8346,8288
16165.0,8347,8289
16170.0,8346,8286
16175.0,8347,8288
16180.0,8347,8288
16185.0,8347,8288
16190.0,8346,8288
16195.0,8347,8288
16200.0,8347,8288
16205.0,8347,8288
16210.0,8346,8288
16215.0,8347,8288
16221.0,8346,8289
16226.0,8347,8289
16231.0,8347,8289
16236.0,8347,8288
16241.0,8347,8288
16246.0,8347,8288
16251.0,8347,8289
16256.0,8347,8289
16261.0,8347,8289
16266.0,8347,8288
16271.0,8347,8287
16276.0,8347,8286
16281.0,8347,8286
16286.0,8348,8288
16291.0,8347,8286
16296.0,8347,8287
16301.0,8347,8287
16306.0,8348,8287
16312.0,8347,8288
16317.0,8346,8288
16322.0,8347,8286
16327.0,8347,8286
16332.0,8347,8287
16337.0,8347,8287
16342.0,8347,8287
16347.0,8348,8288
16352.0,8347,8288
16357.0,8348,8287
16362.0,8348,8289
16367.0,8346,8289
16372.0,8348,8289
16377.0,8347,8287
16382.0,8346,8287
16387.0,8346,8287
16392.0,8347,8287
16398.0,8348,8287
16403.0,8346,8287
16408.0,8347,8288
16413.0,8347,8286
16418.0,8347,8288
16423.0,8347,8289
16428.0,8347,8286
16433.0,8347,8286
16438.0,8346,8287
16443.0,8347,8287
16448.0,8348,8288
16453.0,8347,8287
16458.0,8347,8286
16463.0,8348,8287
16468.0,8347,8287
16473.0,8347,8285
16478.0,8347,8287
16483.0,8348,8287
16489.0,8348,8286
16494.0,8348,8288
16499.0,8349,8286
16504.0,8349,8286
16509.0,8349,8286
16514.0,8348,8287
16519.0,8349,8285
16524.0,8350,8284
16529.0,8349,8284
16534.0,8349,8283
16539.0,8350,8283
16544.0,8350,8282
16549.0,8349,8281
16554.0,8350,8280
16559.0,8351,8281
16564.0,8348,8281
16569.0,8350,8281
16575.0,8349,8278
16580.0,8348,8281
16585.0,8349,8281
16590.0,8349,8279
16595.0,8349,8280
16600.0,8350,8278
16605.0,8349,8279
16610.0,8349,8279
16615.0,8350,8279
16620.0,8349,8279
16625.0,8348,8279
16630.0,8349,8279
16635.0,8350,8278
16640.0,8349,8278
16645.0,8349,8278
16650.0,8350,8277
16655.0,8349,8277
16661.0,8350,8276
16666.0,8349,8278
16671.0,8349,8277
16676.0,8349,8277
16681.0,8348,8277
16686.0,8348,8279
16691.0,8349,8277
16696.0,8349,8277
16701.0,8349,8279
16706.0,8348,8278
16711.0,8348,8278
16716.0,8348,8278
16721.0,8347,8279
16726.0,8348,8278
16731.0,8348,8277
16736.0,8348,8279
16741.0,8348,8277
16747.0,8349,8276
16752.0,8348,8279
16757.0,8348,8277
16762.0,8349,8279
16767.0,8348,8277
16772.0,8349,8276
16777.0,8349,8276
16782.0,8348,8276
16787.0,8348,8277
16792.0,8348,8278
16797.0,8348,8278
16802.0,8348,8279
16807.0,8348,8278
16812.0,8347,8280
16817.0,8348,8279
16822.0,8348,8278
16827.0,8348,8276
16832.0,8348,8276
16838.0,8348,8277
16843.0,8348,8278
16848.0,8348,8276
16853.0,8347,8275
16858.0,8347,8274
16863.0,8348,8278
16868.0,8348,8278
16873.0,8347,8276
16878.0,8347,8278
16883.0,8349,8277
16888.0,8348,8278
16893.0,8348,8276
16898.0,8347,8276
16903.0,8347,8277
16908.0,8348,8277
16913.0,8347,8276
16918.0,8347,8278
16924.0,8348,8276
16929.0,8347,8278
16934.0,8348,8277
16939.0,8348,8277
16944.0,8349,8277
16949.0,8348,8279
16954.0,8347,8277
16959.0,8348,8276
16964.0,8347,8274
16969.0,8348,8276
16974.0,8348,8275
16979.0,8348,8276
16984.0,8347,8277
16989.0,8347,8278
16994.0,8347,8277
16999.0,8347,8277
17004.0,8347,8276
17009.0,8347,8277
17015.0,8348,8276
17020.0,8348,8276
17025.0,8348,8279
17030.0,8348,8278
17035.0,8348,8277
17040.0,8348,8277
17045.0,8348,8276
17050.0,8349,8279
17055.0,8347,8278
17060.0,8347,8279
17065.0,8348,8279
17070.0,8347,8279
17075.0,8348,8278
17080.0,8348,8278
17085.0,8348,8278
17090.0,8348,8276
17095.0,8347,8278
17101.0,8348,8276
17106.0,8348,8278
17111.0,8348,8276
17116.0,8347,8277
17121.0,8348,8278
17126.0,8348,8278
17131.0,8348,8275
17136.0,8347,8277
17141.0,8348,8278
17146.0,8348,8277
17151.0,8347,8277
17156.0,8347,8277
17161.0,8348,8277
17166.0,8348,8277
17171.0,8348,8277
17176.0,8349,8277
17181.0,8349,8278
17186.0,8348,8279
17192.0,8348,8278
17197.0,8348,8277
17202.0,8348,8276
17207.0,8348,8278
17212.0,8348,8278
17217.0,8348,8276
17222.0,8349,8279
17227.0,8348,8277
17232.0,8348,8276
17237.0,8348,8278
17242.0,8348,8277
17247.0,8349,8275
17252.0,8348,8276
17257.0,8348,8278
17262.0,8347,8278
17267.0,8347,8276
17272.0,8347,8276
17278.0,8348,8277
17283.0,8348,8278
17288.0,8348,8278
17293.0,8348,8277
17298.0,8347,8278
17303.0,8347,8278
17308.0,8347,8276
17313.0,8349,8277
17318.0,8348,8277
17323.0,8347,8277
17328.0,8348,8277
17333.0,8348,8277
17338.0,8348,8277
17343.0,8348,8279
17348.0,8348,8279
17353.0,8347,8276
17358.0,8348,8278
17364.0,8347,8279
17369.0,8347,8278
17374.0,8347,8278
17379.0,8348,8275
17384.0,8347,8277
17389.0,8347,8277
17394.0,8349,8277
17399.0,8348,8277
17404.0,8347,8277
17409.0,8348,8277
17414.0,8348,8276
17419.0,8347,8278
17424.0,8348,8279
17429.0,8348,8277
17434.0,8348,8276
17439.0,8348,8278
17444.0,8347,8277
17449.0,8347,8276
17455.0,8348,8279
17460.0,8347,8279
17465.0,8348,8277
17470.0,8348,8276
17475.0,8348,8278
17480.0,8348,8278
17485.0,8348,8276
17490.0,8347,8277
17495.0,8348,8277
17500.0,8348,8278
17505.0,8348,8277
17510.0,8348,8277
17515.0,8348,8277
17520.0,8348,8278
17525.0,8347,8277
17530.0,8348,8277
17535.0,8349,8279
17541.0,8348,8276
17546.0,8348,8277
17551.0,8348,8277
17556.0,8348,8277
17561.0,8349,8278
17566.0,8348,8278
17571.0,8348,8279
17576.0,8348,8277
17581.0,8348,8276
17586.0,8348,8276
17591.0,8348,8278
17596.0,8347,8277
17601.0,8347,8278
17606.0,8347,8275
17611.0,8349,8275
17616.0,8348,8277
17621.0,8347,8275
17626.0,8347,8276
17632.0,8347,8277
17637.0,8348,8278
17642.0,8348,8276
17647.0,8348,8279
17652.0,8348,8278
17657.0,8348,8275
17662.0,8348,8277
17667.0,8348,8277
17672.0,8349,8277
17677.0,8348,8279
17682.0,8348,8279
17687.0,8348,8279
17692.0,8348,8279
17697.0,8348,8276
17702.0,8348,8275
17707.0,8348,8278
17712.0,8348,8277
17718.0,8348,8278
17723.0,8348,8278
17728.0,8348,8277
17733.0,8348,8277
17738.0,8348,8279
17743.0,8348,8278
17748.0,8348,8278
17753.0,8348,8277
17758.0,8348,8277
17763.0,8349,8278
17768.0,8349,8277
17773.0,8347,8278
17778.0,8348,8277
17783.0,8348,8279
17788.0,8348,8277
17793.0,8347,8276
17798.0,8348,8276
17804.0,8348,8277
17809.0,8348,8278
17814.0,8349,8278
17819.0,8348,8279
17824.0,8347,8277
17829.0,8348,8277
17834.0,8348,8277
17839.0,8348,8277
17844.0,8348,8278
17849.0,8348,8277
17854.0,8348,8278
17859.0,8348,8278
17864.0,8349,8275
17869.0,8349,8277
17874.0,8349,8277
17880.0,8349,8276
17885.0,8348,8277
17890.0,8348,8276
17895.0,8349,8279
17900.0,8348,8278
17905.0,8347,8276
17910.0,8349,8278
17915.0,8348,8278
17920.0,8348,8276
17925.0,8348,8277
17930.0,8348,8277
17935.0,8349,8278
17940.0,8349,8279
17945.0,8349,8278
17950.0,8349,8277
17955.0,8349,8277
17960.0,8348,8278
17965.0,8348,8278
17971.0,8348,8277
17976.0,8348,8279
17981.0,8349,8277
17986.0,8348,8275
17991.0,8348,8278
17996.0,8348,8277
18001.0,8349,8277
18006.0,8348,8277
18011.0,8348,8277
18016.0,8348,8277
18021.0,8348,8277
18026.0,8348,8277
18031.0,8348,8278
18036.0,8347,8279
18041.0,8347,8276
18046.0,8348,8276
18051.0,8347,8278
18057.0,8348,8276
18062.0,8348,8279
18067.0,8348,8277
18072.0,8348,8278
18077.0,8347,8276
18082.0,8348,8277
18087.0,8347,8276
18092.0,8348,8276
18097.0,8348,8276
18102.0,8349,8275
18107.0,8348,8277
18112.0,8348,8277
18117.0,8347,8277
18122.0,8348,8277
18127.0,8348,8277
18132.0,8348,8278
18137.0,8349,8278
18143.0,8348,8278
18148.0,8347,8276
18153.0,8348,8279
18158.0,8348,8277
18163.0,8348,8276
18168.0,8348,8278
18173.0,8348,8279
18178.0,8348,8277
18183.0,8348,8276
18188.0,8348,8276
18193.0,8347,8278
18198.0,8349,8277
18203.0,8349,8278
18208.0,8348,8277
18213.0,8347,8275
18218.0,8348,8277
18223.0,8348,8277
18228.0,8347,8278
18234.0,8348,8277
18239.0,8348,8277
18244.0,8348,8275
18249.0,8349,8276
18254.0,8347,8277
18259.0,8347,8277
18264.0,8348,8277
18269.0,8348,8277
18274.0,8347,8275
18279.0,8349,8276
18284.0,8348,8277
18289.0,8348,8278
18294.0,8348,8279
18299.0,8348,8278
18304.0,8348,8276
18309.0,8347,8277
18314.0,8348,8277
18320.0,8348,8278
18325.0,8347,8278
18330.0,8347,8277
18335.0,8349,8277
18340.0,8348,8278
18345.0,8348,8277
18350.0,8348,8278
18355.0,8347,8277
18360.0,8349,8278
18365.0,8347,8277
18370.0,8348,8279
18375.0,8348,8277
18380.0,8348,8277
18385.0,8347,8276
18390.0,8349,8279
18395.0,8347,8276
18400.0,8348,8278
18406.0,8348,8277
18411.0,8349,8278
18416.0,8348,8277
18421.0,8348,8276
18426.0,8348,8277
18431.0,8348,8278
18436.0,8347,8278
18441.0,8347,8277
18446.0,8348,8277
18451.0,8348,8276
18456.0,8348,8276
18461.0,8348,8277
18466.0,8349,8277
18471.0,8348,8277
18476.0,8348,8277
18481.0,8348,8278
18486.0,8348,8278
18492.0,8348,8278
18497.0,8348,8278
18502.0,8348,8278
18507.0,8348,8277
18512.0,8348,8276
18517.0,8348,8277
18522.0,8348,8276
18527.0,8348,8276
18532.0,8348,8278
18537.0,8348,8277
18542.0,8348,8278
18547.0,8348,8277
18552.0,8348,8277
18557.0,8348,8278
18562.0,8348,8276
18567.0,8348,8277
18572.0,8348,8276
18578.0,8347,8277
18583.0,8348,8279
18588.0,8348,8278
18593.0,8348,8278
18598.0,8348,8278
18603.0,8348,8278
18608.0,8348,8277
18613.0,8348,8278
18618.0,8348,8278
18623.0,8347,8277
18628.0,8348,8275
18633.0,8349,8275
18638.0,8347,8276
18643.0,8348,8277
18648.0,8348,8277
18653.0,8348,8278
18658.0,8349,8277
18664.0,8348,8278
18669.0,8347,8278
18674.0,8348,8278
18679.0,8348,8277
18684.0,8349,8277
18689.0,8348,8279
18694.0,8348,8278
18699.0,8347,8276
18704.0,8348,8278
18709.0,8348,8276
18714.0,8348,8276
18719.0,8348,8277
18724.0,8349,8278
18729.0,8348,8278
18734.0,8347,8277
18739.0,8348,8278
18744.0,8348,8276
18749.0,8348,8276
18755.0,8347,8278
18760.0,8348,8278
18765.0,8348,8278
18770.0,8348,8277
18775.0,8348,8277
18780.0,8348,8276
18785.0,8348,8276
18790.0,8348,8278
18795.0,8348,8276
18800.0,8349,8276
18805.0,8347,8277
18810.0,8348,8278
18815.0,8349,8278
18820.0,8347,8279
18825.0,8348,8276
18830.0,8348,8277
18835.0,8348,8278
18841.0,8348,8277
18846.0,8348,8278
18851.0,8347,8278
18856.0,8348,8276
18861.0,8348,8277
18866.0,8348,8277
18871.0,8348,8279
18876.0,8348,8277
18881.0,8347,8278
18886.0,8348,8277
18891.0,8348,8278
18896.0,8348,8278
18901.0,8349,8278
18906.0,8348,8277
18911.0,8349,8279
18916.0,8348,8278
18921.0,8348,8276
18927.0,8348,8277
18932.0,8348,8276
18937.0,8348,8278
18942.0,8348,8280
18947.0,8348,8278
18952.0,8348,8278
18957.0,8348,8277
18962.0,8347,8277
18967.0,8348,8277
18972.0,8348,8276
18977.0,8348,8276
18982.0,8348,8278
18987.0,8347,8277
18992.0,8348,8278
18997.0,8347,8277
19002.0,8348,8277
19007.0,8349,8277
19013.0,8348,8278
19018.0,8348,8277
19023.0,8348,8278
19028.0,8348,8277
19033.0,8348,8278
19038.0,8349,8278
19043.0,8348,8277
19048.0,8349,8276
19053.0,8348,8277
19058.0,8348,8277
19063.0,8348,8276
19068.0,8348,8278
19073.0,8347,8278
19078.0,8348,8276
19083.0,8347,8278
19088.0,8347,8279
19094.0,8348,8278
19099.0,8348,8278
19104.0,8348,8278
19109.0,8348,8278
19114.0,8348,8277
19119.0,8349,8277
19124.0,8348,8275
19129.0,8348,8277
19134.0,8349,8280
19139.0,8348,8277
19144.0,8349,8276
19149.0,8348,8276
19154.0,8348,8277
19159.0,8348,8275
19164.0,8348,8279
19169.0,8348,8276
19174.0,8348,8277
19180.0,8348,8277
19185.0,8348,8277
19190.0,8348,8277
19195.0,8348,8278
19200.0,8349,8278
19205.0,8348,8276
19210.0,8347,8276
19215.0,8348,8277
19220.0,8348,8278
19225.0,8348,8278
19230.0,8348,8277
19235.0,8348,8277
19240.0,8347,8276
19245.0,8348,8277
19250.0,8348,8278
19255.0,8348,8276
19260.0,8348,8277
19266.0,8348,8277
19271.0,8348,8278
19276.0,8348,8276
19281.0,8348,8277
19286.0,8348,8276
19291.0,8347,8276
19296.0,8348,8277
19301.0,8348,8279
19306.0,8348,8278
19311.0,8348,8277
19316.0,8348,8276
19321.0,8348,8277
19326.0,8349,8276
19331.0,8349,8277
19336.0,8347,8276
19341.0,8348,8278
19346.0,8349,8279
19351.0,8348,8277
19357.0,8348,8278
19362.0,8347,8278
19367.0,8347,8276
19372.0,8348,8278
19377.0,8348,8277
19382.0,8348,8278
19387.0,8348,8276
19392.0,8348,8277
19397.0,8347,8277
19402.0,8348,8278
19407.0,8347,8276
19412.0,8347,8275
19417.0,8348,8276
19422.0,8348,8276
19427.0,8348,8277
19432.0,8348,8278
19437.0,8348,8278
19443.0,8348,8276
19448.0,8348,8276
19453.0,8347,8276
19458.0,8348,8276
19463.0,8347,8277
19468.0,8348,8279
19473.0,8348,8276
19478.0,8348,8277
19483.0,8347,8279
19488.0,8348,8277
19493.0,8348,8276
19498.0,8348,8274
19503.0,8347,8277
19508.0,8348,8276
19513.0,8348,8277
19518.0,8348,8278
19523.0,8347,8276
19529.0,8348,8276
19534.0,8347,8276
19539.0,8348,8277
19544.0,8347,8276
19549.0,8348,8277
19554.0,8348,8277
19559.0,8347,8277
19564.0,8348,8278
19569.0,8347,8279
19574.0,8348,8278
19579.0,8348,8278
19584.0,8348,8278
19589.0,8348,8277
19594.0,8348,8277
19599.0,8349,8278
19604.0,8347,8276
19609.0,8348,8278
19615.0,8347,8277
19620.0,8347,8277
19625.0,8348,8277
19630.0,8348,8279
19635.0,8347,8277
19640.0,8347,8276
19645.0,8348,8276
19650.0,8348,8276
19655.0,8347,8276
19660.0,8349,8277
19665.0,8347,8277
19670.0,8347,8278
19675.0,8348,8277
19680.0,8348,8278
19685.0,8348,8277
19690.0,8348,8277
19695.0,8348,8277
19701.0,8348,8277
19706.0,8347,8278
19711.0,8349,8276
19716.0,8348,8275
19721.0,8348,8277
19726.0,8348,8278
19731.0,8348,8277
19736.0,8348,8276
19741.0,8347,8276
19746.0,8347,8275
19751.0,8348,8275
19756.0,8348,8276
19761.0,8348,8277
19766.0,8348,8280
19771.0,8348,8276
19776.0,8348,8277
19782.0,8349,8279
19787.0,8348,8278
19792.0,8349,8277
19797.0,8349,8278
19802.0,8347,8276
19807.0,8348,8276
19812.0,8348,8276
19817.0,8348,8278
19822.0,8349,8276
19827.0,8348,8276
19832.0,8348,8277
19837.0,8347,8275
19842.0,8348,8276
19847.0,8347,8278
19852.0,8347,8278
19857.0,8347,8276
19862.0,8348,8278
19868.0,8347,8275
19873.0,8348,8277
19878.0,8348,8277
19883.0,8348,8277
19888.0,8348,8277
19893.0,8348,8277
19898.0,8347,8278
19903.0,8348,8276
19908.0,8347,8276
19913.0,8348,8278
19918.0,8348,8277
19923.0,8347,8278
19928.0,8347,8277
19933.0,8347,8278
19938.0,8348,8279
19943.0,8348,8279
19948.0,8347,8276
19954.0,8347,8278
19959.0,8348,8279
19964.0,8348,8278
19969.0,8347,8277
19974.0,8348,8278
19979.0,8348,8276
19984.0,8348,8279
19989.0,8347,8280
19994.0,8347,8277
19999.0,8348,8276
20004.0,8347,8277
20009.0,8348,8277
20014.0,8348,8277
20019.0,8347,8276
20024.0,8347,8278
20030.0,8348,8277
20035.0,8348,8277
20040.0,8347,8278
20045.0,8347,8277
20050.0,8348,8277
20055.0,8348,8278
20060.0,8348,8277
20065.0,8348,8276
20070.0,8347,8277
20075.0,8347,8277
20080.0,8348,8275
20085.0,8348,8277
20090.0,8347,8276
20095.0,8347,8276
20100.0,8348,8275
20105.0,8348,8276
20110.0,8347,8276
20116.0,8347,8277
20121.0,8347,8277
20126.0,8348,8276
20131.0,8347,8277
20136.0,8348,8276
20141.0,8347,8277
20146.0,8347,8276
20151.0,8348,8275
20156.0,8348,8277
20161.0,8348,8278
20166.0,8347,8276
20171.0,8349,8276
20176.0,8347,8277
20181.0,8348,8278
20186.0,8348,8278
20191.0,8348,8277
20196.0,8348,8278
20201.0,8348,8278
20207.0,8347,8278
20212.0,8348,8277
20217.0,8348,8278
20222.0,8348,8277
20227.0,8347,8277
20232.0,8348,8276
20237.0,8349,8276
20242.0,8347,8278
20247.0,8347,8276
20252.0,8348,8277
20257.0,8348,8276
20262.0,8348,8277
20267.0,8348,8277
20272.0,8347,8276
20277.0,8347,8278
20282.0,8348,8278
20287.0,8348,8277
20293.0,8347,8277
20298.0,8348,8277
20303.0,8347,8280
20308.0,8347,8276
20313.0,8347,8276
20318.0,8347,8278
20323.0,8347,8277
20328.0,8348,8275
20333.0,8348,8276
20338.0,8348,8277
20343.0,8348,8275
20348.0,8348,8276
20353.0,8347,8275
20358.0,8348,8277
20363.0,8347,8277
20368.0,8347,8277
20373.0,8348,8276
20379.0,8347,8273
20384.0,8347,8276
20389.0,8348,8276
20394.0,8347,8277
20399.0,8348,8276
20404.0,8347,8279
20409.0,8347,8277
20414.0,8347,8278
20419.0,8348,8278
20424.0,8348,8277
20429.0,8347,8277
20434.0,8347,8277
20439.0,8347,8278
20444.0,8347,8276
20449.0,8347,8276
20454.0,8347,8278
20459.0,8347,8277
20465.0,8348,8278
20470.0,8348,8277
20475.0,8348,8277
20480.0,8348,8276
20485.0,8347,8278
20490.0,8347,8276
20495.0,8348,8275
20500.0,8347,8277
20505.0,8347,8276
20510.0,8348,8277
20515.0,8348,8279
20520.0,8347,8277
20525.0,8347,8277
20530.0,8347,8276
20535.0,8347,8277
20540.0,8348,8277
20545.0,8348,8277
20551.0,8348,8278
20556.0,8347,8277
20561.0,8348,8277
20566.0,8347,8278
20571.0,8347,8278
20576.0,8346,8276
20581.0,8348,8277
20586.0,8347,8276
20591.0,8347,8276
20596.0,8347,8277
20601.0,8348,8276
20606.0,8347,8277
20611.0,8347,8278
20616.0,8347,8278
20621.0,8347,8277
20626.0,8347,8276
20631.0,8348,8275
20637.0,8346,8278
20642.0,8347,8278
20647.0,8346,8275
20652.0,8348,8277
20657.0,8347,8279
20662.0,8346,8277
20667.0,8347,8278
20672.0,8347,8280
20677.0,8346,8278
20682.0,8348,8278
20687.0,8347,8277
20692.0,8347,8278
20697.0,8346,8277
20702.0,8347,8276
20707.0,8347,8276
20712.0,8348,8276
20717.0,8347,8278
20723.0,8347,8277
20728.0,8347,8278
20733.0,8347,8279
20738.0,8348,8277
20743.0,8347,8277
20748.0,8347,8276
20753.0,8347,8276
20758.0,8347,8278
20763.0,8346,8278
20768.0,8347,8278
20773.0,8347,8279
20778.0,8347,8277
20783.0,8346,8278
20788.0,8348,8279
20793.0,8347,8276
20798.0,8347,8276
20803.0,8347,8277
20809.0,8347,8277
20814.0,8347,8277
20819.0,8347,8276
20824.0,8347,8277
20829.0,8347,8278
20834.0,8348,8277
20839.0,8348,8276
20844.0,8347,8277
20849.0,8347,8278
20854.0,8348,8278
20859.0,8346,8276
20864.0,8347,8279
20869.0,8347,8277
20874.0,8347,8278
20879.0,8347,8279
20884.0,8347,8276
20889.0,8346,8278
20895.0,8347,8279
20900.0,8347,8276
20905.0,8347,8277
20910.0,8347,8277
20915.0,8347,8276
20920.0,8347,8276
20925.0,8348,8278
20930.0,8347,8277
20935.0,8347,8276
20940.0,8346,8278
20945.0,8347,8278
20950.0,8348,8276
20955.0,8347,8278
20960.0,8347,8277
20965.0,8347,8278
20970.0,8347,8278
20975.0,8347,8277
20981.0,8347,8278
20986.0,8347,8277
20991.0,8347,8276
20996.0,8346,8277
21001.0,8347,8278
21006.0,8346,8278
21011.0,8347,8278
21016.0,8347,8277
21021.0,8348,8277
21026.0,8347,8277
21031.0,8347,8278
21036.0,8346,8277
21041.0,8348,8277
21046.0,8346,8275
21051.0,8347,8276
21056.0,8347,8276
21061.0,8347,8279
21066.0,8346,8278
21072.0,8347,8276
21077.0,8347,8276
21082.0,8347,8277
21087.0,8347,8275
21092.0,8346,8275
21097.0,8346,8277
21102.0,8347,8276
21107.0,8347,8276
21112.0,8346,8276
21117.0,8347,8277
21122.0,8346,8276
21127.0,8347,8278
21132.0,8347,8278
21137.0,8347,8277
21142.0,8347,8278
21147.0,8347,8277
21152.0,8347,8277
21158.0,8346,8275
21163.0,8346,8276
21168.0,8347,8277
21173.0,8346,8276
21178.0,8346,8277
21183.0,8348,8275
21188.0,8347,8276
21193.0,8346,8276
21198.0,8347,8278
21203.0,8347,8277
21208.0,8347,8276
21213.0,8347,8277
21218.0,8347,8276
21223.0,8347,8277
21228.0,8347,8278
21233.0,8347,8275
21239.0,8346,8277
21244.0,8347,8277
21249.0,8346,8279
21254.0,8347,8277
21259.0,8346,8277
21264.0,8346,8278
21269.0,8346,8278
21274.0,8347,8278
21279.0,8347,8277
21284.0,8346,8277
21289.0,8346,8276
21294.0,8346,8277
21299.0,8347,8277
21304.0,8347,8277
21309.0,8346,8276
21314.0,8346,8275
21319.0,8347,8277
21325.0,8347,8274
21330.0,8347,8276
21335.0,8346,8277
21340.0,8346,8276
21345.0,8346,8277
21350.0,8346,8278
21355.0,8347,8276
21360.0,8346,8276
21365.0,8347,8275
21370.0,8346,8276
21375.0,8346,8277
21380.0,8346,8276
21385.0,8346,8277
21390.0,8346,8276
21395.0,8347,8276
21400.0,8347,8275
21405.0,8346,8279
21411.0,8347,8277
21416.0,8346,8276
21421.0,8347,8277
21426.0,8346,8277
21431.0,8347,8278
21436.0,8346,8277
21441.0,8346,8277
21446.0,8345,8277
21451.0,8346,8276
21456.0,8346,8277
21461.0,8346,8277
21466.0,8346,8276
21471.0,8347,8276
21476.0,8346,8276
21481.0,8345,8276
21486.0,8347,8277
21491.0,8346,8275
21497.0,8346,8279
21502.0,8347,8277
21507.0,8346,8279
21512.0,8346,8277
21517.0,8346,8278
21522.0,8346,8278
21527.0,8347,8279
21532.0,8346,8275
21537.0,8346,8278
21542.0,8346,8279
21547.0,8347,8276
21552.0,8347,8277
21557.0,8345,8278
21562.0,8346,8277
21567.0,8346,8276
21572.0,8346,8278
21577.0,8346,8279
21583.0,8346,8278
21588.0,8346,8279
21593.0,8346,8277
21598.0,8346,8277
21603.0,8347,8277
21608.0,8346,8275
21613.0,8346,8277
21618.0,8346,8277
21623.0,8346,8277
21628.0,8347,8277
21633.0,8346,8276
21638.0,8347,8278
21643.0,8345,8275
21648.0,8346,8277
21653.0,8345,8277
21658.0,8345,8275
21663.0,8346,8277
21669.0,8346,8277
21674.0,8346,8276
21679.0,8346,8276
21684.0,8346,8276
21689.0,8346,8277
21694.0,8346,8276
21699.0,8346,8278
21704.0,8345,8279
21709.0,8346,8278
21714.0,8346,8278
21719.0,8346,8279
21724.0,8347,8276
21729.0,8346,8277
21734.0,8346,8277
21739.0,8346,8276
21744.0,8346,8277
21749.0,8346,8277
21754.0,8346,8278
21760.0,8346,8276
21765.0,8346,8278
21770.0,8346,8277
21775.0,8346,8276
21780.0,8346,8276
21785.0,8345,8276
21790.0,8346,8276
21795.0,8345,8275
21800.0,8345,8277
21805.0,8346,8274
21810.0,8345,8275
21815.0,8345,8274
21820.0,8346,8275
21825.0,8346,8274
21830.0,8346,8274
21835.0,8346,8278
21840.0,8346,8277
21846.0,8346,8277
21851.0,8346,8276
21856.0,8345,8277
21861.0,8345,8276
21866.0,8346,8276
21871.0,8346,8277
21876.0,8345,8277
21881.0,8346,8275
21886.0,8346,8277
21891.0,8347,8276
21896.0,8346,8276
21901.0,8345,8279
21906.0,8346,8278
21911.0,8345,8277
21916.0,8346,8276
21921.0,8346,8275
21926.0,8346,8277
21932.0,8346,8278
21937.0,8345,8275
21942.0,8346,8276
21947.0,8346,8276
21952.0,8345,8277
21957.0,8346,8277
21962.0,8345,8276
21967.0,8345,8276
21972.0,8346,8276
21977.0,8346,8276
21982.0,8345,8277
21987.0,8347,8278
21992.0,8346,8278
21997.0,8346,8279
22002.0,8346,8278
22007.0,8346,8277
22012.0,8345,8278
22018.0,8345,8276
22023.0,8346,8277
22028.0,8345,8279
22033.0,8345,8277
22038.0,8346,8276
22043.0,8346,8276
22048.0,8345,8277
22053.0,8345,8278
22058.0,8346,8278
22063.0,8346,8277
22068.0,8345,8277
22073.0,8345,8279
22078.0,8346,8276
22083.0,8345,8276
22088.0,8346,8276
22093.0,8346,8277
22098.0,8346,8278
22104.0,8345,8276
22109.0,8345,8277
22114.0,8346,8276
22119.0,8346,8278
22124.0,8346,8278
22129.0,8345,8279
22134.0,8345,8277
22139.0,8345,8278
22144.0,8345,8278
22149.0,8345,8276
22154.0,8345,8278
22159.0,8345,8278
22164.0,8345,8277
22169.0,8346,8276
22174.0,8344,8278
22179.0,8346,8276
22184.0,8346,8277
22190.0,8346,8276
22195.0,8345,8278
22200.0,8345,8276
22205.0,8345,8277
22210.0,8345,8276
22215.0,8345,8277
22220.0,8346,8276
22225.0,8345,8277
22230.0,8346,8279
22235.0,8345,8278
22240.0,8346,8279
22245.0,8344,8277
22250.0,8346,8280
22255.0,8344,8278
22260.0,8345,8279
22265.0,8345,8277
22270.0,8346,8277
22276.0,8345,8277
22281.0,8345,8277
22286.0,8345,8277
22291.0,8345,8276
22296.0,8345,8276
22301.0,8345,8277
22306.0,8345,8277
22311.0,8345,8277
22316.0,8345,8278
22321.0,8345,8277
22326.0,8346,8276
22331.0,8345,8278
22336.0,8345,8276
22341.0,8346,8276
22346.0,8345,8275
22351.0,8345,8278
22356.0,8345,8278
22362.0,8346,8279
22367.0,8345,8277
22372.0,8346,8278
22377.0,8346,8277
22382.0,8345,8277
22387.0,8346,8278
22392.0,8345,8278
22397.0,8345,8278
22402.0,8345,8276
22407.0,8346,8277
22412.0,8345,8276
22417.0,8346,8277
22422.0,8345,8277
22427.0,8346,8275
22432.0,8345,8279
22437.0,8345,8278
22443.0,8345,8276
22448.0,8345,8277
22453.0,8346,8277
22458.0,8346,8277
22463.0,8346,8277
22468.0,8345,8278
22473.0,8346,8278
22478.0,8346,8276
22483.0,8345,8277
22488.0,8346,8277
22493.0,8345,8276
22498.0,8345,8277
22503.0,8345,8276
22508.0,8345,8277
22513.0,8346,8277
22518.0,8346,8277
22523.0,8344,8277
22529.0,8344,8277
22534.0,8345,8278
22539.0,8345,8276
22544.0,8345,8276
22549.0,8345,8277
22554.0,8345,8276
22559.0,8346,8277
22564.0,8345,8279
22569.0,8344,8278
22574.0,8346,8276
22579.0,8346,8278
22584.0,8346,8278
22589.0,8346,8276
22594.0,8345,8277
22599.0,8345,8278
22604.0,8346,8275
22609.0,8345,8276
22615.0,8345,8278
22620.0,8345,8276
22625.0,8345,8276
22630.0,8345,8278
22635.0,8345,8276
22640.0,8346,8276
22645.0,8346,8275
22650.0,8346,8276
22655.0,8346,8275
22660.0,8347,8278
22665.0,8346,8278
22670.0,8346,8276
22675.0,8346,8279
22680.0,8346,8277
22685.0,8346,8278
22690.0,8346,8278
22695.0,8346,8277
22700.0,8346,8277
22706.0,8346,8278
22711.0,8347,8277
22716.0,8347,8277
22721.0,8347,8277
22726.0,8346,8276
22731.0,8347,8276
22736.0,8347,8276
22741.0,8347,8278
22746.0,8347,8278
22751.0,8346,8280
22756.0,8346,8277
22761.0,8347,8277
22766.0,8346,8277
22771.0,8347,8278
22776.0,8347,8278
22781.0,8346,8278
22786.0,8346,8276
22792.0,8346,8278
22797.0,8346,8277
22802.0,8346,8278
22807.0,8346,8278
22812.0,8347,8276
22817.0,8346,8277
22822.0,8347,8276
22827.0,8347,8276
22832.0,8346,8277
22837.0,8347,8276
22842.0,8347,8277
22847.0,8346,8276
22852.0,8347,8277
22857.0,8347,8276
22862.0,8347,8277
22867.0,8346,8277
22872.0,8347,8278
22878.0,8347,8277
22883.0,8347,8278
22888.0,8346,8278
22893.0,8347,8276
22898.0,8347,8278
22903.0,8347,8278
22908.0,8347,8278
22913.0,8346,8278
22918.0,8346,8277
22923.0,8346,8277
22928.0,8346,8276
22933.0,8346,8276
22938.0,8346,8278
22943.0,8347,8277
22948.0,8345,8277
22953.0,8347,8279
22958.0,8346,8277
22964.0,8345,8277
22969.0,8347,8279
22974.0,8346,8278
22979.0,8346,8275
22984.0,8346,8278
22989.0,8347,8278
22994.0,8346,8277
22999.0,8346,8278
23004.0,8346,8278
23009.0,8345,8279
23014.0,8346,8277
23019.0,8346,8280
23024.0,8346,8277
23029.0,8346,8277
23034.0,8345,8275
23039.0,8345,8276
23044.0,8345,8277
23050.0,8345,8277
23055.0,8346,8277
23060.0,8346,8277
23065.0,8345,8277
23070.0,8345,8278
23075.0,8345,8275
23080.0,8346,8277
23085.0,8346,8277
23090.0,8345,8277
23095.0,8346,8276
23100.0,8345,8279
23105.0,8346,8278
23110.0,8346,8277
23115.0,8345,8278
23120.0,8345,8277
23125.0,8345,8276
23130.0,8345,8279
23136.0,8346,8278
23141.0,8345,8277
23146.0,8345,8277
23151.0,8344,8278
23156.0,8345,8277
23161.0,8345,8278
23166.0,8345,8277
23171.0,8344,8278
23176.0,8344,8277
23181.0,8344,8278
23186.0,8345,8277
23191.0,8344,8277
23196.0,8345,8278
23201.0,8345,8277
23206.0,8345,8276
23211.0,8344,8276
23216.0,8344,8278
23222.0,8345,8278
23227.0,8345,8277
23232.0,8345,8277
23237.0,8345,8278
23242.0,8345,8275
23247.0,8345,8277
23252.0,8344,8278
23257.0,8345,8276
23262.0,8345,8276
23267.0,8344,8276
23272.0,8345,8277
23277.0,8345,8277
23282.0,8344,8276
23287.0,8344,8277
23292.0,8344,8279
23297.0,8344,8277
23302.0,8344,8277
23308.0,8344,8278
23313.0,8344,8278
23318.0,8344,8274
23323.0,8344,8276
23328.0,8344,8277
23333.0,8345,8275
23338.0,8345,8277
23343.0,8345,8277
23348.0,8345,8277
23353.0,8345,8278
23358.0,8344,8277
23363.0,8345,8278
23368.0,8344,8277
23373.0,8345,8277
23378.0,8344,8277
23383.0,8345,8277
23388.0,8344,8276
23394.0,8344,8277
23399.0,8344,8277
23404.0,8344,8275
23409.0,8345,8276
23414.0,8344,8277
23419.0,8345,8277
23424.0,8343,8276
23429.0,8344,8278
23434.0,8344,8278
23439.0,8344,8278
23444.0,8345,8278
23449.0,8344,8278
23454.0,8344,8277
23459.0,8344,8279
23464.0,8344,8279
23469.0,8345,8276
23474.0,8344,8277
23480.0,8344,8277
23485.0,8344,8276
23490.0,8344,8277
23495.0,8344,8277
23500.0,8344,8276
23505.0,8344,8277
23510.0,8344,8279
23515.0,8344,8275
23520.0,8345,8277
23525.0,8344,8278
23530.0,8344,8277
23535.0,8344,8277
23540.0,8345,8277
23545.0,8345,8278
23550.0,8345,8277
23555.0,8344,8276
23560.0,8344,8278
23566.0,8345,8278
23571.0,8344,8277
23576.0,8344,8278
23581.0,8345,8277
23586.0,8344,8278
23591.0,8345,8277
23596.0,8345,8277
23601.0,8345,8276
23606.0,8344,8276
23611.0,8344,8277
23616.0,8345,8277
23621.0,8344,8276
23626.0,8345,8277
23631.0,8344,8278
23636.0,8345,8278
23641.0,8344,8277
23647.0,8344,8276
23652.0,8344,8278
23657.0,8344,8279
23662.0,8344,8276
23667.0,8344,8275
23672.0,8344,8278
23677.0,8345,8277
23682.0,8345,8278
23687.0,8344,8279
23692.0,8344,8278
23697.0,8343,8277
23702.0,8344,8277
23707.0,8343,8276
23712.0,8344,8276
23717.0,8344,8278
23722.0,8343,8276
23727.0,8344,8277
23733.0,8344,8279
23738.0,8344,8277
23743.0,8343,8278
23748.0,8344,8278
23753.0,8344,8277
23758.0,8344,8277
23763.0,8343,8280
23768.0,8343,8278
23773.0,8343,8276
23778.0,8343,8276
23783.0,8343,8276
23788.0,8344,8277
23793.0,8343,8278
23798.0,8345,8279
23803.0,8344,8275
23808.0,8344,8275
23813.0,8343,8276
23819.0,8344,8276
23824.0,8344,8278
23829.0,8344,8278
23834.0,8344,8278
23839.0,8344,8278
23844.0,8344,8278
23849.0,8344,8276
23854.0,8344,8275
23859.0,8344,8276
23864.0,8344,8277
23869.0,8344,8276
23874.0,8344,8275
23879.0,8344,8277
23884.0,8344,8276
23889.0,8344,8277
23894.0,8344,8281
23899.0,8344,8278
23905.0,8343,8276
23910.0,8344,8277
23915.0,8344,8278
23920.0,8344,8275
23925.0,8344,8278
23930.0,8343,8278
23935.0,8345,8276
23940.0,8344,8277
23945.0,8344,8277
23950.0,8344,8277
23955.0,8344,8278
23960.0,8344,8277
23965.0,8345,8276
23970.0,8344,8276
23975.0,8344,8277
23980.0,8344,8279
23985.0,8343,8277
23990.0,8344,8277
23996.0,8343,8277
24001.0,8344,8277
24006.0,8343,8277
24011.0,8344,8277
24016.0,8343,8278
24021.0,8344,8279
24026.0,8344,8277
24031.0,8345,8278
24036.0,8343,8279
24041.0,8344,8276
24046.0,8344,8276
24051.0,8344,8278
24056.0,8344,8277
24061.0,8344,8276
24066.0,8344,8279
24071.0,8344,8278
24076.0,8343,8277
24082.0,8343,8277
24087.0,8343,8278
24092.0,8344,8277
24097.0,8343,8277
24102.0,8343,8276
24107.0,8343,8278
24112.0,8343,8277
24117.0,8343,8279
24122.0,8344,8278
24127.0,8343,8277
24132.0,8343,8278
24137.0,8343,8278
24142.0,8343,8276
24147.0,8343,8278
24152.0,8344,8278
24157.0,8344,8278
24162.0,8344,8279
24168.0,8343,8277
24173.0,8343,8278
24178.0,8343,8279
24183.0,8344,8277
24188.0,8344,8278
24193.0,8344,8276
24198.0,8344,8277
24203.0,8344,8276
24208.0,8343,8278
24213.0,8343,8278
24218.0,8343,8276
24223.0,8344,8276
24228.0,8343,8277
24233.0,8344,8277
24238.0,8343,8276
24243.0,8343,8278
24248.0,8344,8277
24254.0,8343,8277
24259.0,8343,8278
24264.0,8344,8276
24269.0,8343,8278
24274.0,8344,8277
24279.0,8344,8277
24284.0,8345,8277
24289.0,8343,8278
24294.0,8343,8277
24299.0,8343,8277
24304.0,8343,8277
24309.0,8343,8278
24314.0,8343,8278
24319.0,8343,8280
24324.0,8344,8280
24329.0,8343,8277
24334.0,8344,8277
24340.0,8343,8277
24345.0,8344,8280
24350.0,8343,8279
24355.0,8344,8278
24360.0,8344,8277
24365.0,8343,8277
24370.0,8344,8278
24375.0,8343,8278
24380.0,8343,8278
24385.0,8345,8276
24390.0,8343,8279
24395.0,8343,8278
24400.0,8343,8278
24405.0,8343,8278
24410.0,8343,8278
24415.0,8344,8277
24420.0,8344,8278
24426.0,8343,8279
24431.0,8344,8277
24436.0,8343,8275
24441.0,8344,8279
24446.0,8343,8280
24451.0,8343,8278
24456.0,8344,8277
24461.0,8343,8277
24466.0,8344,8276
24471.0,8343,8277
24476.0,8343,8278
24481.0,8343,8278
24486.0,8343,8277
24491.0,8343,8278
24496.0,8342,8277
24501.0,8343,8276
24506.0,8343,8277
24512.0,8344,8279
24517.0,8343,8279
24522.0,8343,8277
24527.0,8344,8276
24532.0,8343,8279
24537.0,8344,8279
24542.0,8344,8278
24547.0,8344,8277
24552.0,8344,8276
24557.0,8344,8278
24562.0,8343,8278
24567.0,8344,8277
24572.0,8344,8276
24577.0,8343,8277
24582.0,8344,8278
24587.0,8344,8278
24592.0,8343,8279
24598.0,8344,8279
24603.0,8343,8276
24608.0,8344,8276
24613.0,8343,8276
24618.0,8344,8278
24623.0,8344,8277
24628.0,8344,8279
24633.0,8344,8279
24638.0,8343,8277
24643.0,8344,8279
24648.0,8343,8277
24653.0,8343,8276
24658.0,8343,8277
24663.0,8343,8278
24668.0,8344,8278
24673.0,8343,8277
24678.0,8343,8276
24684.0,8343,8277
24689.0,8343,8279
24694.0,8343,8277
24699.0,8344,8277
24704.0,8343,8278
24709.0,8344,8277
24714.0,8343,8278
24719.0,8344,8278
24724.0,8344,8278
24729.0,8344,8278
24734.0,8343,8277
24739.0,8343,8277
24744.0,8344,8277
24749.0,8344,8277
24754.0,8344,8280
24759.0,8343,8277
24764.0,8344,8277
24770.0,8344,8278
24775.0,8344,8279
24780.0,8343,8276
24785.0,8344,8278
24790.0,8343,8278
24795.0,8343,8279
24800.0,8343,8278
24805.0,8344,8278
24810.0,8343,8278
24815.0,8344,8277
24820.0,8343,8278
24825.0,8343,8277
24830.0,8343,8279
24835.0,8343,8277
24840.0,8344,8276
24845.0,8344,8278
24851.0,8343,8278
24856.0,8343,8278
24861.0,8343,8277
24866.0,8343,8276
24871.0,8343,8277
24876.0,8343,8279
24881.0,8344,8278
24886.0,8343,8278
24891.0,8343,8277
24896.0,8343,8279
24901.0,8344,8277
24906.0,8343,8278
24911.0,8343,8279
24916.0,8343,8276
24921.0,8343,8279
24926.0,8343,8280
24931.0,8344,8277
24937.0,8343,8277
24942.0,8343,8277
24947.0,8343,8276
24952.0,8343,8277
24957.0,8343,8278
24962.0,8343,8277
24967.0,8343,8280
24972.0,8343,8279
24977.0,8344,8277
24982.0,8344,8277
24987.0,8342,8277
24992.0,8343,8275
24997.0,8343,8278
25002.0,8343,8279
25007.0,8342,8278
25012.0,8342,8277
25017.0,8342,8276
25023.0,8343,8277
25028.0,8343,8275
25033.0,8343,8276
25038.0,8343,8277
25043.0,8344,8278
25048.0,8343,8279
25053.0,8343,8279
25058.0,8343,8277
25063.0,8342,8277
25068.0,8343,8278
25073.0,8342,8278
25078.0,8342,8277
25083.0,8343,8278
25088.0,8343,8276
25093.0,8342,8276
25098.0,8343,8276
25103.0,8342,8277
25109.0,8343,8278
25114.0,8343,8278
25119.0,8344,8279
25124.0,8343,8279
25129.0,8344,8276
25134.0,8343,8276
25139.0,8343,8278
25144.0,8343,8278
25149.0,8342,8278
25154.0,8343,8278
25159.0,8344,8276
25164.0,8343,8277
25169.0,8343,8278
25174.0,8342,8278
25179.0,8343,8277
25184.0,8343,8278
25189.0,8344,8278
25195.0,8343,8276
25200.0,8343,8276
25205.0,8343,8277
25210.0,8344,8279
25215.0,8343,8277
25220.0,8344,8276
25225.0,8343,8277
25230.0,8343,8278
25235.0,8343,8277
25240.0,8343,8277
25245.0,8344,8279
25250.0,8343,8276
25255.0,8344,8277
25260.0,8344,8278
25265.0,8343,8278
